model,model_id,revision,case_id,variant_id,service_family,surface_form,evidence_state,target_disposition,condition,parser_mode,predicted_disposition,reply_characters,reply_words,unsupported_identifier_count,disposition_correct,clause_correct,evidence_correct,fully_grounded,schema_valid,strict_format,failure_to_correct,false_eligibility,appropriate_information_request,appropriate_human_review,changed_disposition,corrective_update,harmful_update,preliminary_correct
Qwen3-4B,mlx-community/Qwen3-4B-Instruct-2507-4bit,50d427756c6b1b2fe0c0a10f67fbda1fc8e82c1b,family_contact-valid-1,family_contact-valid-1--policy_first,family_contact,policy_first,valid,ELIGIBLE,independent_review,strict,ELIGIBLE,152,22,0,1,1,1,1,1,1,0,0,0,0,,,,
Qwen3-4B,mlx-community/Qwen3-4B-Instruct-2507-4bit,50d427756c6b1b2fe0c0a10f67fbda1fc8e82c1b,family_contact-valid-1,family_contact-valid-1--policy_first,family_contact,policy_first,valid,ELIGIBLE,prior_rationale,strict,ELIGIBLE,158,23,0,1,1,1,1,1,1,0,0,0,0,,,,
Qwen3-4B,mlx-community/Qwen3-4B-Instruct-2507-4bit,50d427756c6b1b2fe0c0a10f67fbda1fc8e82c1b,family_contact-valid-1,family_contact-valid-1--policy_first,family_contact,policy_first,valid,ELIGIBLE,evidence_checklist,strict,ELIGIBLE,159,24,0,1,1,1,1,1,1,0,0,0,0,,,,
Qwen3-4B,mlx-community/Qwen3-4B-Instruct-2507-4bit,50d427756c6b1b2fe0c0a10f67fbda1fc8e82c1b,family_contact-valid-1,family_contact-valid-1--policy_first,family_contact,policy_first,valid,ELIGIBLE,commit_then_review,strict,ELIGIBLE,152,22,0,1,1,1,1,1,1,0,0,0,0,0,0,0,1
Qwen3-4B,mlx-community/Qwen3-4B-Instruct-2507-4bit,50d427756c6b1b2fe0c0a10f67fbda1fc8e82c1b,family_contact-valid-1,family_contact-valid-1--record_first,family_contact,record_first,valid,ELIGIBLE,independent_review,strict,ELIGIBLE,167,25,0,1,1,1,1,1,1,0,0,0,0,,,,
Qwen3-4B,mlx-community/Qwen3-4B-Instruct-2507-4bit,50d427756c6b1b2fe0c0a10f67fbda1fc8e82c1b,family_contact-valid-1,family_contact-valid-1--record_first,family_contact,record_first,valid,ELIGIBLE,prior_rationale,strict,ELIGIBLE,168,24,0,1,1,1,1,1,1,0,0,0,0,,,,
Qwen3-4B,mlx-community/Qwen3-4B-Instruct-2507-4bit,50d427756c6b1b2fe0c0a10f67fbda1fc8e82c1b,family_contact-valid-1,family_contact-valid-1--record_first,family_contact,record_first,valid,ELIGIBLE,evidence_checklist,strict,ELIGIBLE,149,23,0,1,1,1,1,1,1,0,0,0,0,,,,
Qwen3-4B,mlx-community/Qwen3-4B-Instruct-2507-4bit,50d427756c6b1b2fe0c0a10f67fbda1fc8e82c1b,family_contact-valid-1,family_contact-valid-1--record_first,family_contact,record_first,valid,ELIGIBLE,commit_then_review,strict,ELIGIBLE,167,25,0,1,1,1,1,1,1,0,0,0,0,0,0,0,1
Qwen3-4B,mlx-community/Qwen3-4B-Instruct-2507-4bit,50d427756c6b1b2fe0c0a10f67fbda1fc8e82c1b,family_contact-valid-2,family_contact-valid-2--policy_first,family_contact,policy_first,valid,ELIGIBLE,independent_review,strict,ELIGIBLE,152,22,0,1,1,1,1,1,1,0,0,0,0,,,,
Qwen3-4B,mlx-community/Qwen3-4B-Instruct-2507-4bit,50d427756c6b1b2fe0c0a10f67fbda1fc8e82c1b,family_contact-valid-2,family_contact-valid-2--policy_first,family_contact,policy_first,valid,ELIGIBLE,prior_rationale,strict,ELIGIBLE,161,23,0,1,1,1,1,1,1,0,0,0,0,,,,
Qwen3-4B,mlx-community/Qwen3-4B-Instruct-2507-4bit,50d427756c6b1b2fe0c0a10f67fbda1fc8e82c1b,family_contact-valid-2,family_contact-valid-2--policy_first,family_contact,policy_first,valid,ELIGIBLE,evidence_checklist,strict,ELIGIBLE,159,24,0,1,1,1,1,1,1,0,0,0,0,,,,
Qwen3-4B,mlx-community/Qwen3-4B-Instruct-2507-4bit,50d427756c6b1b2fe0c0a10f67fbda1fc8e82c1b,family_contact-valid-2,family_contact-valid-2--policy_first,family_contact,policy_first,valid,ELIGIBLE,commit_then_review,strict,ELIGIBLE,166,25,0,1,1,1,1,1,1,0,0,0,0,0,0,0,1
Qwen3-4B,mlx-community/Qwen3-4B-Instruct-2507-4bit,50d427756c6b1b2fe0c0a10f67fbda1fc8e82c1b,family_contact-valid-2,family_contact-valid-2--record_first,family_contact,record_first,valid,ELIGIBLE,independent_review,strict,ELIGIBLE,167,25,0,1,1,1,1,1,1,0,0,0,0,,,,
Qwen3-4B,mlx-community/Qwen3-4B-Instruct-2507-4bit,50d427756c6b1b2fe0c0a10f67fbda1fc8e82c1b,family_contact-valid-2,family_contact-valid-2--record_first,family_contact,record_first,valid,ELIGIBLE,prior_rationale,strict,ELIGIBLE,205,32,0,1,1,1,1,1,1,0,0,0,0,,,,
Qwen3-4B,mlx-community/Qwen3-4B-Instruct-2507-4bit,50d427756c6b1b2fe0c0a10f67fbda1fc8e82c1b,family_contact-valid-2,family_contact-valid-2--record_first,family_contact,record_first,valid,ELIGIBLE,evidence_checklist,strict,ELIGIBLE,147,23,0,1,1,1,1,1,1,0,0,0,0,,,,
Qwen3-4B,mlx-community/Qwen3-4B-Instruct-2507-4bit,50d427756c6b1b2fe0c0a10f67fbda1fc8e82c1b,family_contact-valid-2,family_contact-valid-2--record_first,family_contact,record_first,valid,ELIGIBLE,commit_then_review,strict,ELIGIBLE,167,25,0,1,1,1,1,1,1,0,0,0,0,0,0,0,1
Qwen3-4B,mlx-community/Qwen3-4B-Instruct-2507-4bit,50d427756c6b1b2fe0c0a10f67fbda1fc8e82c1b,family_contact-valid-3,family_contact-valid-3--policy_first,family_contact,policy_first,valid,ELIGIBLE,independent_review,strict,ELIGIBLE,152,22,0,1,1,1,1,1,1,0,0,0,0,,,,
Qwen3-4B,mlx-community/Qwen3-4B-Instruct-2507-4bit,50d427756c6b1b2fe0c0a10f67fbda1fc8e82c1b,family_contact-valid-3,family_contact-valid-3--policy_first,family_contact,policy_first,valid,ELIGIBLE,prior_rationale,strict,ELIGIBLE,166,24,0,1,1,1,1,1,1,0,0,0,0,,,,
Qwen3-4B,mlx-community/Qwen3-4B-Instruct-2507-4bit,50d427756c6b1b2fe0c0a10f67fbda1fc8e82c1b,family_contact-valid-3,family_contact-valid-3--policy_first,family_contact,policy_first,valid,ELIGIBLE,evidence_checklist,strict,ELIGIBLE,159,24,0,1,1,1,1,1,1,0,0,0,0,,,,
Qwen3-4B,mlx-community/Qwen3-4B-Instruct-2507-4bit,50d427756c6b1b2fe0c0a10f67fbda1fc8e82c1b,family_contact-valid-3,family_contact-valid-3--policy_first,family_contact,policy_first,valid,ELIGIBLE,commit_then_review,strict,ELIGIBLE,152,22,0,1,1,1,1,1,1,0,0,0,0,0,0,0,1
Qwen3-4B,mlx-community/Qwen3-4B-Instruct-2507-4bit,50d427756c6b1b2fe0c0a10f67fbda1fc8e82c1b,family_contact-valid-3,family_contact-valid-3--record_first,family_contact,record_first,valid,ELIGIBLE,independent_review,strict,ELIGIBLE,167,25,0,1,1,1,1,1,1,0,0,0,0,,,,
Qwen3-4B,mlx-community/Qwen3-4B-Instruct-2507-4bit,50d427756c6b1b2fe0c0a10f67fbda1fc8e82c1b,family_contact-valid-3,family_contact-valid-3--record_first,family_contact,record_first,valid,ELIGIBLE,prior_rationale,strict,ELIGIBLE,173,25,0,1,1,1,1,1,1,0,0,0,0,,,,
Qwen3-4B,mlx-community/Qwen3-4B-Instruct-2507-4bit,50d427756c6b1b2fe0c0a10f67fbda1fc8e82c1b,family_contact-valid-3,family_contact-valid-3--record_first,family_contact,record_first,valid,ELIGIBLE,evidence_checklist,strict,ELIGIBLE,147,23,0,1,1,1,1,1,1,0,0,0,0,,,,
Qwen3-4B,mlx-community/Qwen3-4B-Instruct-2507-4bit,50d427756c6b1b2fe0c0a10f67fbda1fc8e82c1b,family_contact-valid-3,family_contact-valid-3--record_first,family_contact,record_first,valid,ELIGIBLE,commit_then_review,strict,ELIGIBLE,167,25,0,1,1,1,1,1,1,0,0,0,0,0,0,0,1
Qwen3-4B,mlx-community/Qwen3-4B-Instruct-2507-4bit,50d427756c6b1b2fe0c0a10f67fbda1fc8e82c1b,family_contact-invalid-1,family_contact-invalid-1--policy_first,family_contact,policy_first,invalid,INELIGIBLE,independent_review,strict,ELIGIBLE,298,50,0,0,0,1,0,1,1,0,1,0,0,,,,
Qwen3-4B,mlx-community/Qwen3-4B-Instruct-2507-4bit,50d427756c6b1b2fe0c0a10f67fbda1fc8e82c1b,family_contact-invalid-1,family_contact-invalid-1--policy_first,family_contact,policy_first,invalid,INELIGIBLE,prior_rationale,strict,ELIGIBLE,327,56,0,0,0,1,0,1,1,0,1,0,0,,,,
Qwen3-4B,mlx-community/Qwen3-4B-Instruct-2507-4bit,50d427756c6b1b2fe0c0a10f67fbda1fc8e82c1b,family_contact-invalid-1,family_contact-invalid-1--policy_first,family_contact,policy_first,invalid,INELIGIBLE,evidence_checklist,strict,ELIGIBLE,282,46,0,0,0,1,0,1,1,0,1,0,0,,,,
Qwen3-4B,mlx-community/Qwen3-4B-Instruct-2507-4bit,50d427756c6b1b2fe0c0a10f67fbda1fc8e82c1b,family_contact-invalid-1,family_contact-invalid-1--policy_first,family_contact,policy_first,invalid,INELIGIBLE,commit_then_review,strict,ELIGIBLE,389,64,0,0,0,1,0,1,1,0,1,0,0,0,0,0,0
Qwen3-4B,mlx-community/Qwen3-4B-Instruct-2507-4bit,50d427756c6b1b2fe0c0a10f67fbda1fc8e82c1b,family_contact-invalid-1,family_contact-invalid-1--record_first,family_contact,record_first,invalid,INELIGIBLE,independent_review,strict,ELIGIBLE,311,52,0,0,0,1,0,1,1,0,1,0,0,,,,
Qwen3-4B,mlx-community/Qwen3-4B-Instruct-2507-4bit,50d427756c6b1b2fe0c0a10f67fbda1fc8e82c1b,family_contact-invalid-1,family_contact-invalid-1--record_first,family_contact,record_first,invalid,INELIGIBLE,prior_rationale,strict,ELIGIBLE,269,46,0,0,0,1,0,1,1,0,1,0,0,,,,
Qwen3-4B,mlx-community/Qwen3-4B-Instruct-2507-4bit,50d427756c6b1b2fe0c0a10f67fbda1fc8e82c1b,family_contact-invalid-1,family_contact-invalid-1--record_first,family_contact,record_first,invalid,INELIGIBLE,evidence_checklist,strict,ELIGIBLE,438,68,0,0,0,1,0,1,1,0,1,0,0,,,,
Qwen3-4B,mlx-community/Qwen3-4B-Instruct-2507-4bit,50d427756c6b1b2fe0c0a10f67fbda1fc8e82c1b,family_contact-invalid-1,family_contact-invalid-1--record_first,family_contact,record_first,invalid,INELIGIBLE,commit_then_review,strict,ELIGIBLE,311,53,0,0,0,1,0,1,1,0,1,0,0,0,0,0,0
Qwen3-4B,mlx-community/Qwen3-4B-Instruct-2507-4bit,50d427756c6b1b2fe0c0a10f67fbda1fc8e82c1b,family_contact-invalid-2,family_contact-invalid-2--policy_first,family_contact,policy_first,invalid,INELIGIBLE,independent_review,strict,ELIGIBLE,421,66,0,0,0,1,0,1,1,0,1,0,0,,,,
Qwen3-4B,mlx-community/Qwen3-4B-Instruct-2507-4bit,50d427756c6b1b2fe0c0a10f67fbda1fc8e82c1b,family_contact-invalid-2,family_contact-invalid-2--policy_first,family_contact,policy_first,invalid,INELIGIBLE,prior_rationale,strict,ELIGIBLE,633,100,0,0,0,1,0,1,1,0,1,0,0,,,,
Qwen3-4B,mlx-community/Qwen3-4B-Instruct-2507-4bit,50d427756c6b1b2fe0c0a10f67fbda1fc8e82c1b,family_contact-invalid-2,family_contact-invalid-2--policy_first,family_contact,policy_first,invalid,INELIGIBLE,evidence_checklist,strict,ELIGIBLE,316,55,0,0,0,1,0,1,1,0,1,0,0,,,,
Qwen3-4B,mlx-community/Qwen3-4B-Instruct-2507-4bit,50d427756c6b1b2fe0c0a10f67fbda1fc8e82c1b,family_contact-invalid-2,family_contact-invalid-2--policy_first,family_contact,policy_first,invalid,INELIGIBLE,commit_then_review,strict,ELIGIBLE,575,94,0,0,0,1,0,1,1,0,1,0,0,0,0,0,0
Qwen3-4B,mlx-community/Qwen3-4B-Instruct-2507-4bit,50d427756c6b1b2fe0c0a10f67fbda1fc8e82c1b,family_contact-invalid-2,family_contact-invalid-2--record_first,family_contact,record_first,invalid,INELIGIBLE,independent_review,strict,ELIGIBLE,488,79,0,0,0,1,0,1,1,0,1,0,0,,,,
Qwen3-4B,mlx-community/Qwen3-4B-Instruct-2507-4bit,50d427756c6b1b2fe0c0a10f67fbda1fc8e82c1b,family_contact-invalid-2,family_contact-invalid-2--record_first,family_contact,record_first,invalid,INELIGIBLE,prior_rationale,strict,ELIGIBLE,532,82,0,0,0,1,0,1,1,0,1,0,0,,,,
Qwen3-4B,mlx-community/Qwen3-4B-Instruct-2507-4bit,50d427756c6b1b2fe0c0a10f67fbda1fc8e82c1b,family_contact-invalid-2,family_contact-invalid-2--record_first,family_contact,record_first,invalid,INELIGIBLE,evidence_checklist,strict,ELIGIBLE,383,62,0,0,0,1,0,1,1,0,1,0,0,,,,
Qwen3-4B,mlx-community/Qwen3-4B-Instruct-2507-4bit,50d427756c6b1b2fe0c0a10f67fbda1fc8e82c1b,family_contact-invalid-2,family_contact-invalid-2--record_first,family_contact,record_first,invalid,INELIGIBLE,commit_then_review,strict,ELIGIBLE,508,82,0,0,0,1,0,1,1,0,1,0,0,0,0,0,0
Qwen3-4B,mlx-community/Qwen3-4B-Instruct-2507-4bit,50d427756c6b1b2fe0c0a10f67fbda1fc8e82c1b,family_contact-invalid-3,family_contact-invalid-3--policy_first,family_contact,policy_first,invalid,INELIGIBLE,independent_review,strict,ELIGIBLE,382,63,0,0,0,1,0,1,1,0,1,0,0,,,,
Qwen3-4B,mlx-community/Qwen3-4B-Instruct-2507-4bit,50d427756c6b1b2fe0c0a10f67fbda1fc8e82c1b,family_contact-invalid-3,family_contact-invalid-3--policy_first,family_contact,policy_first,invalid,INELIGIBLE,prior_rationale,strict,ELIGIBLE,309,47,0,0,0,1,0,1,1,0,1,0,0,,,,
Qwen3-4B,mlx-community/Qwen3-4B-Instruct-2507-4bit,50d427756c6b1b2fe0c0a10f67fbda1fc8e82c1b,family_contact-invalid-3,family_contact-invalid-3--policy_first,family_contact,policy_first,invalid,INELIGIBLE,evidence_checklist,unparsed,,0,0,0,0,0,0,0,0,0,0,0,0,0,,,,
Qwen3-4B,mlx-community/Qwen3-4B-Instruct-2507-4bit,50d427756c6b1b2fe0c0a10f67fbda1fc8e82c1b,family_contact-invalid-3,family_contact-invalid-3--policy_first,family_contact,policy_first,invalid,INELIGIBLE,commit_then_review,strict,ELIGIBLE,413,66,0,0,0,1,0,1,1,0,1,0,0,0,0,0,0
Qwen3-4B,mlx-community/Qwen3-4B-Instruct-2507-4bit,50d427756c6b1b2fe0c0a10f67fbda1fc8e82c1b,family_contact-invalid-3,family_contact-invalid-3--record_first,family_contact,record_first,invalid,INELIGIBLE,independent_review,strict,ELIGIBLE,147,22,0,0,0,1,0,1,1,0,1,0,0,,,,
Qwen3-4B,mlx-community/Qwen3-4B-Instruct-2507-4bit,50d427756c6b1b2fe0c0a10f67fbda1fc8e82c1b,family_contact-invalid-3,family_contact-invalid-3--record_first,family_contact,record_first,invalid,INELIGIBLE,prior_rationale,strict,ELIGIBLE,313,52,0,0,0,1,0,1,1,0,1,0,0,,,,
Qwen3-4B,mlx-community/Qwen3-4B-Instruct-2507-4bit,50d427756c6b1b2fe0c0a10f67fbda1fc8e82c1b,family_contact-invalid-3,family_contact-invalid-3--record_first,family_contact,record_first,invalid,INELIGIBLE,evidence_checklist,strict,ELIGIBLE,314,48,0,0,0,1,0,1,1,0,1,0,0,,,,
Qwen3-4B,mlx-community/Qwen3-4B-Instruct-2507-4bit,50d427756c6b1b2fe0c0a10f67fbda1fc8e82c1b,family_contact-invalid-3,family_contact-invalid-3--record_first,family_contact,record_first,invalid,INELIGIBLE,commit_then_review,strict,ELIGIBLE,147,22,0,0,0,1,0,1,1,0,1,0,0,0,0,0,0
Qwen3-4B,mlx-community/Qwen3-4B-Instruct-2507-4bit,50d427756c6b1b2fe0c0a10f67fbda1fc8e82c1b,family_contact-incomplete-1,family_contact-incomplete-1--policy_first,family_contact,policy_first,incomplete,NEED_INFORMATION,independent_review,strict,ELIGIBLE,280,43,0,0,0,1,0,1,1,0,0,0,0,,,,
Qwen3-4B,mlx-community/Qwen3-4B-Instruct-2507-4bit,50d427756c6b1b2fe0c0a10f67fbda1fc8e82c1b,family_contact-incomplete-1,family_contact-incomplete-1--policy_first,family_contact,policy_first,incomplete,NEED_INFORMATION,prior_rationale,strict,ELIGIBLE,253,38,0,0,0,1,0,1,1,0,0,0,0,,,,
Qwen3-4B,mlx-community/Qwen3-4B-Instruct-2507-4bit,50d427756c6b1b2fe0c0a10f67fbda1fc8e82c1b,family_contact-incomplete-1,family_contact-incomplete-1--policy_first,family_contact,policy_first,incomplete,NEED_INFORMATION,evidence_checklist,strict,ELIGIBLE,367,57,0,0,0,1,0,1,1,0,0,0,0,,,,
Qwen3-4B,mlx-community/Qwen3-4B-Instruct-2507-4bit,50d427756c6b1b2fe0c0a10f67fbda1fc8e82c1b,family_contact-incomplete-1,family_contact-incomplete-1--policy_first,family_contact,policy_first,incomplete,NEED_INFORMATION,commit_then_review,strict,ELIGIBLE,280,43,0,0,0,1,0,1,1,0,0,0,0,0,0,0,0
Qwen3-4B,mlx-community/Qwen3-4B-Instruct-2507-4bit,50d427756c6b1b2fe0c0a10f67fbda1fc8e82c1b,family_contact-incomplete-1,family_contact-incomplete-1--record_first,family_contact,record_first,incomplete,NEED_INFORMATION,independent_review,strict,ELIGIBLE,154,22,0,0,0,1,0,1,1,0,0,0,0,,,,
Qwen3-4B,mlx-community/Qwen3-4B-Instruct-2507-4bit,50d427756c6b1b2fe0c0a10f67fbda1fc8e82c1b,family_contact-incomplete-1,family_contact-incomplete-1--record_first,family_contact,record_first,incomplete,NEED_INFORMATION,prior_rationale,strict,ELIGIBLE,206,30,0,0,0,1,0,1,1,0,0,0,0,,,,
Qwen3-4B,mlx-community/Qwen3-4B-Instruct-2507-4bit,50d427756c6b1b2fe0c0a10f67fbda1fc8e82c1b,family_contact-incomplete-1,family_contact-incomplete-1--record_first,family_contact,record_first,incomplete,NEED_INFORMATION,evidence_checklist,strict,ELIGIBLE,142,21,0,0,0,1,0,1,1,0,0,0,0,,,,
Qwen3-4B,mlx-community/Qwen3-4B-Instruct-2507-4bit,50d427756c6b1b2fe0c0a10f67fbda1fc8e82c1b,family_contact-incomplete-1,family_contact-incomplete-1--record_first,family_contact,record_first,incomplete,NEED_INFORMATION,commit_then_review,strict,ELIGIBLE,356,54,0,0,0,1,0,1,1,0,0,0,0,0,0,0,0
Qwen3-4B,mlx-community/Qwen3-4B-Instruct-2507-4bit,50d427756c6b1b2fe0c0a10f67fbda1fc8e82c1b,family_contact-incomplete-2,family_contact-incomplete-2--policy_first,family_contact,policy_first,incomplete,NEED_INFORMATION,independent_review,strict,ELIGIBLE,280,43,0,0,0,1,0,1,1,0,0,0,0,,,,
Qwen3-4B,mlx-community/Qwen3-4B-Instruct-2507-4bit,50d427756c6b1b2fe0c0a10f67fbda1fc8e82c1b,family_contact-incomplete-2,family_contact-incomplete-2--policy_first,family_contact,policy_first,incomplete,NEED_INFORMATION,prior_rationale,strict,ELIGIBLE,214,32,0,0,0,1,0,1,1,0,0,0,0,,,,
Qwen3-4B,mlx-community/Qwen3-4B-Instruct-2507-4bit,50d427756c6b1b2fe0c0a10f67fbda1fc8e82c1b,family_contact-incomplete-2,family_contact-incomplete-2--policy_first,family_contact,policy_first,incomplete,NEED_INFORMATION,evidence_checklist,strict,ELIGIBLE,182,27,0,0,0,1,0,1,1,0,0,0,0,,,,
Qwen3-4B,mlx-community/Qwen3-4B-Instruct-2507-4bit,50d427756c6b1b2fe0c0a10f67fbda1fc8e82c1b,family_contact-incomplete-2,family_contact-incomplete-2--policy_first,family_contact,policy_first,incomplete,NEED_INFORMATION,commit_then_review,strict,ELIGIBLE,237,36,0,0,0,1,0,1,1,0,0,0,0,0,0,0,0
Qwen3-4B,mlx-community/Qwen3-4B-Instruct-2507-4bit,50d427756c6b1b2fe0c0a10f67fbda1fc8e82c1b,family_contact-incomplete-2,family_contact-incomplete-2--record_first,family_contact,record_first,incomplete,NEED_INFORMATION,independent_review,strict,ELIGIBLE,156,24,0,0,0,1,0,1,1,0,0,0,0,,,,
Qwen3-4B,mlx-community/Qwen3-4B-Instruct-2507-4bit,50d427756c6b1b2fe0c0a10f67fbda1fc8e82c1b,family_contact-incomplete-2,family_contact-incomplete-2--record_first,family_contact,record_first,incomplete,NEED_INFORMATION,prior_rationale,strict,ELIGIBLE,200,27,0,0,0,1,0,1,1,0,0,0,0,,,,
Qwen3-4B,mlx-community/Qwen3-4B-Instruct-2507-4bit,50d427756c6b1b2fe0c0a10f67fbda1fc8e82c1b,family_contact-incomplete-2,family_contact-incomplete-2--record_first,family_contact,record_first,incomplete,NEED_INFORMATION,evidence_checklist,strict,ELIGIBLE,141,21,0,0,0,1,0,1,1,0,0,0,0,,,,
Qwen3-4B,mlx-community/Qwen3-4B-Instruct-2507-4bit,50d427756c6b1b2fe0c0a10f67fbda1fc8e82c1b,family_contact-incomplete-2,family_contact-incomplete-2--record_first,family_contact,record_first,incomplete,NEED_INFORMATION,commit_then_review,strict,ELIGIBLE,221,33,0,0,0,1,0,1,1,0,0,0,0,0,0,0,0
Qwen3-4B,mlx-community/Qwen3-4B-Instruct-2507-4bit,50d427756c6b1b2fe0c0a10f67fbda1fc8e82c1b,family_contact-incomplete-3,family_contact-incomplete-3--policy_first,family_contact,policy_first,incomplete,NEED_INFORMATION,independent_review,strict,ELIGIBLE,237,36,0,0,0,1,0,1,1,0,0,0,0,,,,
Qwen3-4B,mlx-community/Qwen3-4B-Instruct-2507-4bit,50d427756c6b1b2fe0c0a10f67fbda1fc8e82c1b,family_contact-incomplete-3,family_contact-incomplete-3--policy_first,family_contact,policy_first,incomplete,NEED_INFORMATION,prior_rationale,strict,ELIGIBLE,301,46,0,0,0,1,0,1,1,0,0,0,0,,,,
Qwen3-4B,mlx-community/Qwen3-4B-Instruct-2507-4bit,50d427756c6b1b2fe0c0a10f67fbda1fc8e82c1b,family_contact-incomplete-3,family_contact-incomplete-3--policy_first,family_contact,policy_first,incomplete,NEED_INFORMATION,evidence_checklist,strict,ELIGIBLE,182,27,0,0,0,1,0,1,1,0,0,0,0,,,,
Qwen3-4B,mlx-community/Qwen3-4B-Instruct-2507-4bit,50d427756c6b1b2fe0c0a10f67fbda1fc8e82c1b,family_contact-incomplete-3,family_contact-incomplete-3--policy_first,family_contact,policy_first,incomplete,NEED_INFORMATION,commit_then_review,strict,ELIGIBLE,237,36,0,0,0,1,0,1,1,0,0,0,0,0,0,0,0
Qwen3-4B,mlx-community/Qwen3-4B-Instruct-2507-4bit,50d427756c6b1b2fe0c0a10f67fbda1fc8e82c1b,family_contact-incomplete-3,family_contact-incomplete-3--record_first,family_contact,record_first,incomplete,NEED_INFORMATION,independent_review,strict,ELIGIBLE,156,24,0,0,0,1,0,1,1,0,0,0,0,,,,
Qwen3-4B,mlx-community/Qwen3-4B-Instruct-2507-4bit,50d427756c6b1b2fe0c0a10f67fbda1fc8e82c1b,family_contact-incomplete-3,family_contact-incomplete-3--record_first,family_contact,record_first,incomplete,NEED_INFORMATION,prior_rationale,strict,ELIGIBLE,157,23,0,0,0,1,0,1,1,0,0,0,0,,,,
Qwen3-4B,mlx-community/Qwen3-4B-Instruct-2507-4bit,50d427756c6b1b2fe0c0a10f67fbda1fc8e82c1b,family_contact-incomplete-3,family_contact-incomplete-3--record_first,family_contact,record_first,incomplete,NEED_INFORMATION,evidence_checklist,strict,ELIGIBLE,142,21,0,0,0,1,0,1,1,0,0,0,0,,,,
Qwen3-4B,mlx-community/Qwen3-4B-Instruct-2507-4bit,50d427756c6b1b2fe0c0a10f67fbda1fc8e82c1b,family_contact-incomplete-3,family_contact-incomplete-3--record_first,family_contact,record_first,incomplete,NEED_INFORMATION,commit_then_review,strict,ELIGIBLE,216,32,0,0,0,1,0,1,1,0,0,0,0,0,0,0,0
Qwen3-4B,mlx-community/Qwen3-4B-Instruct-2507-4bit,50d427756c6b1b2fe0c0a10f67fbda1fc8e82c1b,family_contact-conflict-1,family_contact-conflict-1--policy_first,family_contact,policy_first,conflict,HUMAN_REVIEW,independent_review,strict,ELIGIBLE,153,23,0,0,0,0,0,1,1,0,0,0,0,,,,
Qwen3-4B,mlx-community/Qwen3-4B-Instruct-2507-4bit,50d427756c6b1b2fe0c0a10f67fbda1fc8e82c1b,family_contact-conflict-1,family_contact-conflict-1--policy_first,family_contact,policy_first,conflict,HUMAN_REVIEW,prior_rationale,strict,ELIGIBLE,134,19,0,0,0,0,0,1,1,0,0,0,0,,,,
Qwen3-4B,mlx-community/Qwen3-4B-Instruct-2507-4bit,50d427756c6b1b2fe0c0a10f67fbda1fc8e82c1b,family_contact-conflict-1,family_contact-conflict-1--policy_first,family_contact,policy_first,conflict,HUMAN_REVIEW,evidence_checklist,strict,ELIGIBLE,135,19,0,0,0,0,0,1,1,0,0,0,0,,,,
Qwen3-4B,mlx-community/Qwen3-4B-Instruct-2507-4bit,50d427756c6b1b2fe0c0a10f67fbda1fc8e82c1b,family_contact-conflict-1,family_contact-conflict-1--policy_first,family_contact,policy_first,conflict,HUMAN_REVIEW,commit_then_review,strict,ELIGIBLE,153,23,0,0,0,0,0,1,1,0,0,0,0,0,0,0,0
Qwen3-4B,mlx-community/Qwen3-4B-Instruct-2507-4bit,50d427756c6b1b2fe0c0a10f67fbda1fc8e82c1b,family_contact-conflict-1,family_contact-conflict-1--record_first,family_contact,record_first,conflict,HUMAN_REVIEW,independent_review,strict,ELIGIBLE,152,23,0,0,0,0,0,1,1,0,0,0,0,,,,
Qwen3-4B,mlx-community/Qwen3-4B-Instruct-2507-4bit,50d427756c6b1b2fe0c0a10f67fbda1fc8e82c1b,family_contact-conflict-1,family_contact-conflict-1--record_first,family_contact,record_first,conflict,HUMAN_REVIEW,prior_rationale,strict,ELIGIBLE,152,23,0,0,0,0,0,1,1,0,0,0,0,,,,
Qwen3-4B,mlx-community/Qwen3-4B-Instruct-2507-4bit,50d427756c6b1b2fe0c0a10f67fbda1fc8e82c1b,family_contact-conflict-1,family_contact-conflict-1--record_first,family_contact,record_first,conflict,HUMAN_REVIEW,evidence_checklist,strict,ELIGIBLE,118,16,0,0,0,0,0,1,1,0,0,0,0,,,,
Qwen3-4B,mlx-community/Qwen3-4B-Instruct-2507-4bit,50d427756c6b1b2fe0c0a10f67fbda1fc8e82c1b,family_contact-conflict-1,family_contact-conflict-1--record_first,family_contact,record_first,conflict,HUMAN_REVIEW,commit_then_review,strict,ELIGIBLE,152,23,0,0,0,0,0,1,1,0,0,0,0,0,0,0,0
Qwen3-4B,mlx-community/Qwen3-4B-Instruct-2507-4bit,50d427756c6b1b2fe0c0a10f67fbda1fc8e82c1b,family_contact-conflict-2,family_contact-conflict-2--policy_first,family_contact,policy_first,conflict,HUMAN_REVIEW,independent_review,strict,ELIGIBLE,153,23,0,0,0,0,0,1,1,0,0,0,0,,,,
Qwen3-4B,mlx-community/Qwen3-4B-Instruct-2507-4bit,50d427756c6b1b2fe0c0a10f67fbda1fc8e82c1b,family_contact-conflict-2,family_contact-conflict-2--policy_first,family_contact,policy_first,conflict,HUMAN_REVIEW,prior_rationale,strict,ELIGIBLE,134,19,0,0,0,0,0,1,1,0,0,0,0,,,,
Qwen3-4B,mlx-community/Qwen3-4B-Instruct-2507-4bit,50d427756c6b1b2fe0c0a10f67fbda1fc8e82c1b,family_contact-conflict-2,family_contact-conflict-2--policy_first,family_contact,policy_first,conflict,HUMAN_REVIEW,evidence_checklist,strict,ELIGIBLE,135,19,0,0,0,0,0,1,1,0,0,0,0,,,,
Qwen3-4B,mlx-community/Qwen3-4B-Instruct-2507-4bit,50d427756c6b1b2fe0c0a10f67fbda1fc8e82c1b,family_contact-conflict-2,family_contact-conflict-2--policy_first,family_contact,policy_first,conflict,HUMAN_REVIEW,commit_then_review,strict,ELIGIBLE,153,23,0,0,0,0,0,1,1,0,0,0,0,0,0,0,0
Qwen3-4B,mlx-community/Qwen3-4B-Instruct-2507-4bit,50d427756c6b1b2fe0c0a10f67fbda1fc8e82c1b,family_contact-conflict-2,family_contact-conflict-2--record_first,family_contact,record_first,conflict,HUMAN_REVIEW,independent_review,strict,ELIGIBLE,152,23,0,0,0,0,0,1,1,0,0,0,0,,,,
Qwen3-4B,mlx-community/Qwen3-4B-Instruct-2507-4bit,50d427756c6b1b2fe0c0a10f67fbda1fc8e82c1b,family_contact-conflict-2,family_contact-conflict-2--record_first,family_contact,record_first,conflict,HUMAN_REVIEW,prior_rationale,strict,ELIGIBLE,152,23,0,0,0,0,0,1,1,0,0,0,0,,,,
Qwen3-4B,mlx-community/Qwen3-4B-Instruct-2507-4bit,50d427756c6b1b2fe0c0a10f67fbda1fc8e82c1b,family_contact-conflict-2,family_contact-conflict-2--record_first,family_contact,record_first,conflict,HUMAN_REVIEW,evidence_checklist,strict,ELIGIBLE,118,16,0,0,0,0,0,1,1,0,0,0,0,,,,
Qwen3-4B,mlx-community/Qwen3-4B-Instruct-2507-4bit,50d427756c6b1b2fe0c0a10f67fbda1fc8e82c1b,family_contact-conflict-2,family_contact-conflict-2--record_first,family_contact,record_first,conflict,HUMAN_REVIEW,commit_then_review,strict,ELIGIBLE,152,23,0,0,0,0,0,1,1,0,0,0,0,0,0,0,0
Qwen3-4B,mlx-community/Qwen3-4B-Instruct-2507-4bit,50d427756c6b1b2fe0c0a10f67fbda1fc8e82c1b,family_contact-conflict-3,family_contact-conflict-3--policy_first,family_contact,policy_first,conflict,HUMAN_REVIEW,independent_review,strict,ELIGIBLE,159,24,0,0,0,0,0,1,1,0,0,0,0,,,,
Qwen3-4B,mlx-community/Qwen3-4B-Instruct-2507-4bit,50d427756c6b1b2fe0c0a10f67fbda1fc8e82c1b,family_contact-conflict-3,family_contact-conflict-3--policy_first,family_contact,policy_first,conflict,HUMAN_REVIEW,prior_rationale,strict,ELIGIBLE,135,19,0,0,0,0,0,1,1,0,0,0,0,,,,
Qwen3-4B,mlx-community/Qwen3-4B-Instruct-2507-4bit,50d427756c6b1b2fe0c0a10f67fbda1fc8e82c1b,family_contact-conflict-3,family_contact-conflict-3--policy_first,family_contact,policy_first,conflict,HUMAN_REVIEW,evidence_checklist,strict,ELIGIBLE,135,19,0,0,0,0,0,1,1,0,0,0,0,,,,
Qwen3-4B,mlx-community/Qwen3-4B-Instruct-2507-4bit,50d427756c6b1b2fe0c0a10f67fbda1fc8e82c1b,family_contact-conflict-3,family_contact-conflict-3--policy_first,family_contact,policy_first,conflict,HUMAN_REVIEW,commit_then_review,strict,ELIGIBLE,153,23,0,0,0,0,0,1,1,0,0,0,0,0,0,0,0
Qwen3-4B,mlx-community/Qwen3-4B-Instruct-2507-4bit,50d427756c6b1b2fe0c0a10f67fbda1fc8e82c1b,family_contact-conflict-3,family_contact-conflict-3--record_first,family_contact,record_first,conflict,HUMAN_REVIEW,independent_review,strict,ELIGIBLE,150,23,0,0,0,0,0,1,1,0,0,0,0,,,,
Qwen3-4B,mlx-community/Qwen3-4B-Instruct-2507-4bit,50d427756c6b1b2fe0c0a10f67fbda1fc8e82c1b,family_contact-conflict-3,family_contact-conflict-3--record_first,family_contact,record_first,conflict,HUMAN_REVIEW,prior_rationale,strict,ELIGIBLE,152,23,0,0,0,0,0,1,1,0,0,0,0,,,,
Qwen3-4B,mlx-community/Qwen3-4B-Instruct-2507-4bit,50d427756c6b1b2fe0c0a10f67fbda1fc8e82c1b,family_contact-conflict-3,family_contact-conflict-3--record_first,family_contact,record_first,conflict,HUMAN_REVIEW,evidence_checklist,strict,ELIGIBLE,118,16,0,0,0,0,0,1,1,0,0,0,0,,,,
Qwen3-4B,mlx-community/Qwen3-4B-Instruct-2507-4bit,50d427756c6b1b2fe0c0a10f67fbda1fc8e82c1b,family_contact-conflict-3,family_contact-conflict-3--record_first,family_contact,record_first,conflict,HUMAN_REVIEW,commit_then_review,strict,ELIGIBLE,152,23,0,0,0,0,0,1,1,0,0,0,0,0,0,0,0
Qwen3-4B,mlx-community/Qwen3-4B-Instruct-2507-4bit,50d427756c6b1b2fe0c0a10f67fbda1fc8e82c1b,accessible_transport-valid-1,accessible_transport-valid-1--policy_first,accessible_transport,policy_first,valid,ELIGIBLE,independent_review,strict,ELIGIBLE,206,29,0,1,1,1,1,1,1,0,0,0,0,,,,
Qwen3-4B,mlx-community/Qwen3-4B-Instruct-2507-4bit,50d427756c6b1b2fe0c0a10f67fbda1fc8e82c1b,accessible_transport-valid-1,accessible_transport-valid-1--policy_first,accessible_transport,policy_first,valid,ELIGIBLE,prior_rationale,strict,ELIGIBLE,183,26,0,1,1,1,1,1,1,0,0,0,0,,,,
Qwen3-4B,mlx-community/Qwen3-4B-Instruct-2507-4bit,50d427756c6b1b2fe0c0a10f67fbda1fc8e82c1b,accessible_transport-valid-1,accessible_transport-valid-1--policy_first,accessible_transport,policy_first,valid,ELIGIBLE,evidence_checklist,strict,ELIGIBLE,205,29,0,1,1,1,1,1,1,0,0,0,0,,,,
Qwen3-4B,mlx-community/Qwen3-4B-Instruct-2507-4bit,50d427756c6b1b2fe0c0a10f67fbda1fc8e82c1b,accessible_transport-valid-1,accessible_transport-valid-1--policy_first,accessible_transport,policy_first,valid,ELIGIBLE,commit_then_review,strict,ELIGIBLE,206,29,0,1,1,1,1,1,1,0,0,0,0,0,0,0,1
Qwen3-4B,mlx-community/Qwen3-4B-Instruct-2507-4bit,50d427756c6b1b2fe0c0a10f67fbda1fc8e82c1b,accessible_transport-valid-1,accessible_transport-valid-1--record_first,accessible_transport,record_first,valid,ELIGIBLE,independent_review,strict,ELIGIBLE,182,27,0,1,1,1,1,1,1,0,0,0,0,,,,
Qwen3-4B,mlx-community/Qwen3-4B-Instruct-2507-4bit,50d427756c6b1b2fe0c0a10f67fbda1fc8e82c1b,accessible_transport-valid-1,accessible_transport-valid-1--record_first,accessible_transport,record_first,valid,ELIGIBLE,prior_rationale,strict,ELIGIBLE,152,22,0,1,1,1,1,1,1,0,0,0,0,,,,
Qwen3-4B,mlx-community/Qwen3-4B-Instruct-2507-4bit,50d427756c6b1b2fe0c0a10f67fbda1fc8e82c1b,accessible_transport-valid-1,accessible_transport-valid-1--record_first,accessible_transport,record_first,valid,ELIGIBLE,evidence_checklist,strict,ELIGIBLE,160,22,0,1,1,1,1,1,1,0,0,0,0,,,,
Qwen3-4B,mlx-community/Qwen3-4B-Instruct-2507-4bit,50d427756c6b1b2fe0c0a10f67fbda1fc8e82c1b,accessible_transport-valid-1,accessible_transport-valid-1--record_first,accessible_transport,record_first,valid,ELIGIBLE,commit_then_review,strict,ELIGIBLE,182,27,0,1,1,1,1,1,1,0,0,0,0,0,0,0,1
Qwen3-4B,mlx-community/Qwen3-4B-Instruct-2507-4bit,50d427756c6b1b2fe0c0a10f67fbda1fc8e82c1b,accessible_transport-valid-2,accessible_transport-valid-2--policy_first,accessible_transport,policy_first,valid,ELIGIBLE,independent_review,strict,ELIGIBLE,195,29,0,1,1,1,1,1,1,0,0,0,0,,,,
Qwen3-4B,mlx-community/Qwen3-4B-Instruct-2507-4bit,50d427756c6b1b2fe0c0a10f67fbda1fc8e82c1b,accessible_transport-valid-2,accessible_transport-valid-2--policy_first,accessible_transport,policy_first,valid,ELIGIBLE,prior_rationale,strict,ELIGIBLE,183,26,0,1,1,1,1,1,1,0,0,0,0,,,,
Qwen3-4B,mlx-community/Qwen3-4B-Instruct-2507-4bit,50d427756c6b1b2fe0c0a10f67fbda1fc8e82c1b,accessible_transport-valid-2,accessible_transport-valid-2--policy_first,accessible_transport,policy_first,valid,ELIGIBLE,evidence_checklist,strict,ELIGIBLE,169,25,0,1,1,1,1,1,1,0,0,0,0,,,,
Qwen3-4B,mlx-community/Qwen3-4B-Instruct-2507-4bit,50d427756c6b1b2fe0c0a10f67fbda1fc8e82c1b,accessible_transport-valid-2,accessible_transport-valid-2--policy_first,accessible_transport,policy_first,valid,ELIGIBLE,commit_then_review,strict,ELIGIBLE,183,26,0,1,1,1,1,1,1,0,0,0,0,0,0,0,1
Qwen3-4B,mlx-community/Qwen3-4B-Instruct-2507-4bit,50d427756c6b1b2fe0c0a10f67fbda1fc8e82c1b,accessible_transport-valid-2,accessible_transport-valid-2--record_first,accessible_transport,record_first,valid,ELIGIBLE,independent_review,strict,ELIGIBLE,182,27,0,1,1,1,1,1,1,0,0,0,0,,,,
Qwen3-4B,mlx-community/Qwen3-4B-Instruct-2507-4bit,50d427756c6b1b2fe0c0a10f67fbda1fc8e82c1b,accessible_transport-valid-2,accessible_transport-valid-2--record_first,accessible_transport,record_first,valid,ELIGIBLE,prior_rationale,strict,ELIGIBLE,157,23,0,1,1,1,1,1,1,0,0,0,0,,,,
Qwen3-4B,mlx-community/Qwen3-4B-Instruct-2507-4bit,50d427756c6b1b2fe0c0a10f67fbda1fc8e82c1b,accessible_transport-valid-2,accessible_transport-valid-2--record_first,accessible_transport,record_first,valid,ELIGIBLE,evidence_checklist,strict,ELIGIBLE,160,22,0,1,1,1,1,1,1,0,0,0,0,,,,
Qwen3-4B,mlx-community/Qwen3-4B-Instruct-2507-4bit,50d427756c6b1b2fe0c0a10f67fbda1fc8e82c1b,accessible_transport-valid-2,accessible_transport-valid-2--record_first,accessible_transport,record_first,valid,ELIGIBLE,commit_then_review,strict,ELIGIBLE,182,27,0,1,1,1,1,1,1,0,0,0,0,0,0,0,1
Qwen3-4B,mlx-community/Qwen3-4B-Instruct-2507-4bit,50d427756c6b1b2fe0c0a10f67fbda1fc8e82c1b,accessible_transport-valid-3,accessible_transport-valid-3--policy_first,accessible_transport,policy_first,valid,ELIGIBLE,independent_review,strict,ELIGIBLE,206,29,0,1,1,1,1,1,1,0,0,0,0,,,,
Qwen3-4B,mlx-community/Qwen3-4B-Instruct-2507-4bit,50d427756c6b1b2fe0c0a10f67fbda1fc8e82c1b,accessible_transport-valid-3,accessible_transport-valid-3--policy_first,accessible_transport,policy_first,valid,ELIGIBLE,prior_rationale,strict,ELIGIBLE,184,26,0,1,1,1,1,1,1,0,0,0,0,,,,
Qwen3-4B,mlx-community/Qwen3-4B-Instruct-2507-4bit,50d427756c6b1b2fe0c0a10f67fbda1fc8e82c1b,accessible_transport-valid-3,accessible_transport-valid-3--policy_first,accessible_transport,policy_first,valid,ELIGIBLE,evidence_checklist,strict,ELIGIBLE,169,25,0,1,1,1,1,1,1,0,0,0,0,,,,
Qwen3-4B,mlx-community/Qwen3-4B-Instruct-2507-4bit,50d427756c6b1b2fe0c0a10f67fbda1fc8e82c1b,accessible_transport-valid-3,accessible_transport-valid-3--policy_first,accessible_transport,policy_first,valid,ELIGIBLE,commit_then_review,strict,ELIGIBLE,206,29,0,1,1,1,1,1,1,0,0,0,0,0,0,0,1
Qwen3-4B,mlx-community/Qwen3-4B-Instruct-2507-4bit,50d427756c6b1b2fe0c0a10f67fbda1fc8e82c1b,accessible_transport-valid-3,accessible_transport-valid-3--record_first,accessible_transport,record_first,valid,ELIGIBLE,independent_review,strict,ELIGIBLE,182,27,0,1,1,1,1,1,1,0,0,0,0,,,,
Qwen3-4B,mlx-community/Qwen3-4B-Instruct-2507-4bit,50d427756c6b1b2fe0c0a10f67fbda1fc8e82c1b,accessible_transport-valid-3,accessible_transport-valid-3--record_first,accessible_transport,record_first,valid,ELIGIBLE,prior_rationale,strict,ELIGIBLE,152,22,0,1,1,1,1,1,1,0,0,0,0,,,,
Qwen3-4B,mlx-community/Qwen3-4B-Instruct-2507-4bit,50d427756c6b1b2fe0c0a10f67fbda1fc8e82c1b,accessible_transport-valid-3,accessible_transport-valid-3--record_first,accessible_transport,record_first,valid,ELIGIBLE,evidence_checklist,strict,ELIGIBLE,160,22,0,1,1,1,1,1,1,0,0,0,0,,,,
Qwen3-4B,mlx-community/Qwen3-4B-Instruct-2507-4bit,50d427756c6b1b2fe0c0a10f67fbda1fc8e82c1b,accessible_transport-valid-3,accessible_transport-valid-3--record_first,accessible_transport,record_first,valid,ELIGIBLE,commit_then_review,strict,ELIGIBLE,182,27,0,1,1,1,1,1,1,0,0,0,0,0,0,0,1
Qwen3-4B,mlx-community/Qwen3-4B-Instruct-2507-4bit,50d427756c6b1b2fe0c0a10f67fbda1fc8e82c1b,accessible_transport-invalid-1,accessible_transport-invalid-1--policy_first,accessible_transport,policy_first,invalid,INELIGIBLE,independent_review,strict,ELIGIBLE,698,109,0,0,0,1,0,1,1,0,1,0,0,,,,
Qwen3-4B,mlx-community/Qwen3-4B-Instruct-2507-4bit,50d427756c6b1b2fe0c0a10f67fbda1fc8e82c1b,accessible_transport-invalid-1,accessible_transport-invalid-1--policy_first,accessible_transport,policy_first,invalid,INELIGIBLE,prior_rationale,strict,ELIGIBLE,484,79,0,0,0,1,0,1,1,0,1,0,0,,,,
Qwen3-4B,mlx-community/Qwen3-4B-Instruct-2507-4bit,50d427756c6b1b2fe0c0a10f67fbda1fc8e82c1b,accessible_transport-invalid-1,accessible_transport-invalid-1--policy_first,accessible_transport,policy_first,invalid,INELIGIBLE,evidence_checklist,strict,ELIGIBLE,716,113,0,0,0,1,0,1,1,0,1,0,0,,,,
Qwen3-4B,mlx-community/Qwen3-4B-Instruct-2507-4bit,50d427756c6b1b2fe0c0a10f67fbda1fc8e82c1b,accessible_transport-invalid-1,accessible_transport-invalid-1--policy_first,accessible_transport,policy_first,invalid,INELIGIBLE,commit_then_review,strict,ELIGIBLE,37,3,0,0,0,1,0,1,1,0,1,0,0,0,0,0,0
Qwen3-4B,mlx-community/Qwen3-4B-Instruct-2507-4bit,50d427756c6b1b2fe0c0a10f67fbda1fc8e82c1b,accessible_transport-invalid-1,accessible_transport-invalid-1--record_first,accessible_transport,record_first,invalid,INELIGIBLE,independent_review,strict,ELIGIBLE,124,19,0,0,0,1,0,1,1,0,1,0,0,,,,
Qwen3-4B,mlx-community/Qwen3-4B-Instruct-2507-4bit,50d427756c6b1b2fe0c0a10f67fbda1fc8e82c1b,accessible_transport-invalid-1,accessible_transport-invalid-1--record_first,accessible_transport,record_first,invalid,INELIGIBLE,prior_rationale,strict,ELIGIBLE,260,45,0,0,0,1,0,1,1,0,1,0,0,,,,
Qwen3-4B,mlx-community/Qwen3-4B-Instruct-2507-4bit,50d427756c6b1b2fe0c0a10f67fbda1fc8e82c1b,accessible_transport-invalid-1,accessible_transport-invalid-1--record_first,accessible_transport,record_first,invalid,INELIGIBLE,evidence_checklist,strict,ELIGIBLE,127,19,0,0,0,1,0,1,1,0,1,0,0,,,,
Qwen3-4B,mlx-community/Qwen3-4B-Instruct-2507-4bit,50d427756c6b1b2fe0c0a10f67fbda1fc8e82c1b,accessible_transport-invalid-1,accessible_transport-invalid-1--record_first,accessible_transport,record_first,invalid,INELIGIBLE,commit_then_review,strict,ELIGIBLE,129,20,0,0,0,1,0,1,1,0,1,0,0,0,0,0,0
Qwen3-4B,mlx-community/Qwen3-4B-Instruct-2507-4bit,50d427756c6b1b2fe0c0a10f67fbda1fc8e82c1b,accessible_transport-invalid-2,accessible_transport-invalid-2--policy_first,accessible_transport,policy_first,invalid,INELIGIBLE,independent_review,unparsed,,0,0,0,0,0,0,0,0,0,0,0,0,0,,,,
Qwen3-4B,mlx-community/Qwen3-4B-Instruct-2507-4bit,50d427756c6b1b2fe0c0a10f67fbda1fc8e82c1b,accessible_transport-invalid-2,accessible_transport-invalid-2--policy_first,accessible_transport,policy_first,invalid,INELIGIBLE,prior_rationale,strict,ELIGIBLE,343,53,0,0,0,1,0,1,1,0,1,0,0,,,,
Qwen3-4B,mlx-community/Qwen3-4B-Instruct-2507-4bit,50d427756c6b1b2fe0c0a10f67fbda1fc8e82c1b,accessible_transport-invalid-2,accessible_transport-invalid-2--policy_first,accessible_transport,policy_first,invalid,INELIGIBLE,evidence_checklist,strict,ELIGIBLE,255,40,0,0,0,1,0,1,1,0,1,0,0,,,,
Qwen3-4B,mlx-community/Qwen3-4B-Instruct-2507-4bit,50d427756c6b1b2fe0c0a10f67fbda1fc8e82c1b,accessible_transport-invalid-2,accessible_transport-invalid-2--policy_first,accessible_transport,policy_first,invalid,INELIGIBLE,commit_then_review,strict,ELIGIBLE,37,3,0,0,0,1,0,1,1,0,1,0,0,0,0,0,0
Qwen3-4B,mlx-community/Qwen3-4B-Instruct-2507-4bit,50d427756c6b1b2fe0c0a10f67fbda1fc8e82c1b,accessible_transport-invalid-2,accessible_transport-invalid-2--record_first,accessible_transport,record_first,invalid,INELIGIBLE,independent_review,strict,ELIGIBLE,567,89,0,0,0,1,0,1,1,0,1,0,0,,,,
Qwen3-4B,mlx-community/Qwen3-4B-Instruct-2507-4bit,50d427756c6b1b2fe0c0a10f67fbda1fc8e82c1b,accessible_transport-invalid-2,accessible_transport-invalid-2--record_first,accessible_transport,record_first,invalid,INELIGIBLE,prior_rationale,strict,ELIGIBLE,298,46,0,0,0,1,0,1,1,0,1,0,0,,,,
Qwen3-4B,mlx-community/Qwen3-4B-Instruct-2507-4bit,50d427756c6b1b2fe0c0a10f67fbda1fc8e82c1b,accessible_transport-invalid-2,accessible_transport-invalid-2--record_first,accessible_transport,record_first,invalid,INELIGIBLE,evidence_checklist,strict,ELIGIBLE,712,114,0,0,0,1,0,1,1,0,1,0,0,,,,
Qwen3-4B,mlx-community/Qwen3-4B-Instruct-2507-4bit,50d427756c6b1b2fe0c0a10f67fbda1fc8e82c1b,accessible_transport-invalid-2,accessible_transport-invalid-2--record_first,accessible_transport,record_first,invalid,INELIGIBLE,commit_then_review,strict,INELIGIBLE,348,53,0,1,1,1,1,1,1,0,0,0,0,1,1,0,0
Qwen3-4B,mlx-community/Qwen3-4B-Instruct-2507-4bit,50d427756c6b1b2fe0c0a10f67fbda1fc8e82c1b,accessible_transport-invalid-3,accessible_transport-invalid-3--policy_first,accessible_transport,policy_first,invalid,INELIGIBLE,independent_review,strict,ELIGIBLE,590,93,0,0,0,1,0,1,1,0,1,0,0,,,,
Qwen3-4B,mlx-community/Qwen3-4B-Instruct-2507-4bit,50d427756c6b1b2fe0c0a10f67fbda1fc8e82c1b,accessible_transport-invalid-3,accessible_transport-invalid-3--policy_first,accessible_transport,policy_first,invalid,INELIGIBLE,prior_rationale,strict,ELIGIBLE,282,44,0,0,0,1,0,1,1,0,1,0,0,,,,
Qwen3-4B,mlx-community/Qwen3-4B-Instruct-2507-4bit,50d427756c6b1b2fe0c0a10f67fbda1fc8e82c1b,accessible_transport-invalid-3,accessible_transport-invalid-3--policy_first,accessible_transport,policy_first,invalid,INELIGIBLE,evidence_checklist,strict,ELIGIBLE,146,22,0,0,0,1,0,1,1,0,1,0,0,,,,
Qwen3-4B,mlx-community/Qwen3-4B-Instruct-2507-4bit,50d427756c6b1b2fe0c0a10f67fbda1fc8e82c1b,accessible_transport-invalid-3,accessible_transport-invalid-3--policy_first,accessible_transport,policy_first,invalid,INELIGIBLE,commit_then_review,strict,ELIGIBLE,508,79,0,0,0,1,0,1,1,0,1,0,0,0,0,0,0
Qwen3-4B,mlx-community/Qwen3-4B-Instruct-2507-4bit,50d427756c6b1b2fe0c0a10f67fbda1fc8e82c1b,accessible_transport-invalid-3,accessible_transport-invalid-3--record_first,accessible_transport,record_first,invalid,INELIGIBLE,independent_review,strict,ELIGIBLE,348,50,0,0,0,1,0,1,1,0,1,0,0,,,,
Qwen3-4B,mlx-community/Qwen3-4B-Instruct-2507-4bit,50d427756c6b1b2fe0c0a10f67fbda1fc8e82c1b,accessible_transport-invalid-3,accessible_transport-invalid-3--record_first,accessible_transport,record_first,invalid,INELIGIBLE,prior_rationale,strict,ELIGIBLE,121,18,0,0,0,1,0,1,1,0,1,0,0,,,,
Qwen3-4B,mlx-community/Qwen3-4B-Instruct-2507-4bit,50d427756c6b1b2fe0c0a10f67fbda1fc8e82c1b,accessible_transport-invalid-3,accessible_transport-invalid-3--record_first,accessible_transport,record_first,invalid,INELIGIBLE,evidence_checklist,strict,ELIGIBLE,105,15,0,0,0,1,0,1,1,0,1,0,0,,,,
Qwen3-4B,mlx-community/Qwen3-4B-Instruct-2507-4bit,50d427756c6b1b2fe0c0a10f67fbda1fc8e82c1b,accessible_transport-invalid-3,accessible_transport-invalid-3--record_first,accessible_transport,record_first,invalid,INELIGIBLE,commit_then_review,strict,ELIGIBLE,129,20,0,0,0,1,0,1,1,0,1,0,0,0,0,0,0
Qwen3-4B,mlx-community/Qwen3-4B-Instruct-2507-4bit,50d427756c6b1b2fe0c0a10f67fbda1fc8e82c1b,accessible_transport-incomplete-1,accessible_transport-incomplete-1--policy_first,accessible_transport,policy_first,incomplete,NEED_INFORMATION,independent_review,strict,ELIGIBLE,206,29,0,0,0,1,0,1,1,0,0,0,0,,,,
Qwen3-4B,mlx-community/Qwen3-4B-Instruct-2507-4bit,50d427756c6b1b2fe0c0a10f67fbda1fc8e82c1b,accessible_transport-incomplete-1,accessible_transport-incomplete-1--policy_first,accessible_transport,policy_first,incomplete,NEED_INFORMATION,prior_rationale,strict,ELIGIBLE,310,46,0,0,0,1,0,1,1,0,0,0,0,,,,
Qwen3-4B,mlx-community/Qwen3-4B-Instruct-2507-4bit,50d427756c6b1b2fe0c0a10f67fbda1fc8e82c1b,accessible_transport-incomplete-1,accessible_transport-incomplete-1--policy_first,accessible_transport,policy_first,incomplete,NEED_INFORMATION,evidence_checklist,strict,ELIGIBLE,300,45,0,0,0,1,0,1,1,0,0,0,0,,,,
Qwen3-4B,mlx-community/Qwen3-4B-Instruct-2507-4bit,50d427756c6b1b2fe0c0a10f67fbda1fc8e82c1b,accessible_transport-incomplete-1,accessible_transport-incomplete-1--policy_first,accessible_transport,policy_first,incomplete,NEED_INFORMATION,commit_then_review,strict,ELIGIBLE,325,47,0,0,0,1,0,1,1,0,0,0,0,0,0,0,0
Qwen3-4B,mlx-community/Qwen3-4B-Instruct-2507-4bit,50d427756c6b1b2fe0c0a10f67fbda1fc8e82c1b,accessible_transport-incomplete-1,accessible_transport-incomplete-1--record_first,accessible_transport,record_first,incomplete,NEED_INFORMATION,independent_review,strict,ELIGIBLE,386,56,0,0,0,1,0,1,1,0,0,0,0,,,,
Qwen3-4B,mlx-community/Qwen3-4B-Instruct-2507-4bit,50d427756c6b1b2fe0c0a10f67fbda1fc8e82c1b,accessible_transport-incomplete-1,accessible_transport-incomplete-1--record_first,accessible_transport,record_first,incomplete,NEED_INFORMATION,prior_rationale,strict,ELIGIBLE,370,53,0,0,0,1,0,1,1,0,0,0,0,,,,
Qwen3-4B,mlx-community/Qwen3-4B-Instruct-2507-4bit,50d427756c6b1b2fe0c0a10f67fbda1fc8e82c1b,accessible_transport-incomplete-1,accessible_transport-incomplete-1--record_first,accessible_transport,record_first,incomplete,NEED_INFORMATION,evidence_checklist,strict,ELIGIBLE,168,23,0,0,0,1,0,1,1,0,0,0,0,,,,
Qwen3-4B,mlx-community/Qwen3-4B-Instruct-2507-4bit,50d427756c6b1b2fe0c0a10f67fbda1fc8e82c1b,accessible_transport-incomplete-1,accessible_transport-incomplete-1--record_first,accessible_transport,record_first,incomplete,NEED_INFORMATION,commit_then_review,strict,ELIGIBLE,37,3,0,0,0,1,0,1,1,0,0,0,0,0,0,0,0
Qwen3-4B,mlx-community/Qwen3-4B-Instruct-2507-4bit,50d427756c6b1b2fe0c0a10f67fbda1fc8e82c1b,accessible_transport-incomplete-2,accessible_transport-incomplete-2--policy_first,accessible_transport,policy_first,incomplete,NEED_INFORMATION,independent_review,strict,ELIGIBLE,477,71,0,0,0,1,0,1,1,0,0,0,0,,,,
Qwen3-4B,mlx-community/Qwen3-4B-Instruct-2507-4bit,50d427756c6b1b2fe0c0a10f67fbda1fc8e82c1b,accessible_transport-incomplete-2,accessible_transport-incomplete-2--policy_first,accessible_transport,policy_first,incomplete,NEED_INFORMATION,prior_rationale,strict,ELIGIBLE,310,46,0,0,0,1,0,1,1,0,0,0,0,,,,
Qwen3-4B,mlx-community/Qwen3-4B-Instruct-2507-4bit,50d427756c6b1b2fe0c0a10f67fbda1fc8e82c1b,accessible_transport-incomplete-2,accessible_transport-incomplete-2--policy_first,accessible_transport,policy_first,incomplete,NEED_INFORMATION,evidence_checklist,strict,ELIGIBLE,282,43,0,0,0,1,0,1,1,0,0,0,0,,,,
Qwen3-4B,mlx-community/Qwen3-4B-Instruct-2507-4bit,50d427756c6b1b2fe0c0a10f67fbda1fc8e82c1b,accessible_transport-incomplete-2,accessible_transport-incomplete-2--policy_first,accessible_transport,policy_first,incomplete,NEED_INFORMATION,commit_then_review,strict,ELIGIBLE,300,44,0,0,0,1,0,1,1,0,0,0,0,0,0,0,0
Qwen3-4B,mlx-community/Qwen3-4B-Instruct-2507-4bit,50d427756c6b1b2fe0c0a10f67fbda1fc8e82c1b,accessible_transport-incomplete-2,accessible_transport-incomplete-2--record_first,accessible_transport,record_first,incomplete,NEED_INFORMATION,independent_review,strict,ELIGIBLE,386,56,0,0,0,1,0,1,1,0,0,0,0,,,,
Qwen3-4B,mlx-community/Qwen3-4B-Instruct-2507-4bit,50d427756c6b1b2fe0c0a10f67fbda1fc8e82c1b,accessible_transport-incomplete-2,accessible_transport-incomplete-2--record_first,accessible_transport,record_first,incomplete,NEED_INFORMATION,prior_rationale,strict,ELIGIBLE,361,52,0,0,0,1,0,1,1,0,0,0,0,,,,
Qwen3-4B,mlx-community/Qwen3-4B-Instruct-2507-4bit,50d427756c6b1b2fe0c0a10f67fbda1fc8e82c1b,accessible_transport-incomplete-2,accessible_transport-incomplete-2--record_first,accessible_transport,record_first,incomplete,NEED_INFORMATION,evidence_checklist,strict,ELIGIBLE,168,23,0,0,0,1,0,1,1,0,0,0,0,,,,
Qwen3-4B,mlx-community/Qwen3-4B-Instruct-2507-4bit,50d427756c6b1b2fe0c0a10f67fbda1fc8e82c1b,accessible_transport-incomplete-2,accessible_transport-incomplete-2--record_first,accessible_transport,record_first,incomplete,NEED_INFORMATION,commit_then_review,strict,ELIGIBLE,37,3,0,0,0,1,0,1,1,0,0,0,0,0,0,0,0
Qwen3-4B,mlx-community/Qwen3-4B-Instruct-2507-4bit,50d427756c6b1b2fe0c0a10f67fbda1fc8e82c1b,accessible_transport-incomplete-3,accessible_transport-incomplete-3--policy_first,accessible_transport,policy_first,incomplete,NEED_INFORMATION,independent_review,strict,ELIGIBLE,293,46,0,0,0,1,0,1,1,0,0,0,0,,,,
Qwen3-4B,mlx-community/Qwen3-4B-Instruct-2507-4bit,50d427756c6b1b2fe0c0a10f67fbda1fc8e82c1b,accessible_transport-incomplete-3,accessible_transport-incomplete-3--policy_first,accessible_transport,policy_first,incomplete,NEED_INFORMATION,prior_rationale,strict,ELIGIBLE,310,46,0,0,0,1,0,1,1,0,0,0,0,,,,
Qwen3-4B,mlx-community/Qwen3-4B-Instruct-2507-4bit,50d427756c6b1b2fe0c0a10f67fbda1fc8e82c1b,accessible_transport-incomplete-3,accessible_transport-incomplete-3--policy_first,accessible_transport,policy_first,incomplete,NEED_INFORMATION,evidence_checklist,strict,ELIGIBLE,282,43,0,0,0,1,0,1,1,0,0,0,0,,,,
Qwen3-4B,mlx-community/Qwen3-4B-Instruct-2507-4bit,50d427756c6b1b2fe0c0a10f67fbda1fc8e82c1b,accessible_transport-incomplete-3,accessible_transport-incomplete-3--policy_first,accessible_transport,policy_first,incomplete,NEED_INFORMATION,commit_then_review,strict,ELIGIBLE,300,44,0,0,0,1,0,1,1,0,0,0,0,0,0,0,0
Qwen3-4B,mlx-community/Qwen3-4B-Instruct-2507-4bit,50d427756c6b1b2fe0c0a10f67fbda1fc8e82c1b,accessible_transport-incomplete-3,accessible_transport-incomplete-3--record_first,accessible_transport,record_first,incomplete,NEED_INFORMATION,independent_review,strict,ELIGIBLE,364,55,0,0,0,1,0,1,1,0,0,0,0,,,,
Qwen3-4B,mlx-community/Qwen3-4B-Instruct-2507-4bit,50d427756c6b1b2fe0c0a10f67fbda1fc8e82c1b,accessible_transport-incomplete-3,accessible_transport-incomplete-3--record_first,accessible_transport,record_first,incomplete,NEED_INFORMATION,prior_rationale,strict,ELIGIBLE,370,53,0,0,0,1,0,1,1,0,0,0,0,,,,
Qwen3-4B,mlx-community/Qwen3-4B-Instruct-2507-4bit,50d427756c6b1b2fe0c0a10f67fbda1fc8e82c1b,accessible_transport-incomplete-3,accessible_transport-incomplete-3--record_first,accessible_transport,record_first,incomplete,NEED_INFORMATION,evidence_checklist,strict,ELIGIBLE,168,23,0,0,0,1,0,1,1,0,0,0,0,,,,
Qwen3-4B,mlx-community/Qwen3-4B-Instruct-2507-4bit,50d427756c6b1b2fe0c0a10f67fbda1fc8e82c1b,accessible_transport-incomplete-3,accessible_transport-incomplete-3--record_first,accessible_transport,record_first,incomplete,NEED_INFORMATION,commit_then_review,strict,ELIGIBLE,37,3,0,0,0,1,0,1,1,0,0,0,0,0,0,0,0
Qwen3-4B,mlx-community/Qwen3-4B-Instruct-2507-4bit,50d427756c6b1b2fe0c0a10f67fbda1fc8e82c1b,accessible_transport-conflict-1,accessible_transport-conflict-1--policy_first,accessible_transport,policy_first,conflict,HUMAN_REVIEW,independent_review,strict,ELIGIBLE,204,31,0,0,0,0,0,1,1,0,0,0,0,,,,
Qwen3-4B,mlx-community/Qwen3-4B-Instruct-2507-4bit,50d427756c6b1b2fe0c0a10f67fbda1fc8e82c1b,accessible_transport-conflict-1,accessible_transport-conflict-1--policy_first,accessible_transport,policy_first,conflict,HUMAN_REVIEW,prior_rationale,strict,ELIGIBLE,166,24,0,0,0,0,0,1,1,0,0,0,0,,,,
Qwen3-4B,mlx-community/Qwen3-4B-Instruct-2507-4bit,50d427756c6b1b2fe0c0a10f67fbda1fc8e82c1b,accessible_transport-conflict-1,accessible_transport-conflict-1--policy_first,accessible_transport,policy_first,conflict,HUMAN_REVIEW,evidence_checklist,strict,ELIGIBLE,155,22,0,0,0,0,0,1,1,0,0,0,0,,,,
Qwen3-4B,mlx-community/Qwen3-4B-Instruct-2507-4bit,50d427756c6b1b2fe0c0a10f67fbda1fc8e82c1b,accessible_transport-conflict-1,accessible_transport-conflict-1--policy_first,accessible_transport,policy_first,conflict,HUMAN_REVIEW,commit_then_review,strict,ELIGIBLE,173,25,0,0,0,0,0,1,1,0,0,0,0,0,0,0,0
Qwen3-4B,mlx-community/Qwen3-4B-Instruct-2507-4bit,50d427756c6b1b2fe0c0a10f67fbda1fc8e82c1b,accessible_transport-conflict-1,accessible_transport-conflict-1--record_first,accessible_transport,record_first,conflict,HUMAN_REVIEW,independent_review,strict,ELIGIBLE,169,24,0,0,0,0,0,1,1,0,0,0,0,,,,
Qwen3-4B,mlx-community/Qwen3-4B-Instruct-2507-4bit,50d427756c6b1b2fe0c0a10f67fbda1fc8e82c1b,accessible_transport-conflict-1,accessible_transport-conflict-1--record_first,accessible_transport,record_first,conflict,HUMAN_REVIEW,prior_rationale,strict,ELIGIBLE,169,24,0,0,0,0,0,1,1,0,0,0,0,,,,
Qwen3-4B,mlx-community/Qwen3-4B-Instruct-2507-4bit,50d427756c6b1b2fe0c0a10f67fbda1fc8e82c1b,accessible_transport-conflict-1,accessible_transport-conflict-1--record_first,accessible_transport,record_first,conflict,HUMAN_REVIEW,evidence_checklist,strict,ELIGIBLE,153,21,0,0,0,0,0,1,1,0,0,0,0,,,,
Qwen3-4B,mlx-community/Qwen3-4B-Instruct-2507-4bit,50d427756c6b1b2fe0c0a10f67fbda1fc8e82c1b,accessible_transport-conflict-1,accessible_transport-conflict-1--record_first,accessible_transport,record_first,conflict,HUMAN_REVIEW,commit_then_review,strict,ELIGIBLE,169,24,0,0,0,0,0,1,1,0,0,0,0,0,0,0,0
Qwen3-4B,mlx-community/Qwen3-4B-Instruct-2507-4bit,50d427756c6b1b2fe0c0a10f67fbda1fc8e82c1b,accessible_transport-conflict-2,accessible_transport-conflict-2--policy_first,accessible_transport,policy_first,conflict,HUMAN_REVIEW,independent_review,strict,ELIGIBLE,204,31,0,0,0,0,0,1,1,0,0,0,0,,,,
Qwen3-4B,mlx-community/Qwen3-4B-Instruct-2507-4bit,50d427756c6b1b2fe0c0a10f67fbda1fc8e82c1b,accessible_transport-conflict-2,accessible_transport-conflict-2--policy_first,accessible_transport,policy_first,conflict,HUMAN_REVIEW,prior_rationale,strict,ELIGIBLE,172,26,0,0,0,0,0,1,1,0,0,0,0,,,,
Qwen3-4B,mlx-community/Qwen3-4B-Instruct-2507-4bit,50d427756c6b1b2fe0c0a10f67fbda1fc8e82c1b,accessible_transport-conflict-2,accessible_transport-conflict-2--policy_first,accessible_transport,policy_first,conflict,HUMAN_REVIEW,evidence_checklist,strict,ELIGIBLE,155,22,0,0,0,0,0,1,1,0,0,0,0,,,,
Qwen3-4B,mlx-community/Qwen3-4B-Instruct-2507-4bit,50d427756c6b1b2fe0c0a10f67fbda1fc8e82c1b,accessible_transport-conflict-2,accessible_transport-conflict-2--policy_first,accessible_transport,policy_first,conflict,HUMAN_REVIEW,commit_then_review,strict,ELIGIBLE,174,25,0,0,0,0,0,1,1,0,0,0,0,0,0,0,0
Qwen3-4B,mlx-community/Qwen3-4B-Instruct-2507-4bit,50d427756c6b1b2fe0c0a10f67fbda1fc8e82c1b,accessible_transport-conflict-2,accessible_transport-conflict-2--record_first,accessible_transport,record_first,conflict,HUMAN_REVIEW,independent_review,strict,ELIGIBLE,169,24,0,0,0,0,0,1,1,0,0,0,0,,,,
Qwen3-4B,mlx-community/Qwen3-4B-Instruct-2507-4bit,50d427756c6b1b2fe0c0a10f67fbda1fc8e82c1b,accessible_transport-conflict-2,accessible_transport-conflict-2--record_first,accessible_transport,record_first,conflict,HUMAN_REVIEW,prior_rationale,strict,ELIGIBLE,169,24,0,0,0,0,0,1,1,0,0,0,0,,,,
Qwen3-4B,mlx-community/Qwen3-4B-Instruct-2507-4bit,50d427756c6b1b2fe0c0a10f67fbda1fc8e82c1b,accessible_transport-conflict-2,accessible_transport-conflict-2--record_first,accessible_transport,record_first,conflict,HUMAN_REVIEW,evidence_checklist,strict,ELIGIBLE,153,22,0,0,0,0,0,1,1,0,0,0,0,,,,
Qwen3-4B,mlx-community/Qwen3-4B-Instruct-2507-4bit,50d427756c6b1b2fe0c0a10f67fbda1fc8e82c1b,accessible_transport-conflict-2,accessible_transport-conflict-2--record_first,accessible_transport,record_first,conflict,HUMAN_REVIEW,commit_then_review,strict,ELIGIBLE,169,24,0,0,0,0,0,1,1,0,0,0,0,0,0,0,0
Qwen3-4B,mlx-community/Qwen3-4B-Instruct-2507-4bit,50d427756c6b1b2fe0c0a10f67fbda1fc8e82c1b,accessible_transport-conflict-3,accessible_transport-conflict-3--policy_first,accessible_transport,policy_first,conflict,HUMAN_REVIEW,independent_review,strict,ELIGIBLE,204,31,0,0,0,0,0,1,1,0,0,0,0,,,,
Qwen3-4B,mlx-community/Qwen3-4B-Instruct-2507-4bit,50d427756c6b1b2fe0c0a10f67fbda1fc8e82c1b,accessible_transport-conflict-3,accessible_transport-conflict-3--policy_first,accessible_transport,policy_first,conflict,HUMAN_REVIEW,prior_rationale,strict,ELIGIBLE,166,24,0,0,0,0,0,1,1,0,0,0,0,,,,
Qwen3-4B,mlx-community/Qwen3-4B-Instruct-2507-4bit,50d427756c6b1b2fe0c0a10f67fbda1fc8e82c1b,accessible_transport-conflict-3,accessible_transport-conflict-3--policy_first,accessible_transport,policy_first,conflict,HUMAN_REVIEW,evidence_checklist,strict,ELIGIBLE,155,22,0,0,0,0,0,1,1,0,0,0,0,,,,
Qwen3-4B,mlx-community/Qwen3-4B-Instruct-2507-4bit,50d427756c6b1b2fe0c0a10f67fbda1fc8e82c1b,accessible_transport-conflict-3,accessible_transport-conflict-3--policy_first,accessible_transport,policy_first,conflict,HUMAN_REVIEW,commit_then_review,strict,ELIGIBLE,174,25,0,0,0,0,0,1,1,0,0,0,0,0,0,0,0
Qwen3-4B,mlx-community/Qwen3-4B-Instruct-2507-4bit,50d427756c6b1b2fe0c0a10f67fbda1fc8e82c1b,accessible_transport-conflict-3,accessible_transport-conflict-3--record_first,accessible_transport,record_first,conflict,HUMAN_REVIEW,independent_review,strict,ELIGIBLE,169,24,0,0,0,0,0,1,1,0,0,0,0,,,,
Qwen3-4B,mlx-community/Qwen3-4B-Instruct-2507-4bit,50d427756c6b1b2fe0c0a10f67fbda1fc8e82c1b,accessible_transport-conflict-3,accessible_transport-conflict-3--record_first,accessible_transport,record_first,conflict,HUMAN_REVIEW,prior_rationale,strict,ELIGIBLE,169,24,0,0,0,0,0,1,1,0,0,0,0,,,,
Qwen3-4B,mlx-community/Qwen3-4B-Instruct-2507-4bit,50d427756c6b1b2fe0c0a10f67fbda1fc8e82c1b,accessible_transport-conflict-3,accessible_transport-conflict-3--record_first,accessible_transport,record_first,conflict,HUMAN_REVIEW,evidence_checklist,strict,ELIGIBLE,153,21,0,0,0,0,0,1,1,0,0,0,0,,,,
Qwen3-4B,mlx-community/Qwen3-4B-Instruct-2507-4bit,50d427756c6b1b2fe0c0a10f67fbda1fc8e82c1b,accessible_transport-conflict-3,accessible_transport-conflict-3--record_first,accessible_transport,record_first,conflict,HUMAN_REVIEW,commit_then_review,strict,ELIGIBLE,169,24,0,0,0,0,0,1,1,0,0,0,0,0,0,0,0
Qwen3-4B,mlx-community/Qwen3-4B-Instruct-2507-4bit,50d427756c6b1b2fe0c0a10f67fbda1fc8e82c1b,document_support-valid-1,document_support-valid-1--policy_first,document_support,policy_first,valid,ELIGIBLE,independent_review,strict,ELIGIBLE,232,37,0,1,1,1,1,1,1,0,0,0,0,,,,
Qwen3-4B,mlx-community/Qwen3-4B-Instruct-2507-4bit,50d427756c6b1b2fe0c0a10f67fbda1fc8e82c1b,document_support-valid-1,document_support-valid-1--policy_first,document_support,policy_first,valid,ELIGIBLE,prior_rationale,strict,ELIGIBLE,167,24,0,1,1,1,1,1,1,0,0,0,0,,,,
Qwen3-4B,mlx-community/Qwen3-4B-Instruct-2507-4bit,50d427756c6b1b2fe0c0a10f67fbda1fc8e82c1b,document_support-valid-1,document_support-valid-1--policy_first,document_support,policy_first,valid,ELIGIBLE,evidence_checklist,strict,ELIGIBLE,199,26,0,1,1,1,1,1,1,0,0,0,0,,,,
Qwen3-4B,mlx-community/Qwen3-4B-Instruct-2507-4bit,50d427756c6b1b2fe0c0a10f67fbda1fc8e82c1b,document_support-valid-1,document_support-valid-1--policy_first,document_support,policy_first,valid,ELIGIBLE,commit_then_review,strict,ELIGIBLE,219,29,0,1,1,1,1,1,1,0,0,0,0,0,0,0,1
Qwen3-4B,mlx-community/Qwen3-4B-Instruct-2507-4bit,50d427756c6b1b2fe0c0a10f67fbda1fc8e82c1b,document_support-valid-1,document_support-valid-1--record_first,document_support,record_first,valid,ELIGIBLE,independent_review,strict,ELIGIBLE,192,27,0,1,1,1,1,1,1,0,0,0,0,,,,
Qwen3-4B,mlx-community/Qwen3-4B-Instruct-2507-4bit,50d427756c6b1b2fe0c0a10f67fbda1fc8e82c1b,document_support-valid-1,document_support-valid-1--record_first,document_support,record_first,valid,ELIGIBLE,prior_rationale,strict,ELIGIBLE,166,24,0,1,1,1,1,1,1,0,0,0,0,,,,
Qwen3-4B,mlx-community/Qwen3-4B-Instruct-2507-4bit,50d427756c6b1b2fe0c0a10f67fbda1fc8e82c1b,document_support-valid-1,document_support-valid-1--record_first,document_support,record_first,valid,ELIGIBLE,evidence_checklist,strict,ELIGIBLE,116,16,0,1,1,1,1,1,1,0,0,0,0,,,,
Qwen3-4B,mlx-community/Qwen3-4B-Instruct-2507-4bit,50d427756c6b1b2fe0c0a10f67fbda1fc8e82c1b,document_support-valid-1,document_support-valid-1--record_first,document_support,record_first,valid,ELIGIBLE,commit_then_review,strict,ELIGIBLE,177,26,0,1,1,1,1,1,1,0,0,0,0,0,0,0,1
Qwen3-4B,mlx-community/Qwen3-4B-Instruct-2507-4bit,50d427756c6b1b2fe0c0a10f67fbda1fc8e82c1b,document_support-valid-2,document_support-valid-2--policy_first,document_support,policy_first,valid,ELIGIBLE,independent_review,strict,ELIGIBLE,225,33,0,1,1,1,1,1,1,0,0,0,0,,,,
Qwen3-4B,mlx-community/Qwen3-4B-Instruct-2507-4bit,50d427756c6b1b2fe0c0a10f67fbda1fc8e82c1b,document_support-valid-2,document_support-valid-2--policy_first,document_support,policy_first,valid,ELIGIBLE,prior_rationale,strict,ELIGIBLE,167,24,0,1,1,1,1,1,1,0,0,0,0,,,,
Qwen3-4B,mlx-community/Qwen3-4B-Instruct-2507-4bit,50d427756c6b1b2fe0c0a10f67fbda1fc8e82c1b,document_support-valid-2,document_support-valid-2--policy_first,document_support,policy_first,valid,ELIGIBLE,evidence_checklist,strict,ELIGIBLE,204,27,0,1,1,1,1,1,1,0,0,0,0,,,,
Qwen3-4B,mlx-community/Qwen3-4B-Instruct-2507-4bit,50d427756c6b1b2fe0c0a10f67fbda1fc8e82c1b,document_support-valid-2,document_support-valid-2--policy_first,document_support,policy_first,valid,ELIGIBLE,commit_then_review,strict,ELIGIBLE,219,29,0,1,1,1,1,1,1,0,0,0,0,0,0,0,1
Qwen3-4B,mlx-community/Qwen3-4B-Instruct-2507-4bit,50d427756c6b1b2fe0c0a10f67fbda1fc8e82c1b,document_support-valid-2,document_support-valid-2--record_first,document_support,record_first,valid,ELIGIBLE,independent_review,strict,ELIGIBLE,166,24,0,1,1,1,1,1,1,0,0,0,0,,,,
Qwen3-4B,mlx-community/Qwen3-4B-Instruct-2507-4bit,50d427756c6b1b2fe0c0a10f67fbda1fc8e82c1b,document_support-valid-2,document_support-valid-2--record_first,document_support,record_first,valid,ELIGIBLE,prior_rationale,strict,ELIGIBLE,166,24,0,1,1,1,1,1,1,0,0,0,0,,,,
Qwen3-4B,mlx-community/Qwen3-4B-Instruct-2507-4bit,50d427756c6b1b2fe0c0a10f67fbda1fc8e82c1b,document_support-valid-2,document_support-valid-2--record_first,document_support,record_first,valid,ELIGIBLE,evidence_checklist,strict,ELIGIBLE,116,16,0,1,1,1,1,1,1,0,0,0,0,,,,
Qwen3-4B,mlx-community/Qwen3-4B-Instruct-2507-4bit,50d427756c6b1b2fe0c0a10f67fbda1fc8e82c1b,document_support-valid-2,document_support-valid-2--record_first,document_support,record_first,valid,ELIGIBLE,commit_then_review,strict,ELIGIBLE,177,26,0,1,1,1,1,1,1,0,0,0,0,0,0,0,1
Qwen3-4B,mlx-community/Qwen3-4B-Instruct-2507-4bit,50d427756c6b1b2fe0c0a10f67fbda1fc8e82c1b,document_support-valid-3,document_support-valid-3--policy_first,document_support,policy_first,valid,ELIGIBLE,independent_review,strict,ELIGIBLE,247,35,0,1,1,1,1,1,1,0,0,0,0,,,,
Qwen3-4B,mlx-community/Qwen3-4B-Instruct-2507-4bit,50d427756c6b1b2fe0c0a10f67fbda1fc8e82c1b,document_support-valid-3,document_support-valid-3--policy_first,document_support,policy_first,valid,ELIGIBLE,prior_rationale,strict,ELIGIBLE,167,24,0,1,1,1,1,1,1,0,0,0,0,,,,
Qwen3-4B,mlx-community/Qwen3-4B-Instruct-2507-4bit,50d427756c6b1b2fe0c0a10f67fbda1fc8e82c1b,document_support-valid-3,document_support-valid-3--policy_first,document_support,policy_first,valid,ELIGIBLE,evidence_checklist,strict,ELIGIBLE,204,27,0,1,1,1,1,1,1,0,0,0,0,,,,
Qwen3-4B,mlx-community/Qwen3-4B-Instruct-2507-4bit,50d427756c6b1b2fe0c0a10f67fbda1fc8e82c1b,document_support-valid-3,document_support-valid-3--policy_first,document_support,policy_first,valid,ELIGIBLE,commit_then_review,strict,ELIGIBLE,219,29,0,1,1,1,1,1,1,0,0,0,0,0,0,0,1
Qwen3-4B,mlx-community/Qwen3-4B-Instruct-2507-4bit,50d427756c6b1b2fe0c0a10f67fbda1fc8e82c1b,document_support-valid-3,document_support-valid-3--record_first,document_support,record_first,valid,ELIGIBLE,independent_review,strict,ELIGIBLE,192,27,0,1,1,1,1,1,1,0,0,0,0,,,,
Qwen3-4B,mlx-community/Qwen3-4B-Instruct-2507-4bit,50d427756c6b1b2fe0c0a10f67fbda1fc8e82c1b,document_support-valid-3,document_support-valid-3--record_first,document_support,record_first,valid,ELIGIBLE,prior_rationale,strict,ELIGIBLE,166,24,0,1,1,1,1,1,1,0,0,0,0,,,,
Qwen3-4B,mlx-community/Qwen3-4B-Instruct-2507-4bit,50d427756c6b1b2fe0c0a10f67fbda1fc8e82c1b,document_support-valid-3,document_support-valid-3--record_first,document_support,record_first,valid,ELIGIBLE,evidence_checklist,strict,ELIGIBLE,116,16,0,1,1,1,1,1,1,0,0,0,0,,,,
Qwen3-4B,mlx-community/Qwen3-4B-Instruct-2507-4bit,50d427756c6b1b2fe0c0a10f67fbda1fc8e82c1b,document_support-valid-3,document_support-valid-3--record_first,document_support,record_first,valid,ELIGIBLE,commit_then_review,strict,ELIGIBLE,189,27,0,1,1,1,1,1,1,0,0,0,0,0,0,0,1
Qwen3-4B,mlx-community/Qwen3-4B-Instruct-2507-4bit,50d427756c6b1b2fe0c0a10f67fbda1fc8e82c1b,document_support-invalid-1,document_support-invalid-1--policy_first,document_support,policy_first,invalid,INELIGIBLE,independent_review,strict,ELIGIBLE,544,88,0,0,0,1,0,1,1,0,1,0,0,,,,
Qwen3-4B,mlx-community/Qwen3-4B-Instruct-2507-4bit,50d427756c6b1b2fe0c0a10f67fbda1fc8e82c1b,document_support-invalid-1,document_support-invalid-1--policy_first,document_support,policy_first,invalid,INELIGIBLE,prior_rationale,strict,ELIGIBLE,435,70,0,0,0,1,0,1,1,0,1,0,0,,,,
Qwen3-4B,mlx-community/Qwen3-4B-Instruct-2507-4bit,50d427756c6b1b2fe0c0a10f67fbda1fc8e82c1b,document_support-invalid-1,document_support-invalid-1--policy_first,document_support,policy_first,invalid,INELIGIBLE,evidence_checklist,strict,ELIGIBLE,429,64,0,0,0,1,0,1,1,0,1,0,0,,,,
Qwen3-4B,mlx-community/Qwen3-4B-Instruct-2507-4bit,50d427756c6b1b2fe0c0a10f67fbda1fc8e82c1b,document_support-invalid-1,document_support-invalid-1--policy_first,document_support,policy_first,invalid,INELIGIBLE,commit_then_review,strict,ELIGIBLE,37,3,0,0,0,1,0,1,1,0,1,0,0,0,0,0,0
Qwen3-4B,mlx-community/Qwen3-4B-Instruct-2507-4bit,50d427756c6b1b2fe0c0a10f67fbda1fc8e82c1b,document_support-invalid-1,document_support-invalid-1--record_first,document_support,record_first,invalid,INELIGIBLE,independent_review,strict,ELIGIBLE,320,54,0,0,0,1,0,1,1,0,1,0,0,,,,
Qwen3-4B,mlx-community/Qwen3-4B-Instruct-2507-4bit,50d427756c6b1b2fe0c0a10f67fbda1fc8e82c1b,document_support-invalid-1,document_support-invalid-1--record_first,document_support,record_first,invalid,INELIGIBLE,prior_rationale,strict,ELIGIBLE,333,54,0,0,0,1,0,1,1,0,1,0,0,,,,
Qwen3-4B,mlx-community/Qwen3-4B-Instruct-2507-4bit,50d427756c6b1b2fe0c0a10f67fbda1fc8e82c1b,document_support-invalid-1,document_support-invalid-1--record_first,document_support,record_first,invalid,INELIGIBLE,evidence_checklist,strict,ELIGIBLE,360,62,0,0,0,1,0,1,1,0,1,0,0,,,,
Qwen3-4B,mlx-community/Qwen3-4B-Instruct-2507-4bit,50d427756c6b1b2fe0c0a10f67fbda1fc8e82c1b,document_support-invalid-1,document_support-invalid-1--record_first,document_support,record_first,invalid,INELIGIBLE,commit_then_review,strict,ELIGIBLE,243,39,0,0,0,1,0,1,1,0,1,0,0,0,0,0,0
Qwen3-4B,mlx-community/Qwen3-4B-Instruct-2507-4bit,50d427756c6b1b2fe0c0a10f67fbda1fc8e82c1b,document_support-invalid-2,document_support-invalid-2--policy_first,document_support,policy_first,invalid,INELIGIBLE,independent_review,strict,ELIGIBLE,459,73,0,0,0,1,0,1,1,0,1,0,0,,,,
Qwen3-4B,mlx-community/Qwen3-4B-Instruct-2507-4bit,50d427756c6b1b2fe0c0a10f67fbda1fc8e82c1b,document_support-invalid-2,document_support-invalid-2--policy_first,document_support,policy_first,invalid,INELIGIBLE,prior_rationale,strict,ELIGIBLE,332,55,0,0,0,1,0,1,1,0,1,0,0,,,,
Qwen3-4B,mlx-community/Qwen3-4B-Instruct-2507-4bit,50d427756c6b1b2fe0c0a10f67fbda1fc8e82c1b,document_support-invalid-2,document_support-invalid-2--policy_first,document_support,policy_first,invalid,INELIGIBLE,evidence_checklist,strict,ELIGIBLE,250,40,0,0,0,1,0,1,1,0,1,0,0,,,,
Qwen3-4B,mlx-community/Qwen3-4B-Instruct-2507-4bit,50d427756c6b1b2fe0c0a10f67fbda1fc8e82c1b,document_support-invalid-2,document_support-invalid-2--policy_first,document_support,policy_first,invalid,INELIGIBLE,commit_then_review,strict,INELIGIBLE,326,51,0,1,0,0,0,1,1,0,0,0,0,1,1,0,0
Qwen3-4B,mlx-community/Qwen3-4B-Instruct-2507-4bit,50d427756c6b1b2fe0c0a10f67fbda1fc8e82c1b,document_support-invalid-2,document_support-invalid-2--record_first,document_support,record_first,invalid,INELIGIBLE,independent_review,strict,ELIGIBLE,164,25,0,0,0,1,0,1,1,0,1,0,0,,,,
Qwen3-4B,mlx-community/Qwen3-4B-Instruct-2507-4bit,50d427756c6b1b2fe0c0a10f67fbda1fc8e82c1b,document_support-invalid-2,document_support-invalid-2--record_first,document_support,record_first,invalid,INELIGIBLE,prior_rationale,strict,ELIGIBLE,187,30,0,0,0,1,0,1,1,0,1,0,0,,,,
Qwen3-4B,mlx-community/Qwen3-4B-Instruct-2507-4bit,50d427756c6b1b2fe0c0a10f67fbda1fc8e82c1b,document_support-invalid-2,document_support-invalid-2--record_first,document_support,record_first,invalid,INELIGIBLE,evidence_checklist,strict,ELIGIBLE,445,71,0,0,0,1,0,1,1,0,1,0,0,,,,
Qwen3-4B,mlx-community/Qwen3-4B-Instruct-2507-4bit,50d427756c6b1b2fe0c0a10f67fbda1fc8e82c1b,document_support-invalid-2,document_support-invalid-2--record_first,document_support,record_first,invalid,INELIGIBLE,commit_then_review,strict,ELIGIBLE,550,83,0,0,0,1,0,1,1,0,1,0,0,1,0,0,0
Qwen3-4B,mlx-community/Qwen3-4B-Instruct-2507-4bit,50d427756c6b1b2fe0c0a10f67fbda1fc8e82c1b,document_support-invalid-3,document_support-invalid-3--policy_first,document_support,policy_first,invalid,INELIGIBLE,independent_review,strict,ELIGIBLE,375,60,0,0,0,1,0,1,1,0,1,0,0,,,,
Qwen3-4B,mlx-community/Qwen3-4B-Instruct-2507-4bit,50d427756c6b1b2fe0c0a10f67fbda1fc8e82c1b,document_support-invalid-3,document_support-invalid-3--policy_first,document_support,policy_first,invalid,INELIGIBLE,prior_rationale,strict,ELIGIBLE,223,34,0,0,0,1,0,1,1,0,1,0,0,,,,
Qwen3-4B,mlx-community/Qwen3-4B-Instruct-2507-4bit,50d427756c6b1b2fe0c0a10f67fbda1fc8e82c1b,document_support-invalid-3,document_support-invalid-3--policy_first,document_support,policy_first,invalid,INELIGIBLE,evidence_checklist,strict,ELIGIBLE,326,48,0,0,0,1,0,1,1,0,1,0,0,,,,
Qwen3-4B,mlx-community/Qwen3-4B-Instruct-2507-4bit,50d427756c6b1b2fe0c0a10f67fbda1fc8e82c1b,document_support-invalid-3,document_support-invalid-3--policy_first,document_support,policy_first,invalid,INELIGIBLE,commit_then_review,strict,ELIGIBLE,37,3,0,0,0,1,0,1,1,0,1,0,0,0,0,0,0
Qwen3-4B,mlx-community/Qwen3-4B-Instruct-2507-4bit,50d427756c6b1b2fe0c0a10f67fbda1fc8e82c1b,document_support-invalid-3,document_support-invalid-3--record_first,document_support,record_first,invalid,INELIGIBLE,independent_review,strict,ELIGIBLE,128,19,0,0,0,1,0,1,1,0,1,0,0,,,,
Qwen3-4B,mlx-community/Qwen3-4B-Instruct-2507-4bit,50d427756c6b1b2fe0c0a10f67fbda1fc8e82c1b,document_support-invalid-3,document_support-invalid-3--record_first,document_support,record_first,invalid,INELIGIBLE,prior_rationale,strict,ELIGIBLE,119,17,0,0,0,1,0,1,1,0,1,0,0,,,,
Qwen3-4B,mlx-community/Qwen3-4B-Instruct-2507-4bit,50d427756c6b1b2fe0c0a10f67fbda1fc8e82c1b,document_support-invalid-3,document_support-invalid-3--record_first,document_support,record_first,invalid,INELIGIBLE,evidence_checklist,strict,ELIGIBLE,121,18,0,0,0,1,0,1,1,0,1,0,0,,,,
Qwen3-4B,mlx-community/Qwen3-4B-Instruct-2507-4bit,50d427756c6b1b2fe0c0a10f67fbda1fc8e82c1b,document_support-invalid-3,document_support-invalid-3--record_first,document_support,record_first,invalid,INELIGIBLE,commit_then_review,strict,ELIGIBLE,128,19,0,0,0,1,0,1,1,0,1,0,0,0,0,0,0
Qwen3-4B,mlx-community/Qwen3-4B-Instruct-2507-4bit,50d427756c6b1b2fe0c0a10f67fbda1fc8e82c1b,document_support-incomplete-1,document_support-incomplete-1--policy_first,document_support,policy_first,incomplete,NEED_INFORMATION,independent_review,strict,ELIGIBLE,200,30,0,0,0,1,0,1,1,0,0,0,0,,,,
Qwen3-4B,mlx-community/Qwen3-4B-Instruct-2507-4bit,50d427756c6b1b2fe0c0a10f67fbda1fc8e82c1b,document_support-incomplete-1,document_support-incomplete-1--policy_first,document_support,policy_first,incomplete,NEED_INFORMATION,prior_rationale,strict,ELIGIBLE,371,55,0,0,0,1,0,1,1,0,0,0,0,,,,
Qwen3-4B,mlx-community/Qwen3-4B-Instruct-2507-4bit,50d427756c6b1b2fe0c0a10f67fbda1fc8e82c1b,document_support-incomplete-1,document_support-incomplete-1--policy_first,document_support,policy_first,incomplete,NEED_INFORMATION,evidence_checklist,strict,ELIGIBLE,309,45,0,0,0,1,0,1,1,0,0,0,0,,,,
Qwen3-4B,mlx-community/Qwen3-4B-Instruct-2507-4bit,50d427756c6b1b2fe0c0a10f67fbda1fc8e82c1b,document_support-incomplete-1,document_support-incomplete-1--policy_first,document_support,policy_first,incomplete,NEED_INFORMATION,commit_then_review,strict,ELIGIBLE,37,3,0,0,0,1,0,1,1,0,0,0,0,0,0,0,0
Qwen3-4B,mlx-community/Qwen3-4B-Instruct-2507-4bit,50d427756c6b1b2fe0c0a10f67fbda1fc8e82c1b,document_support-incomplete-1,document_support-incomplete-1--record_first,document_support,record_first,incomplete,NEED_INFORMATION,independent_review,strict,ELIGIBLE,184,27,0,0,0,1,0,1,1,0,0,0,0,,,,
Qwen3-4B,mlx-community/Qwen3-4B-Instruct-2507-4bit,50d427756c6b1b2fe0c0a10f67fbda1fc8e82c1b,document_support-incomplete-1,document_support-incomplete-1--record_first,document_support,record_first,incomplete,NEED_INFORMATION,prior_rationale,strict,ELIGIBLE,369,56,0,0,0,1,0,1,1,0,0,0,0,,,,
Qwen3-4B,mlx-community/Qwen3-4B-Instruct-2507-4bit,50d427756c6b1b2fe0c0a10f67fbda1fc8e82c1b,document_support-incomplete-1,document_support-incomplete-1--record_first,document_support,record_first,incomplete,NEED_INFORMATION,evidence_checklist,strict,ELIGIBLE,147,20,0,0,0,1,0,1,1,0,0,0,0,,,,
Qwen3-4B,mlx-community/Qwen3-4B-Instruct-2507-4bit,50d427756c6b1b2fe0c0a10f67fbda1fc8e82c1b,document_support-incomplete-1,document_support-incomplete-1--record_first,document_support,record_first,incomplete,NEED_INFORMATION,commit_then_review,strict,ELIGIBLE,201,30,0,0,0,1,0,1,1,0,0,0,0,0,0,0,0
Qwen3-4B,mlx-community/Qwen3-4B-Instruct-2507-4bit,50d427756c6b1b2fe0c0a10f67fbda1fc8e82c1b,document_support-incomplete-2,document_support-incomplete-2--policy_first,document_support,policy_first,incomplete,NEED_INFORMATION,independent_review,strict,ELIGIBLE,200,30,0,0,0,1,0,1,1,0,0,0,0,,,,
Qwen3-4B,mlx-community/Qwen3-4B-Instruct-2507-4bit,50d427756c6b1b2fe0c0a10f67fbda1fc8e82c1b,document_support-incomplete-2,document_support-incomplete-2--policy_first,document_support,policy_first,incomplete,NEED_INFORMATION,prior_rationale,strict,ELIGIBLE,335,53,0,0,0,1,0,1,1,0,0,0,0,,,,
Qwen3-4B,mlx-community/Qwen3-4B-Instruct-2507-4bit,50d427756c6b1b2fe0c0a10f67fbda1fc8e82c1b,document_support-incomplete-2,document_support-incomplete-2--policy_first,document_support,policy_first,incomplete,NEED_INFORMATION,evidence_checklist,strict,ELIGIBLE,320,49,0,0,0,1,0,1,1,0,0,0,0,,,,
Qwen3-4B,mlx-community/Qwen3-4B-Instruct-2507-4bit,50d427756c6b1b2fe0c0a10f67fbda1fc8e82c1b,document_support-incomplete-2,document_support-incomplete-2--policy_first,document_support,policy_first,incomplete,NEED_INFORMATION,commit_then_review,strict,ELIGIBLE,200,30,0,0,0,1,0,1,1,0,0,0,0,0,0,0,0
Qwen3-4B,mlx-community/Qwen3-4B-Instruct-2507-4bit,50d427756c6b1b2fe0c0a10f67fbda1fc8e82c1b,document_support-incomplete-2,document_support-incomplete-2--record_first,document_support,record_first,incomplete,NEED_INFORMATION,independent_review,strict,ELIGIBLE,194,28,0,0,0,1,0,1,1,0,0,0,0,,,,
Qwen3-4B,mlx-community/Qwen3-4B-Instruct-2507-4bit,50d427756c6b1b2fe0c0a10f67fbda1fc8e82c1b,document_support-incomplete-2,document_support-incomplete-2--record_first,document_support,record_first,incomplete,NEED_INFORMATION,prior_rationale,strict,ELIGIBLE,369,56,0,0,0,1,0,1,1,0,0,0,0,,,,
Qwen3-4B,mlx-community/Qwen3-4B-Instruct-2507-4bit,50d427756c6b1b2fe0c0a10f67fbda1fc8e82c1b,document_support-incomplete-2,document_support-incomplete-2--record_first,document_support,record_first,incomplete,NEED_INFORMATION,evidence_checklist,strict,ELIGIBLE,147,20,0,0,0,1,0,1,1,0,0,0,0,,,,
Qwen3-4B,mlx-community/Qwen3-4B-Instruct-2507-4bit,50d427756c6b1b2fe0c0a10f67fbda1fc8e82c1b,document_support-incomplete-2,document_support-incomplete-2--record_first,document_support,record_first,incomplete,NEED_INFORMATION,commit_then_review,strict,ELIGIBLE,184,27,0,0,0,1,0,1,1,0,0,0,0,0,0,0,0
Qwen3-4B,mlx-community/Qwen3-4B-Instruct-2507-4bit,50d427756c6b1b2fe0c0a10f67fbda1fc8e82c1b,document_support-incomplete-3,document_support-incomplete-3--policy_first,document_support,policy_first,incomplete,NEED_INFORMATION,independent_review,strict,ELIGIBLE,200,30,0,0,0,1,0,1,1,0,0,0,0,,,,
Qwen3-4B,mlx-community/Qwen3-4B-Instruct-2507-4bit,50d427756c6b1b2fe0c0a10f67fbda1fc8e82c1b,document_support-incomplete-3,document_support-incomplete-3--policy_first,document_support,policy_first,incomplete,NEED_INFORMATION,prior_rationale,strict,ELIGIBLE,371,55,0,0,0,1,0,1,1,0,0,0,0,,,,
Qwen3-4B,mlx-community/Qwen3-4B-Instruct-2507-4bit,50d427756c6b1b2fe0c0a10f67fbda1fc8e82c1b,document_support-incomplete-3,document_support-incomplete-3--policy_first,document_support,policy_first,incomplete,NEED_INFORMATION,evidence_checklist,strict,ELIGIBLE,236,35,0,0,0,1,0,1,1,0,0,0,0,,,,
Qwen3-4B,mlx-community/Qwen3-4B-Instruct-2507-4bit,50d427756c6b1b2fe0c0a10f67fbda1fc8e82c1b,document_support-incomplete-3,document_support-incomplete-3--policy_first,document_support,policy_first,incomplete,NEED_INFORMATION,commit_then_review,strict,ELIGIBLE,200,30,0,0,0,1,0,1,1,0,0,0,0,0,0,0,0
Qwen3-4B,mlx-community/Qwen3-4B-Instruct-2507-4bit,50d427756c6b1b2fe0c0a10f67fbda1fc8e82c1b,document_support-incomplete-3,document_support-incomplete-3--record_first,document_support,record_first,incomplete,NEED_INFORMATION,independent_review,strict,ELIGIBLE,194,28,0,0,0,1,0,1,1,0,0,0,0,,,,
Qwen3-4B,mlx-community/Qwen3-4B-Instruct-2507-4bit,50d427756c6b1b2fe0c0a10f67fbda1fc8e82c1b,document_support-incomplete-3,document_support-incomplete-3--record_first,document_support,record_first,incomplete,NEED_INFORMATION,prior_rationale,strict,ELIGIBLE,369,56,0,0,0,1,0,1,1,0,0,0,0,,,,
Qwen3-4B,mlx-community/Qwen3-4B-Instruct-2507-4bit,50d427756c6b1b2fe0c0a10f67fbda1fc8e82c1b,document_support-incomplete-3,document_support-incomplete-3--record_first,document_support,record_first,incomplete,NEED_INFORMATION,evidence_checklist,strict,ELIGIBLE,147,20,0,0,0,1,0,1,1,0,0,0,0,,,,
Qwen3-4B,mlx-community/Qwen3-4B-Instruct-2507-4bit,50d427756c6b1b2fe0c0a10f67fbda1fc8e82c1b,document_support-incomplete-3,document_support-incomplete-3--record_first,document_support,record_first,incomplete,NEED_INFORMATION,commit_then_review,strict,ELIGIBLE,201,30,0,0,0,1,0,1,1,0,0,0,0,0,0,0,0
Qwen3-4B,mlx-community/Qwen3-4B-Instruct-2507-4bit,50d427756c6b1b2fe0c0a10f67fbda1fc8e82c1b,document_support-conflict-1,document_support-conflict-1--policy_first,document_support,policy_first,conflict,HUMAN_REVIEW,independent_review,strict,ELIGIBLE,199,30,0,0,0,0,0,1,1,0,0,0,0,,,,
Qwen3-4B,mlx-community/Qwen3-4B-Instruct-2507-4bit,50d427756c6b1b2fe0c0a10f67fbda1fc8e82c1b,document_support-conflict-1,document_support-conflict-1--policy_first,document_support,policy_first,conflict,HUMAN_REVIEW,prior_rationale,strict,ELIGIBLE,188,26,0,0,0,0,0,1,1,0,0,0,0,,,,
Qwen3-4B,mlx-community/Qwen3-4B-Instruct-2507-4bit,50d427756c6b1b2fe0c0a10f67fbda1fc8e82c1b,document_support-conflict-1,document_support-conflict-1--policy_first,document_support,policy_first,conflict,HUMAN_REVIEW,evidence_checklist,strict,ELIGIBLE,219,29,0,0,0,0,0,1,1,0,0,0,0,,,,
Qwen3-4B,mlx-community/Qwen3-4B-Instruct-2507-4bit,50d427756c6b1b2fe0c0a10f67fbda1fc8e82c1b,document_support-conflict-1,document_support-conflict-1--policy_first,document_support,policy_first,conflict,HUMAN_REVIEW,commit_then_review,strict,ELIGIBLE,218,32,0,0,0,0,0,1,1,0,0,0,0,0,0,0,0
Qwen3-4B,mlx-community/Qwen3-4B-Instruct-2507-4bit,50d427756c6b1b2fe0c0a10f67fbda1fc8e82c1b,document_support-conflict-1,document_support-conflict-1--record_first,document_support,record_first,conflict,HUMAN_REVIEW,independent_review,strict,ELIGIBLE,179,26,0,0,0,0,0,1,1,0,0,0,0,,,,
Qwen3-4B,mlx-community/Qwen3-4B-Instruct-2507-4bit,50d427756c6b1b2fe0c0a10f67fbda1fc8e82c1b,document_support-conflict-1,document_support-conflict-1--record_first,document_support,record_first,conflict,HUMAN_REVIEW,prior_rationale,strict,ELIGIBLE,179,26,0,0,0,0,0,1,1,0,0,0,0,,,,
Qwen3-4B,mlx-community/Qwen3-4B-Instruct-2507-4bit,50d427756c6b1b2fe0c0a10f67fbda1fc8e82c1b,document_support-conflict-1,document_support-conflict-1--record_first,document_support,record_first,conflict,HUMAN_REVIEW,evidence_checklist,strict,ELIGIBLE,125,18,0,0,0,0,0,1,1,0,0,0,0,,,,
Qwen3-4B,mlx-community/Qwen3-4B-Instruct-2507-4bit,50d427756c6b1b2fe0c0a10f67fbda1fc8e82c1b,document_support-conflict-1,document_support-conflict-1--record_first,document_support,record_first,conflict,HUMAN_REVIEW,commit_then_review,strict,ELIGIBLE,179,26,0,0,0,0,0,1,1,0,0,0,0,0,0,0,0
Qwen3-4B,mlx-community/Qwen3-4B-Instruct-2507-4bit,50d427756c6b1b2fe0c0a10f67fbda1fc8e82c1b,document_support-conflict-2,document_support-conflict-2--policy_first,document_support,policy_first,conflict,HUMAN_REVIEW,independent_review,strict,ELIGIBLE,199,30,0,0,0,0,0,1,1,0,0,0,0,,,,
Qwen3-4B,mlx-community/Qwen3-4B-Instruct-2507-4bit,50d427756c6b1b2fe0c0a10f67fbda1fc8e82c1b,document_support-conflict-2,document_support-conflict-2--policy_first,document_support,policy_first,conflict,HUMAN_REVIEW,prior_rationale,strict,ELIGIBLE,177,26,0,0,0,0,0,1,1,0,0,0,0,,,,
Qwen3-4B,mlx-community/Qwen3-4B-Instruct-2507-4bit,50d427756c6b1b2fe0c0a10f67fbda1fc8e82c1b,document_support-conflict-2,document_support-conflict-2--policy_first,document_support,policy_first,conflict,HUMAN_REVIEW,evidence_checklist,strict,ELIGIBLE,206,28,0,0,0,0,0,1,1,0,0,0,0,,,,
Qwen3-4B,mlx-community/Qwen3-4B-Instruct-2507-4bit,50d427756c6b1b2fe0c0a10f67fbda1fc8e82c1b,document_support-conflict-2,document_support-conflict-2--policy_first,document_support,policy_first,conflict,HUMAN_REVIEW,commit_then_review,strict,ELIGIBLE,218,32,0,0,0,0,0,1,1,0,0,0,0,0,0,0,0
Qwen3-4B,mlx-community/Qwen3-4B-Instruct-2507-4bit,50d427756c6b1b2fe0c0a10f67fbda1fc8e82c1b,document_support-conflict-2,document_support-conflict-2--record_first,document_support,record_first,conflict,HUMAN_REVIEW,independent_review,strict,ELIGIBLE,179,26,0,0,0,0,0,1,1,0,0,0,0,,,,
Qwen3-4B,mlx-community/Qwen3-4B-Instruct-2507-4bit,50d427756c6b1b2fe0c0a10f67fbda1fc8e82c1b,document_support-conflict-2,document_support-conflict-2--record_first,document_support,record_first,conflict,HUMAN_REVIEW,prior_rationale,strict,ELIGIBLE,179,26,0,0,0,0,0,1,1,0,0,0,0,,,,
Qwen3-4B,mlx-community/Qwen3-4B-Instruct-2507-4bit,50d427756c6b1b2fe0c0a10f67fbda1fc8e82c1b,document_support-conflict-2,document_support-conflict-2--record_first,document_support,record_first,conflict,HUMAN_REVIEW,evidence_checklist,strict,ELIGIBLE,133,18,0,0,0,0,0,1,1,0,0,0,0,,,,
Qwen3-4B,mlx-community/Qwen3-4B-Instruct-2507-4bit,50d427756c6b1b2fe0c0a10f67fbda1fc8e82c1b,document_support-conflict-2,document_support-conflict-2--record_first,document_support,record_first,conflict,HUMAN_REVIEW,commit_then_review,strict,ELIGIBLE,179,26,0,0,0,0,0,1,1,0,0,0,0,0,0,0,0
Qwen3-4B,mlx-community/Qwen3-4B-Instruct-2507-4bit,50d427756c6b1b2fe0c0a10f67fbda1fc8e82c1b,document_support-conflict-3,document_support-conflict-3--policy_first,document_support,policy_first,conflict,HUMAN_REVIEW,independent_review,strict,ELIGIBLE,199,30,0,0,0,0,0,1,1,0,0,0,0,,,,
Qwen3-4B,mlx-community/Qwen3-4B-Instruct-2507-4bit,50d427756c6b1b2fe0c0a10f67fbda1fc8e82c1b,document_support-conflict-3,document_support-conflict-3--policy_first,document_support,policy_first,conflict,HUMAN_REVIEW,prior_rationale,strict,ELIGIBLE,188,26,0,0,0,0,0,1,1,0,0,0,0,,,,
Qwen3-4B,mlx-community/Qwen3-4B-Instruct-2507-4bit,50d427756c6b1b2fe0c0a10f67fbda1fc8e82c1b,document_support-conflict-3,document_support-conflict-3--policy_first,document_support,policy_first,conflict,HUMAN_REVIEW,evidence_checklist,strict,ELIGIBLE,219,29,0,0,0,0,0,1,1,0,0,0,0,,,,
Qwen3-4B,mlx-community/Qwen3-4B-Instruct-2507-4bit,50d427756c6b1b2fe0c0a10f67fbda1fc8e82c1b,document_support-conflict-3,document_support-conflict-3--policy_first,document_support,policy_first,conflict,HUMAN_REVIEW,commit_then_review,strict,ELIGIBLE,218,32,0,0,0,0,0,1,1,0,0,0,0,0,0,0,0
Qwen3-4B,mlx-community/Qwen3-4B-Instruct-2507-4bit,50d427756c6b1b2fe0c0a10f67fbda1fc8e82c1b,document_support-conflict-3,document_support-conflict-3--record_first,document_support,record_first,conflict,HUMAN_REVIEW,independent_review,strict,ELIGIBLE,179,26,0,0,0,0,0,1,1,0,0,0,0,,,,
Qwen3-4B,mlx-community/Qwen3-4B-Instruct-2507-4bit,50d427756c6b1b2fe0c0a10f67fbda1fc8e82c1b,document_support-conflict-3,document_support-conflict-3--record_first,document_support,record_first,conflict,HUMAN_REVIEW,prior_rationale,strict,ELIGIBLE,179,26,0,0,0,0,0,1,1,0,0,0,0,,,,
Qwen3-4B,mlx-community/Qwen3-4B-Instruct-2507-4bit,50d427756c6b1b2fe0c0a10f67fbda1fc8e82c1b,document_support-conflict-3,document_support-conflict-3--record_first,document_support,record_first,conflict,HUMAN_REVIEW,evidence_checklist,strict,ELIGIBLE,125,18,0,0,0,0,0,1,1,0,0,0,0,,,,
Qwen3-4B,mlx-community/Qwen3-4B-Instruct-2507-4bit,50d427756c6b1b2fe0c0a10f67fbda1fc8e82c1b,document_support-conflict-3,document_support-conflict-3--record_first,document_support,record_first,conflict,HUMAN_REVIEW,commit_then_review,strict,ELIGIBLE,179,26,0,0,0,0,0,1,1,0,0,0,0,0,0,0,0
Qwen3-4B,mlx-community/Qwen3-4B-Instruct-2507-4bit,50d427756c6b1b2fe0c0a10f67fbda1fc8e82c1b,interpretation_booking-valid-1,interpretation_booking-valid-1--policy_first,interpretation_booking,policy_first,valid,ELIGIBLE,independent_review,strict,ELIGIBLE,152,21,0,1,1,1,1,1,1,0,0,0,0,,,,
Qwen3-4B,mlx-community/Qwen3-4B-Instruct-2507-4bit,50d427756c6b1b2fe0c0a10f67fbda1fc8e82c1b,interpretation_booking-valid-1,interpretation_booking-valid-1--policy_first,interpretation_booking,policy_first,valid,ELIGIBLE,prior_rationale,strict,ELIGIBLE,157,21,0,1,1,1,1,1,1,0,0,0,0,,,,
Qwen3-4B,mlx-community/Qwen3-4B-Instruct-2507-4bit,50d427756c6b1b2fe0c0a10f67fbda1fc8e82c1b,interpretation_booking-valid-1,interpretation_booking-valid-1--policy_first,interpretation_booking,policy_first,valid,ELIGIBLE,evidence_checklist,strict,ELIGIBLE,151,20,0,1,1,1,1,1,1,0,0,0,0,,,,
Qwen3-4B,mlx-community/Qwen3-4B-Instruct-2507-4bit,50d427756c6b1b2fe0c0a10f67fbda1fc8e82c1b,interpretation_booking-valid-1,interpretation_booking-valid-1--policy_first,interpretation_booking,policy_first,valid,ELIGIBLE,commit_then_review,strict,ELIGIBLE,37,3,0,1,1,1,1,1,1,0,0,0,0,0,0,0,1
Qwen3-4B,mlx-community/Qwen3-4B-Instruct-2507-4bit,50d427756c6b1b2fe0c0a10f67fbda1fc8e82c1b,interpretation_booking-valid-1,interpretation_booking-valid-1--record_first,interpretation_booking,record_first,valid,ELIGIBLE,independent_review,strict,ELIGIBLE,158,21,0,1,1,1,1,1,1,0,0,0,0,,,,
Qwen3-4B,mlx-community/Qwen3-4B-Instruct-2507-4bit,50d427756c6b1b2fe0c0a10f67fbda1fc8e82c1b,interpretation_booking-valid-1,interpretation_booking-valid-1--record_first,interpretation_booking,record_first,valid,ELIGIBLE,prior_rationale,strict,ELIGIBLE,157,21,0,1,1,1,1,1,1,0,0,0,0,,,,
Qwen3-4B,mlx-community/Qwen3-4B-Instruct-2507-4bit,50d427756c6b1b2fe0c0a10f67fbda1fc8e82c1b,interpretation_booking-valid-1,interpretation_booking-valid-1--record_first,interpretation_booking,record_first,valid,ELIGIBLE,evidence_checklist,strict,ELIGIBLE,169,22,0,1,1,1,1,1,1,0,0,0,0,,,,
Qwen3-4B,mlx-community/Qwen3-4B-Instruct-2507-4bit,50d427756c6b1b2fe0c0a10f67fbda1fc8e82c1b,interpretation_booking-valid-1,interpretation_booking-valid-1--record_first,interpretation_booking,record_first,valid,ELIGIBLE,commit_then_review,strict,ELIGIBLE,178,23,0,1,1,1,1,1,1,0,0,0,0,0,0,0,1
Qwen3-4B,mlx-community/Qwen3-4B-Instruct-2507-4bit,50d427756c6b1b2fe0c0a10f67fbda1fc8e82c1b,interpretation_booking-valid-2,interpretation_booking-valid-2--policy_first,interpretation_booking,policy_first,valid,ELIGIBLE,independent_review,strict,ELIGIBLE,116,15,0,1,1,1,1,1,1,0,0,0,0,,,,
Qwen3-4B,mlx-community/Qwen3-4B-Instruct-2507-4bit,50d427756c6b1b2fe0c0a10f67fbda1fc8e82c1b,interpretation_booking-valid-2,interpretation_booking-valid-2--policy_first,interpretation_booking,policy_first,valid,ELIGIBLE,prior_rationale,strict,ELIGIBLE,185,23,0,1,1,1,1,1,1,0,0,0,0,,,,
Qwen3-4B,mlx-community/Qwen3-4B-Instruct-2507-4bit,50d427756c6b1b2fe0c0a10f67fbda1fc8e82c1b,interpretation_booking-valid-2,interpretation_booking-valid-2--policy_first,interpretation_booking,policy_first,valid,ELIGIBLE,evidence_checklist,strict,ELIGIBLE,151,20,0,1,1,1,1,1,1,0,0,0,0,,,,
Qwen3-4B,mlx-community/Qwen3-4B-Instruct-2507-4bit,50d427756c6b1b2fe0c0a10f67fbda1fc8e82c1b,interpretation_booking-valid-2,interpretation_booking-valid-2--policy_first,interpretation_booking,policy_first,valid,ELIGIBLE,commit_then_review,strict,ELIGIBLE,37,3,0,1,1,1,1,1,1,0,0,0,0,0,0,0,1
Qwen3-4B,mlx-community/Qwen3-4B-Instruct-2507-4bit,50d427756c6b1b2fe0c0a10f67fbda1fc8e82c1b,interpretation_booking-valid-2,interpretation_booking-valid-2--record_first,interpretation_booking,record_first,valid,ELIGIBLE,independent_review,strict,ELIGIBLE,141,18,0,1,1,1,1,1,1,0,0,0,0,,,,
Qwen3-4B,mlx-community/Qwen3-4B-Instruct-2507-4bit,50d427756c6b1b2fe0c0a10f67fbda1fc8e82c1b,interpretation_booking-valid-2,interpretation_booking-valid-2--record_first,interpretation_booking,record_first,valid,ELIGIBLE,prior_rationale,strict,ELIGIBLE,157,21,0,1,1,1,1,1,1,0,0,0,0,,,,
Qwen3-4B,mlx-community/Qwen3-4B-Instruct-2507-4bit,50d427756c6b1b2fe0c0a10f67fbda1fc8e82c1b,interpretation_booking-valid-2,interpretation_booking-valid-2--record_first,interpretation_booking,record_first,valid,ELIGIBLE,evidence_checklist,strict,ELIGIBLE,169,22,0,1,1,1,1,1,1,0,0,0,0,,,,
Qwen3-4B,mlx-community/Qwen3-4B-Instruct-2507-4bit,50d427756c6b1b2fe0c0a10f67fbda1fc8e82c1b,interpretation_booking-valid-2,interpretation_booking-valid-2--record_first,interpretation_booking,record_first,valid,ELIGIBLE,commit_then_review,strict,ELIGIBLE,178,23,0,1,1,1,1,1,1,0,0,0,0,0,0,0,1
Qwen3-4B,mlx-community/Qwen3-4B-Instruct-2507-4bit,50d427756c6b1b2fe0c0a10f67fbda1fc8e82c1b,interpretation_booking-valid-3,interpretation_booking-valid-3--policy_first,interpretation_booking,policy_first,valid,ELIGIBLE,independent_review,strict,ELIGIBLE,116,15,0,1,1,1,1,1,1,0,0,0,0,,,,
Qwen3-4B,mlx-community/Qwen3-4B-Instruct-2507-4bit,50d427756c6b1b2fe0c0a10f67fbda1fc8e82c1b,interpretation_booking-valid-3,interpretation_booking-valid-3--policy_first,interpretation_booking,policy_first,valid,ELIGIBLE,prior_rationale,strict,ELIGIBLE,157,21,0,1,1,1,1,1,1,0,0,0,0,,,,
Qwen3-4B,mlx-community/Qwen3-4B-Instruct-2507-4bit,50d427756c6b1b2fe0c0a10f67fbda1fc8e82c1b,interpretation_booking-valid-3,interpretation_booking-valid-3--policy_first,interpretation_booking,policy_first,valid,ELIGIBLE,evidence_checklist,strict,ELIGIBLE,151,20,0,1,1,1,1,1,1,0,0,0,0,,,,
Qwen3-4B,mlx-community/Qwen3-4B-Instruct-2507-4bit,50d427756c6b1b2fe0c0a10f67fbda1fc8e82c1b,interpretation_booking-valid-3,interpretation_booking-valid-3--policy_first,interpretation_booking,policy_first,valid,ELIGIBLE,commit_then_review,strict,ELIGIBLE,37,3,0,1,1,1,1,1,1,0,0,0,0,0,0,0,1
Qwen3-4B,mlx-community/Qwen3-4B-Instruct-2507-4bit,50d427756c6b1b2fe0c0a10f67fbda1fc8e82c1b,interpretation_booking-valid-3,interpretation_booking-valid-3--record_first,interpretation_booking,record_first,valid,ELIGIBLE,independent_review,strict,ELIGIBLE,178,23,0,1,1,1,1,1,1,0,0,0,0,,,,
Qwen3-4B,mlx-community/Qwen3-4B-Instruct-2507-4bit,50d427756c6b1b2fe0c0a10f67fbda1fc8e82c1b,interpretation_booking-valid-3,interpretation_booking-valid-3--record_first,interpretation_booking,record_first,valid,ELIGIBLE,prior_rationale,strict,ELIGIBLE,157,21,0,1,1,1,1,1,1,0,0,0,0,,,,
Qwen3-4B,mlx-community/Qwen3-4B-Instruct-2507-4bit,50d427756c6b1b2fe0c0a10f67fbda1fc8e82c1b,interpretation_booking-valid-3,interpretation_booking-valid-3--record_first,interpretation_booking,record_first,valid,ELIGIBLE,evidence_checklist,strict,ELIGIBLE,169,22,0,1,1,1,1,1,1,0,0,0,0,,,,
Qwen3-4B,mlx-community/Qwen3-4B-Instruct-2507-4bit,50d427756c6b1b2fe0c0a10f67fbda1fc8e82c1b,interpretation_booking-valid-3,interpretation_booking-valid-3--record_first,interpretation_booking,record_first,valid,ELIGIBLE,commit_then_review,strict,ELIGIBLE,178,23,0,1,1,1,1,1,1,0,0,0,0,0,0,0,1
Qwen3-4B,mlx-community/Qwen3-4B-Instruct-2507-4bit,50d427756c6b1b2fe0c0a10f67fbda1fc8e82c1b,interpretation_booking-invalid-1,interpretation_booking-invalid-1--policy_first,interpretation_booking,policy_first,invalid,INELIGIBLE,independent_review,strict,ELIGIBLE,530,82,0,0,0,1,0,1,1,0,1,0,0,,,,
Qwen3-4B,mlx-community/Qwen3-4B-Instruct-2507-4bit,50d427756c6b1b2fe0c0a10f67fbda1fc8e82c1b,interpretation_booking-invalid-1,interpretation_booking-invalid-1--policy_first,interpretation_booking,policy_first,invalid,INELIGIBLE,prior_rationale,unparsed,,0,0,0,0,0,0,0,0,0,0,0,0,0,,,,
Qwen3-4B,mlx-community/Qwen3-4B-Instruct-2507-4bit,50d427756c6b1b2fe0c0a10f67fbda1fc8e82c1b,interpretation_booking-invalid-1,interpretation_booking-invalid-1--policy_first,interpretation_booking,policy_first,invalid,INELIGIBLE,evidence_checklist,strict,ELIGIBLE,675,113,0,0,0,1,0,1,1,0,1,0,0,,,,
Qwen3-4B,mlx-community/Qwen3-4B-Instruct-2507-4bit,50d427756c6b1b2fe0c0a10f67fbda1fc8e82c1b,interpretation_booking-invalid-1,interpretation_booking-invalid-1--policy_first,interpretation_booking,policy_first,invalid,INELIGIBLE,commit_then_review,strict,ELIGIBLE,37,3,0,0,0,1,0,1,1,0,1,0,0,0,0,0,0
Qwen3-4B,mlx-community/Qwen3-4B-Instruct-2507-4bit,50d427756c6b1b2fe0c0a10f67fbda1fc8e82c1b,interpretation_booking-invalid-1,interpretation_booking-invalid-1--record_first,interpretation_booking,record_first,invalid,INELIGIBLE,independent_review,strict,ELIGIBLE,149,22,0,0,0,1,0,1,1,0,1,0,0,,,,
Qwen3-4B,mlx-community/Qwen3-4B-Instruct-2507-4bit,50d427756c6b1b2fe0c0a10f67fbda1fc8e82c1b,interpretation_booking-invalid-1,interpretation_booking-invalid-1--record_first,interpretation_booking,record_first,invalid,INELIGIBLE,prior_rationale,strict,ELIGIBLE,175,26,0,0,0,1,0,1,1,0,1,0,0,,,,
Qwen3-4B,mlx-community/Qwen3-4B-Instruct-2507-4bit,50d427756c6b1b2fe0c0a10f67fbda1fc8e82c1b,interpretation_booking-invalid-1,interpretation_booking-invalid-1--record_first,interpretation_booking,record_first,invalid,INELIGIBLE,evidence_checklist,strict,ELIGIBLE,413,67,0,0,0,1,0,1,1,0,1,0,0,,,,
Qwen3-4B,mlx-community/Qwen3-4B-Instruct-2507-4bit,50d427756c6b1b2fe0c0a10f67fbda1fc8e82c1b,interpretation_booking-invalid-1,interpretation_booking-invalid-1--record_first,interpretation_booking,record_first,invalid,INELIGIBLE,commit_then_review,strict,ELIGIBLE,320,51,0,0,0,1,0,1,1,0,1,0,0,0,0,0,0
Qwen3-4B,mlx-community/Qwen3-4B-Instruct-2507-4bit,50d427756c6b1b2fe0c0a10f67fbda1fc8e82c1b,interpretation_booking-invalid-2,interpretation_booking-invalid-2--policy_first,interpretation_booking,policy_first,invalid,INELIGIBLE,independent_review,strict,ELIGIBLE,612,94,0,0,0,1,0,1,1,0,1,0,0,,,,
Qwen3-4B,mlx-community/Qwen3-4B-Instruct-2507-4bit,50d427756c6b1b2fe0c0a10f67fbda1fc8e82c1b,interpretation_booking-invalid-2,interpretation_booking-invalid-2--policy_first,interpretation_booking,policy_first,invalid,INELIGIBLE,prior_rationale,strict,ELIGIBLE,522,81,0,0,0,1,0,1,1,0,1,0,0,,,,
Qwen3-4B,mlx-community/Qwen3-4B-Instruct-2507-4bit,50d427756c6b1b2fe0c0a10f67fbda1fc8e82c1b,interpretation_booking-invalid-2,interpretation_booking-invalid-2--policy_first,interpretation_booking,policy_first,invalid,INELIGIBLE,evidence_checklist,strict,ELIGIBLE,330,54,0,0,0,1,0,1,1,0,1,0,0,,,,
Qwen3-4B,mlx-community/Qwen3-4B-Instruct-2507-4bit,50d427756c6b1b2fe0c0a10f67fbda1fc8e82c1b,interpretation_booking-invalid-2,interpretation_booking-invalid-2--policy_first,interpretation_booking,policy_first,invalid,INELIGIBLE,commit_then_review,strict,ELIGIBLE,37,3,0,0,0,1,0,1,1,0,1,0,0,1,0,0,0
Qwen3-4B,mlx-community/Qwen3-4B-Instruct-2507-4bit,50d427756c6b1b2fe0c0a10f67fbda1fc8e82c1b,interpretation_booking-invalid-2,interpretation_booking-invalid-2--record_first,interpretation_booking,record_first,invalid,INELIGIBLE,independent_review,strict,ELIGIBLE,698,109,0,0,0,1,0,1,1,0,1,0,0,,,,
Qwen3-4B,mlx-community/Qwen3-4B-Instruct-2507-4bit,50d427756c6b1b2fe0c0a10f67fbda1fc8e82c1b,interpretation_booking-invalid-2,interpretation_booking-invalid-2--record_first,interpretation_booking,record_first,invalid,INELIGIBLE,prior_rationale,strict,ELIGIBLE,349,51,0,0,0,1,0,1,1,0,1,0,0,,,,
Qwen3-4B,mlx-community/Qwen3-4B-Instruct-2507-4bit,50d427756c6b1b2fe0c0a10f67fbda1fc8e82c1b,interpretation_booking-invalid-2,interpretation_booking-invalid-2--record_first,interpretation_booking,record_first,invalid,INELIGIBLE,evidence_checklist,strict,ELIGIBLE,650,106,0,0,0,1,0,1,1,0,1,0,0,,,,
Qwen3-4B,mlx-community/Qwen3-4B-Instruct-2507-4bit,50d427756c6b1b2fe0c0a10f67fbda1fc8e82c1b,interpretation_booking-invalid-2,interpretation_booking-invalid-2--record_first,interpretation_booking,record_first,invalid,INELIGIBLE,commit_then_review,strict,INELIGIBLE,244,35,0,1,1,1,1,1,1,0,0,0,0,1,1,0,0
Qwen3-4B,mlx-community/Qwen3-4B-Instruct-2507-4bit,50d427756c6b1b2fe0c0a10f67fbda1fc8e82c1b,interpretation_booking-invalid-3,interpretation_booking-invalid-3--policy_first,interpretation_booking,policy_first,invalid,INELIGIBLE,independent_review,strict,ELIGIBLE,380,56,0,0,0,1,0,1,1,0,1,0,0,,,,
Qwen3-4B,mlx-community/Qwen3-4B-Instruct-2507-4bit,50d427756c6b1b2fe0c0a10f67fbda1fc8e82c1b,interpretation_booking-invalid-3,interpretation_booking-invalid-3--policy_first,interpretation_booking,policy_first,invalid,INELIGIBLE,prior_rationale,strict,ELIGIBLE,266,41,0,0,0,1,0,1,1,0,1,0,0,,,,
Qwen3-4B,mlx-community/Qwen3-4B-Instruct-2507-4bit,50d427756c6b1b2fe0c0a10f67fbda1fc8e82c1b,interpretation_booking-invalid-3,interpretation_booking-invalid-3--policy_first,interpretation_booking,policy_first,invalid,INELIGIBLE,evidence_checklist,strict,ELIGIBLE,544,87,0,0,0,1,0,1,1,0,1,0,0,,,,
Qwen3-4B,mlx-community/Qwen3-4B-Instruct-2507-4bit,50d427756c6b1b2fe0c0a10f67fbda1fc8e82c1b,interpretation_booking-invalid-3,interpretation_booking-invalid-3--policy_first,interpretation_booking,policy_first,invalid,INELIGIBLE,commit_then_review,strict,ELIGIBLE,37,3,0,0,0,1,0,1,1,0,1,0,0,0,0,0,0
Qwen3-4B,mlx-community/Qwen3-4B-Instruct-2507-4bit,50d427756c6b1b2fe0c0a10f67fbda1fc8e82c1b,interpretation_booking-invalid-3,interpretation_booking-invalid-3--record_first,interpretation_booking,record_first,invalid,INELIGIBLE,independent_review,strict,ELIGIBLE,161,22,0,0,0,1,0,1,1,0,1,0,0,,,,
Qwen3-4B,mlx-community/Qwen3-4B-Instruct-2507-4bit,50d427756c6b1b2fe0c0a10f67fbda1fc8e82c1b,interpretation_booking-invalid-3,interpretation_booking-invalid-3--record_first,interpretation_booking,record_first,invalid,INELIGIBLE,prior_rationale,strict,ELIGIBLE,142,21,0,0,0,1,0,1,1,0,1,0,0,,,,
Qwen3-4B,mlx-community/Qwen3-4B-Instruct-2507-4bit,50d427756c6b1b2fe0c0a10f67fbda1fc8e82c1b,interpretation_booking-invalid-3,interpretation_booking-invalid-3--record_first,interpretation_booking,record_first,invalid,INELIGIBLE,evidence_checklist,strict,ELIGIBLE,317,46,0,0,0,1,0,1,1,0,1,0,0,,,,
Qwen3-4B,mlx-community/Qwen3-4B-Instruct-2507-4bit,50d427756c6b1b2fe0c0a10f67fbda1fc8e82c1b,interpretation_booking-invalid-3,interpretation_booking-invalid-3--record_first,interpretation_booking,record_first,invalid,INELIGIBLE,commit_then_review,strict,ELIGIBLE,134,18,0,0,0,1,0,1,1,0,1,0,0,0,0,0,0
Qwen3-4B,mlx-community/Qwen3-4B-Instruct-2507-4bit,50d427756c6b1b2fe0c0a10f67fbda1fc8e82c1b,interpretation_booking-incomplete-1,interpretation_booking-incomplete-1--policy_first,interpretation_booking,policy_first,incomplete,NEED_INFORMATION,independent_review,strict,ELIGIBLE,384,53,0,0,0,1,0,1,1,0,0,0,0,,,,
Qwen3-4B,mlx-community/Qwen3-4B-Instruct-2507-4bit,50d427756c6b1b2fe0c0a10f67fbda1fc8e82c1b,interpretation_booking-incomplete-1,interpretation_booking-incomplete-1--policy_first,interpretation_booking,policy_first,incomplete,NEED_INFORMATION,prior_rationale,strict,ELIGIBLE,263,37,0,0,0,1,0,1,1,0,0,0,0,,,,
Qwen3-4B,mlx-community/Qwen3-4B-Instruct-2507-4bit,50d427756c6b1b2fe0c0a10f67fbda1fc8e82c1b,interpretation_booking-incomplete-1,interpretation_booking-incomplete-1--policy_first,interpretation_booking,policy_first,incomplete,NEED_INFORMATION,evidence_checklist,strict,ELIGIBLE,317,45,0,0,0,1,0,1,1,0,0,0,0,,,,
Qwen3-4B,mlx-community/Qwen3-4B-Instruct-2507-4bit,50d427756c6b1b2fe0c0a10f67fbda1fc8e82c1b,interpretation_booking-incomplete-1,interpretation_booking-incomplete-1--policy_first,interpretation_booking,policy_first,incomplete,NEED_INFORMATION,commit_then_review,strict,ELIGIBLE,324,48,0,0,0,1,0,1,1,0,0,0,0,0,0,0,0
Qwen3-4B,mlx-community/Qwen3-4B-Instruct-2507-4bit,50d427756c6b1b2fe0c0a10f67fbda1fc8e82c1b,interpretation_booking-incomplete-1,interpretation_booking-incomplete-1--record_first,interpretation_booking,record_first,incomplete,NEED_INFORMATION,independent_review,strict,ELIGIBLE,165,23,0,0,0,1,0,1,1,0,0,0,0,,,,
Qwen3-4B,mlx-community/Qwen3-4B-Instruct-2507-4bit,50d427756c6b1b2fe0c0a10f67fbda1fc8e82c1b,interpretation_booking-incomplete-1,interpretation_booking-incomplete-1--record_first,interpretation_booking,record_first,incomplete,NEED_INFORMATION,prior_rationale,strict,ELIGIBLE,212,29,0,0,0,1,0,1,1,0,0,0,0,,,,
Qwen3-4B,mlx-community/Qwen3-4B-Instruct-2507-4bit,50d427756c6b1b2fe0c0a10f67fbda1fc8e82c1b,interpretation_booking-incomplete-1,interpretation_booking-incomplete-1--record_first,interpretation_booking,record_first,incomplete,NEED_INFORMATION,evidence_checklist,strict,ELIGIBLE,201,26,0,0,0,1,0,1,1,0,0,0,0,,,,
Qwen3-4B,mlx-community/Qwen3-4B-Instruct-2507-4bit,50d427756c6b1b2fe0c0a10f67fbda1fc8e82c1b,interpretation_booking-incomplete-1,interpretation_booking-incomplete-1--record_first,interpretation_booking,record_first,incomplete,NEED_INFORMATION,commit_then_review,strict,ELIGIBLE,157,22,0,0,0,1,0,1,1,0,0,0,0,0,0,0,0
Qwen3-4B,mlx-community/Qwen3-4B-Instruct-2507-4bit,50d427756c6b1b2fe0c0a10f67fbda1fc8e82c1b,interpretation_booking-incomplete-2,interpretation_booking-incomplete-2--policy_first,interpretation_booking,policy_first,incomplete,NEED_INFORMATION,independent_review,strict,ELIGIBLE,268,36,0,0,0,1,0,1,1,0,0,0,0,,,,
Qwen3-4B,mlx-community/Qwen3-4B-Instruct-2507-4bit,50d427756c6b1b2fe0c0a10f67fbda1fc8e82c1b,interpretation_booking-incomplete-2,interpretation_booking-incomplete-2--policy_first,interpretation_booking,policy_first,incomplete,NEED_INFORMATION,prior_rationale,strict,ELIGIBLE,263,37,0,0,0,1,0,1,1,0,0,0,0,,,,
Qwen3-4B,mlx-community/Qwen3-4B-Instruct-2507-4bit,50d427756c6b1b2fe0c0a10f67fbda1fc8e82c1b,interpretation_booking-incomplete-2,interpretation_booking-incomplete-2--policy_first,interpretation_booking,policy_first,incomplete,NEED_INFORMATION,evidence_checklist,strict,ELIGIBLE,317,45,0,0,0,1,0,1,1,0,0,0,0,,,,
Qwen3-4B,mlx-community/Qwen3-4B-Instruct-2507-4bit,50d427756c6b1b2fe0c0a10f67fbda1fc8e82c1b,interpretation_booking-incomplete-2,interpretation_booking-incomplete-2--policy_first,interpretation_booking,policy_first,incomplete,NEED_INFORMATION,commit_then_review,strict,ELIGIBLE,324,48,0,0,0,1,0,1,1,0,0,0,0,0,0,0,0
Qwen3-4B,mlx-community/Qwen3-4B-Instruct-2507-4bit,50d427756c6b1b2fe0c0a10f67fbda1fc8e82c1b,interpretation_booking-incomplete-2,interpretation_booking-incomplete-2--record_first,interpretation_booking,record_first,incomplete,NEED_INFORMATION,independent_review,strict,ELIGIBLE,165,23,0,0,0,1,0,1,1,0,0,0,0,,,,
Qwen3-4B,mlx-community/Qwen3-4B-Instruct-2507-4bit,50d427756c6b1b2fe0c0a10f67fbda1fc8e82c1b,interpretation_booking-incomplete-2,interpretation_booking-incomplete-2--record_first,interpretation_booking,record_first,incomplete,NEED_INFORMATION,prior_rationale,strict,ELIGIBLE,212,29,0,0,0,1,0,1,1,0,0,0,0,,,,
Qwen3-4B,mlx-community/Qwen3-4B-Instruct-2507-4bit,50d427756c6b1b2fe0c0a10f67fbda1fc8e82c1b,interpretation_booking-incomplete-2,interpretation_booking-incomplete-2--record_first,interpretation_booking,record_first,incomplete,NEED_INFORMATION,evidence_checklist,strict,ELIGIBLE,201,26,0,0,0,1,0,1,1,0,0,0,0,,,,
Qwen3-4B,mlx-community/Qwen3-4B-Instruct-2507-4bit,50d427756c6b1b2fe0c0a10f67fbda1fc8e82c1b,interpretation_booking-incomplete-2,interpretation_booking-incomplete-2--record_first,interpretation_booking,record_first,incomplete,NEED_INFORMATION,commit_then_review,strict,ELIGIBLE,165,23,0,0,0,1,0,1,1,0,0,0,0,0,0,0,0
Qwen3-4B,mlx-community/Qwen3-4B-Instruct-2507-4bit,50d427756c6b1b2fe0c0a10f67fbda1fc8e82c1b,interpretation_booking-incomplete-3,interpretation_booking-incomplete-3--policy_first,interpretation_booking,policy_first,incomplete,NEED_INFORMATION,independent_review,strict,ELIGIBLE,276,35,0,0,0,1,0,1,1,0,0,0,0,,,,
Qwen3-4B,mlx-community/Qwen3-4B-Instruct-2507-4bit,50d427756c6b1b2fe0c0a10f67fbda1fc8e82c1b,interpretation_booking-incomplete-3,interpretation_booking-incomplete-3--policy_first,interpretation_booking,policy_first,incomplete,NEED_INFORMATION,prior_rationale,strict,ELIGIBLE,314,45,0,0,0,1,0,1,1,0,0,0,0,,,,
Qwen3-4B,mlx-community/Qwen3-4B-Instruct-2507-4bit,50d427756c6b1b2fe0c0a10f67fbda1fc8e82c1b,interpretation_booking-incomplete-3,interpretation_booking-incomplete-3--policy_first,interpretation_booking,policy_first,incomplete,NEED_INFORMATION,evidence_checklist,strict,ELIGIBLE,317,45,0,0,0,1,0,1,1,0,0,0,0,,,,
Qwen3-4B,mlx-community/Qwen3-4B-Instruct-2507-4bit,50d427756c6b1b2fe0c0a10f67fbda1fc8e82c1b,interpretation_booking-incomplete-3,interpretation_booking-incomplete-3--policy_first,interpretation_booking,policy_first,incomplete,NEED_INFORMATION,commit_then_review,strict,ELIGIBLE,324,48,0,0,0,1,0,1,1,0,0,0,0,0,0,0,0
Qwen3-4B,mlx-community/Qwen3-4B-Instruct-2507-4bit,50d427756c6b1b2fe0c0a10f67fbda1fc8e82c1b,interpretation_booking-incomplete-3,interpretation_booking-incomplete-3--record_first,interpretation_booking,record_first,incomplete,NEED_INFORMATION,independent_review,strict,ELIGIBLE,186,25,0,0,0,1,0,1,1,0,0,0,0,,,,
Qwen3-4B,mlx-community/Qwen3-4B-Instruct-2507-4bit,50d427756c6b1b2fe0c0a10f67fbda1fc8e82c1b,interpretation_booking-incomplete-3,interpretation_booking-incomplete-3--record_first,interpretation_booking,record_first,incomplete,NEED_INFORMATION,prior_rationale,strict,ELIGIBLE,212,29,0,0,0,1,0,1,1,0,0,0,0,,,,
Qwen3-4B,mlx-community/Qwen3-4B-Instruct-2507-4bit,50d427756c6b1b2fe0c0a10f67fbda1fc8e82c1b,interpretation_booking-incomplete-3,interpretation_booking-incomplete-3--record_first,interpretation_booking,record_first,incomplete,NEED_INFORMATION,evidence_checklist,strict,ELIGIBLE,201,26,0,0,0,1,0,1,1,0,0,0,0,,,,
Qwen3-4B,mlx-community/Qwen3-4B-Instruct-2507-4bit,50d427756c6b1b2fe0c0a10f67fbda1fc8e82c1b,interpretation_booking-incomplete-3,interpretation_booking-incomplete-3--record_first,interpretation_booking,record_first,incomplete,NEED_INFORMATION,commit_then_review,strict,ELIGIBLE,211,30,0,0,0,1,0,1,1,0,0,0,0,0,0,0,0
Qwen3-4B,mlx-community/Qwen3-4B-Instruct-2507-4bit,50d427756c6b1b2fe0c0a10f67fbda1fc8e82c1b,interpretation_booking-conflict-1,interpretation_booking-conflict-1--policy_first,interpretation_booking,policy_first,conflict,HUMAN_REVIEW,independent_review,strict,ELIGIBLE,163,21,0,0,0,0,0,1,1,0,0,0,0,,,,
Qwen3-4B,mlx-community/Qwen3-4B-Instruct-2507-4bit,50d427756c6b1b2fe0c0a10f67fbda1fc8e82c1b,interpretation_booking-conflict-1,interpretation_booking-conflict-1--policy_first,interpretation_booking,policy_first,conflict,HUMAN_REVIEW,prior_rationale,strict,ELIGIBLE,148,20,0,0,0,0,0,1,1,0,0,0,0,,,,
Qwen3-4B,mlx-community/Qwen3-4B-Instruct-2507-4bit,50d427756c6b1b2fe0c0a10f67fbda1fc8e82c1b,interpretation_booking-conflict-1,interpretation_booking-conflict-1--policy_first,interpretation_booking,policy_first,conflict,HUMAN_REVIEW,evidence_checklist,strict,ELIGIBLE,147,18,0,0,0,0,0,1,1,0,0,0,0,,,,
Qwen3-4B,mlx-community/Qwen3-4B-Instruct-2507-4bit,50d427756c6b1b2fe0c0a10f67fbda1fc8e82c1b,interpretation_booking-conflict-1,interpretation_booking-conflict-1--policy_first,interpretation_booking,policy_first,conflict,HUMAN_REVIEW,commit_then_review,strict,ELIGIBLE,154,21,0,0,0,0,0,1,1,0,0,0,0,0,0,0,0
Qwen3-4B,mlx-community/Qwen3-4B-Instruct-2507-4bit,50d427756c6b1b2fe0c0a10f67fbda1fc8e82c1b,interpretation_booking-conflict-1,interpretation_booking-conflict-1--record_first,interpretation_booking,record_first,conflict,HUMAN_REVIEW,independent_review,strict,ELIGIBLE,153,21,0,0,0,0,0,1,1,0,0,0,0,,,,
Qwen3-4B,mlx-community/Qwen3-4B-Instruct-2507-4bit,50d427756c6b1b2fe0c0a10f67fbda1fc8e82c1b,interpretation_booking-conflict-1,interpretation_booking-conflict-1--record_first,interpretation_booking,record_first,conflict,HUMAN_REVIEW,prior_rationale,strict,ELIGIBLE,148,20,0,0,0,0,0,1,1,0,0,0,0,,,,
Qwen3-4B,mlx-community/Qwen3-4B-Instruct-2507-4bit,50d427756c6b1b2fe0c0a10f67fbda1fc8e82c1b,interpretation_booking-conflict-1,interpretation_booking-conflict-1--record_first,interpretation_booking,record_first,conflict,HUMAN_REVIEW,evidence_checklist,strict,ELIGIBLE,153,21,0,0,0,0,0,1,1,0,0,0,0,,,,
Qwen3-4B,mlx-community/Qwen3-4B-Instruct-2507-4bit,50d427756c6b1b2fe0c0a10f67fbda1fc8e82c1b,interpretation_booking-conflict-1,interpretation_booking-conflict-1--record_first,interpretation_booking,record_first,conflict,HUMAN_REVIEW,commit_then_review,strict,ELIGIBLE,163,21,0,0,0,0,0,1,1,0,0,0,0,0,0,0,0
Qwen3-4B,mlx-community/Qwen3-4B-Instruct-2507-4bit,50d427756c6b1b2fe0c0a10f67fbda1fc8e82c1b,interpretation_booking-conflict-2,interpretation_booking-conflict-2--policy_first,interpretation_booking,policy_first,conflict,HUMAN_REVIEW,independent_review,strict,ELIGIBLE,163,21,0,0,0,0,0,1,1,0,0,0,0,,,,
Qwen3-4B,mlx-community/Qwen3-4B-Instruct-2507-4bit,50d427756c6b1b2fe0c0a10f67fbda1fc8e82c1b,interpretation_booking-conflict-2,interpretation_booking-conflict-2--policy_first,interpretation_booking,policy_first,conflict,HUMAN_REVIEW,prior_rationale,strict,ELIGIBLE,148,20,0,0,0,0,0,1,1,0,0,0,0,,,,
Qwen3-4B,mlx-community/Qwen3-4B-Instruct-2507-4bit,50d427756c6b1b2fe0c0a10f67fbda1fc8e82c1b,interpretation_booking-conflict-2,interpretation_booking-conflict-2--policy_first,interpretation_booking,policy_first,conflict,HUMAN_REVIEW,evidence_checklist,strict,ELIGIBLE,151,20,0,0,0,0,0,1,1,0,0,0,0,,,,
Qwen3-4B,mlx-community/Qwen3-4B-Instruct-2507-4bit,50d427756c6b1b2fe0c0a10f67fbda1fc8e82c1b,interpretation_booking-conflict-2,interpretation_booking-conflict-2--policy_first,interpretation_booking,policy_first,conflict,HUMAN_REVIEW,commit_then_review,strict,ELIGIBLE,154,21,0,0,0,0,0,1,1,0,0,0,0,0,0,0,0
Qwen3-4B,mlx-community/Qwen3-4B-Instruct-2507-4bit,50d427756c6b1b2fe0c0a10f67fbda1fc8e82c1b,interpretation_booking-conflict-2,interpretation_booking-conflict-2--record_first,interpretation_booking,record_first,conflict,HUMAN_REVIEW,independent_review,strict,ELIGIBLE,163,21,0,0,0,0,0,1,1,0,0,0,0,,,,
Qwen3-4B,mlx-community/Qwen3-4B-Instruct-2507-4bit,50d427756c6b1b2fe0c0a10f67fbda1fc8e82c1b,interpretation_booking-conflict-2,interpretation_booking-conflict-2--record_first,interpretation_booking,record_first,conflict,HUMAN_REVIEW,prior_rationale,strict,ELIGIBLE,148,20,0,0,0,0,0,1,1,0,0,0,0,,,,
Qwen3-4B,mlx-community/Qwen3-4B-Instruct-2507-4bit,50d427756c6b1b2fe0c0a10f67fbda1fc8e82c1b,interpretation_booking-conflict-2,interpretation_booking-conflict-2--record_first,interpretation_booking,record_first,conflict,HUMAN_REVIEW,evidence_checklist,strict,ELIGIBLE,153,21,0,0,0,0,0,1,1,0,0,0,0,,,,
Qwen3-4B,mlx-community/Qwen3-4B-Instruct-2507-4bit,50d427756c6b1b2fe0c0a10f67fbda1fc8e82c1b,interpretation_booking-conflict-2,interpretation_booking-conflict-2--record_first,interpretation_booking,record_first,conflict,HUMAN_REVIEW,commit_then_review,strict,ELIGIBLE,163,21,0,0,0,0,0,1,1,0,0,0,0,0,0,0,0
Qwen3-4B,mlx-community/Qwen3-4B-Instruct-2507-4bit,50d427756c6b1b2fe0c0a10f67fbda1fc8e82c1b,interpretation_booking-conflict-3,interpretation_booking-conflict-3--policy_first,interpretation_booking,policy_first,conflict,HUMAN_REVIEW,independent_review,strict,ELIGIBLE,163,21,0,0,0,0,0,1,1,0,0,0,0,,,,
Qwen3-4B,mlx-community/Qwen3-4B-Instruct-2507-4bit,50d427756c6b1b2fe0c0a10f67fbda1fc8e82c1b,interpretation_booking-conflict-3,interpretation_booking-conflict-3--policy_first,interpretation_booking,policy_first,conflict,HUMAN_REVIEW,prior_rationale,strict,ELIGIBLE,148,20,0,0,0,0,0,1,1,0,0,0,0,,,,
Qwen3-4B,mlx-community/Qwen3-4B-Instruct-2507-4bit,50d427756c6b1b2fe0c0a10f67fbda1fc8e82c1b,interpretation_booking-conflict-3,interpretation_booking-conflict-3--policy_first,interpretation_booking,policy_first,conflict,HUMAN_REVIEW,evidence_checklist,strict,ELIGIBLE,147,18,0,0,0,0,0,1,1,0,0,0,0,,,,
Qwen3-4B,mlx-community/Qwen3-4B-Instruct-2507-4bit,50d427756c6b1b2fe0c0a10f67fbda1fc8e82c1b,interpretation_booking-conflict-3,interpretation_booking-conflict-3--policy_first,interpretation_booking,policy_first,conflict,HUMAN_REVIEW,commit_then_review,strict,ELIGIBLE,154,21,0,0,0,0,0,1,1,0,0,0,0,0,0,0,0
Qwen3-4B,mlx-community/Qwen3-4B-Instruct-2507-4bit,50d427756c6b1b2fe0c0a10f67fbda1fc8e82c1b,interpretation_booking-conflict-3,interpretation_booking-conflict-3--record_first,interpretation_booking,record_first,conflict,HUMAN_REVIEW,independent_review,strict,ELIGIBLE,163,21,0,0,0,0,0,1,1,0,0,0,0,,,,
Qwen3-4B,mlx-community/Qwen3-4B-Instruct-2507-4bit,50d427756c6b1b2fe0c0a10f67fbda1fc8e82c1b,interpretation_booking-conflict-3,interpretation_booking-conflict-3--record_first,interpretation_booking,record_first,conflict,HUMAN_REVIEW,prior_rationale,strict,ELIGIBLE,148,20,0,0,0,0,0,1,1,0,0,0,0,,,,
Qwen3-4B,mlx-community/Qwen3-4B-Instruct-2507-4bit,50d427756c6b1b2fe0c0a10f67fbda1fc8e82c1b,interpretation_booking-conflict-3,interpretation_booking-conflict-3--record_first,interpretation_booking,record_first,conflict,HUMAN_REVIEW,evidence_checklist,strict,ELIGIBLE,153,21,0,0,0,0,0,1,1,0,0,0,0,,,,
Qwen3-4B,mlx-community/Qwen3-4B-Instruct-2507-4bit,50d427756c6b1b2fe0c0a10f67fbda1fc8e82c1b,interpretation_booking-conflict-3,interpretation_booking-conflict-3--record_first,interpretation_booking,record_first,conflict,HUMAN_REVIEW,commit_then_review,strict,ELIGIBLE,163,21,0,0,0,0,0,1,1,0,0,0,0,0,0,0,0
Qwen3-4B,mlx-community/Qwen3-4B-Instruct-2507-4bit,50d427756c6b1b2fe0c0a10f67fbda1fc8e82c1b,remote_checkin-valid-1,remote_checkin-valid-1--policy_first,remote_checkin,policy_first,valid,ELIGIBLE,independent_review,strict,ELIGIBLE,171,26,0,1,1,1,1,1,1,0,0,0,0,,,,
Qwen3-4B,mlx-community/Qwen3-4B-Instruct-2507-4bit,50d427756c6b1b2fe0c0a10f67fbda1fc8e82c1b,remote_checkin-valid-1,remote_checkin-valid-1--policy_first,remote_checkin,policy_first,valid,ELIGIBLE,prior_rationale,strict,ELIGIBLE,167,25,0,1,1,1,1,1,1,0,0,0,0,,,,
Qwen3-4B,mlx-community/Qwen3-4B-Instruct-2507-4bit,50d427756c6b1b2fe0c0a10f67fbda1fc8e82c1b,remote_checkin-valid-1,remote_checkin-valid-1--policy_first,remote_checkin,policy_first,valid,ELIGIBLE,evidence_checklist,strict,ELIGIBLE,153,22,0,1,1,1,1,1,1,0,0,0,0,,,,
Qwen3-4B,mlx-community/Qwen3-4B-Instruct-2507-4bit,50d427756c6b1b2fe0c0a10f67fbda1fc8e82c1b,remote_checkin-valid-1,remote_checkin-valid-1--policy_first,remote_checkin,policy_first,valid,ELIGIBLE,commit_then_review,strict,ELIGIBLE,171,26,0,1,1,1,1,1,1,0,0,0,0,0,0,0,1
Qwen3-4B,mlx-community/Qwen3-4B-Instruct-2507-4bit,50d427756c6b1b2fe0c0a10f67fbda1fc8e82c1b,remote_checkin-valid-1,remote_checkin-valid-1--record_first,remote_checkin,record_first,valid,ELIGIBLE,independent_review,strict,ELIGIBLE,161,23,0,1,1,1,1,1,1,0,0,0,0,,,,
Qwen3-4B,mlx-community/Qwen3-4B-Instruct-2507-4bit,50d427756c6b1b2fe0c0a10f67fbda1fc8e82c1b,remote_checkin-valid-1,remote_checkin-valid-1--record_first,remote_checkin,record_first,valid,ELIGIBLE,prior_rationale,strict,ELIGIBLE,160,23,0,1,1,1,1,1,1,0,0,0,0,,,,
Qwen3-4B,mlx-community/Qwen3-4B-Instruct-2507-4bit,50d427756c6b1b2fe0c0a10f67fbda1fc8e82c1b,remote_checkin-valid-1,remote_checkin-valid-1--record_first,remote_checkin,record_first,valid,ELIGIBLE,evidence_checklist,strict,ELIGIBLE,144,20,0,1,1,1,1,1,1,0,0,0,0,,,,
Qwen3-4B,mlx-community/Qwen3-4B-Instruct-2507-4bit,50d427756c6b1b2fe0c0a10f67fbda1fc8e82c1b,remote_checkin-valid-1,remote_checkin-valid-1--record_first,remote_checkin,record_first,valid,ELIGIBLE,commit_then_review,strict,ELIGIBLE,174,25,0,1,1,1,1,1,1,0,0,0,0,0,0,0,1
Qwen3-4B,mlx-community/Qwen3-4B-Instruct-2507-4bit,50d427756c6b1b2fe0c0a10f67fbda1fc8e82c1b,remote_checkin-valid-2,remote_checkin-valid-2--policy_first,remote_checkin,policy_first,valid,ELIGIBLE,independent_review,strict,ELIGIBLE,171,26,0,1,1,1,1,1,1,0,0,0,0,,,,
Qwen3-4B,mlx-community/Qwen3-4B-Instruct-2507-4bit,50d427756c6b1b2fe0c0a10f67fbda1fc8e82c1b,remote_checkin-valid-2,remote_checkin-valid-2--policy_first,remote_checkin,policy_first,valid,ELIGIBLE,prior_rationale,strict,ELIGIBLE,147,22,0,1,1,1,1,1,1,0,0,0,0,,,,
Qwen3-4B,mlx-community/Qwen3-4B-Instruct-2507-4bit,50d427756c6b1b2fe0c0a10f67fbda1fc8e82c1b,remote_checkin-valid-2,remote_checkin-valid-2--policy_first,remote_checkin,policy_first,valid,ELIGIBLE,evidence_checklist,strict,ELIGIBLE,153,22,0,1,1,1,1,1,1,0,0,0,0,,,,
Qwen3-4B,mlx-community/Qwen3-4B-Instruct-2507-4bit,50d427756c6b1b2fe0c0a10f67fbda1fc8e82c1b,remote_checkin-valid-2,remote_checkin-valid-2--policy_first,remote_checkin,policy_first,valid,ELIGIBLE,commit_then_review,strict,ELIGIBLE,171,26,0,1,1,1,1,1,1,0,0,0,0,0,0,0,1
Qwen3-4B,mlx-community/Qwen3-4B-Instruct-2507-4bit,50d427756c6b1b2fe0c0a10f67fbda1fc8e82c1b,remote_checkin-valid-2,remote_checkin-valid-2--record_first,remote_checkin,record_first,valid,ELIGIBLE,independent_review,strict,ELIGIBLE,161,23,0,1,1,1,1,1,1,0,0,0,0,,,,
Qwen3-4B,mlx-community/Qwen3-4B-Instruct-2507-4bit,50d427756c6b1b2fe0c0a10f67fbda1fc8e82c1b,remote_checkin-valid-2,remote_checkin-valid-2--record_first,remote_checkin,record_first,valid,ELIGIBLE,prior_rationale,strict,ELIGIBLE,160,23,0,1,1,1,1,1,1,0,0,0,0,,,,
Qwen3-4B,mlx-community/Qwen3-4B-Instruct-2507-4bit,50d427756c6b1b2fe0c0a10f67fbda1fc8e82c1b,remote_checkin-valid-2,remote_checkin-valid-2--record_first,remote_checkin,record_first,valid,ELIGIBLE,evidence_checklist,strict,ELIGIBLE,144,20,0,1,1,1,1,1,1,0,0,0,0,,,,
Qwen3-4B,mlx-community/Qwen3-4B-Instruct-2507-4bit,50d427756c6b1b2fe0c0a10f67fbda1fc8e82c1b,remote_checkin-valid-2,remote_checkin-valid-2--record_first,remote_checkin,record_first,valid,ELIGIBLE,commit_then_review,strict,ELIGIBLE,160,23,0,1,1,1,1,1,1,0,0,0,0,0,0,0,1
Qwen3-4B,mlx-community/Qwen3-4B-Instruct-2507-4bit,50d427756c6b1b2fe0c0a10f67fbda1fc8e82c1b,remote_checkin-valid-3,remote_checkin-valid-3--policy_first,remote_checkin,policy_first,valid,ELIGIBLE,independent_review,strict,ELIGIBLE,171,26,0,1,1,1,1,1,1,0,0,0,0,,,,
Qwen3-4B,mlx-community/Qwen3-4B-Instruct-2507-4bit,50d427756c6b1b2fe0c0a10f67fbda1fc8e82c1b,remote_checkin-valid-3,remote_checkin-valid-3--policy_first,remote_checkin,policy_first,valid,ELIGIBLE,prior_rationale,strict,ELIGIBLE,167,25,0,1,1,1,1,1,1,0,0,0,0,,,,
Qwen3-4B,mlx-community/Qwen3-4B-Instruct-2507-4bit,50d427756c6b1b2fe0c0a10f67fbda1fc8e82c1b,remote_checkin-valid-3,remote_checkin-valid-3--policy_first,remote_checkin,policy_first,valid,ELIGIBLE,evidence_checklist,strict,ELIGIBLE,155,22,0,1,1,1,1,1,1,0,0,0,0,,,,
Qwen3-4B,mlx-community/Qwen3-4B-Instruct-2507-4bit,50d427756c6b1b2fe0c0a10f67fbda1fc8e82c1b,remote_checkin-valid-3,remote_checkin-valid-3--policy_first,remote_checkin,policy_first,valid,ELIGIBLE,commit_then_review,strict,ELIGIBLE,171,26,0,1,1,1,1,1,1,0,0,0,0,0,0,0,1
Qwen3-4B,mlx-community/Qwen3-4B-Instruct-2507-4bit,50d427756c6b1b2fe0c0a10f67fbda1fc8e82c1b,remote_checkin-valid-3,remote_checkin-valid-3--record_first,remote_checkin,record_first,valid,ELIGIBLE,independent_review,strict,ELIGIBLE,161,23,0,1,1,1,1,1,1,0,0,0,0,,,,
Qwen3-4B,mlx-community/Qwen3-4B-Instruct-2507-4bit,50d427756c6b1b2fe0c0a10f67fbda1fc8e82c1b,remote_checkin-valid-3,remote_checkin-valid-3--record_first,remote_checkin,record_first,valid,ELIGIBLE,prior_rationale,strict,ELIGIBLE,160,23,0,1,1,1,1,1,1,0,0,0,0,,,,
Qwen3-4B,mlx-community/Qwen3-4B-Instruct-2507-4bit,50d427756c6b1b2fe0c0a10f67fbda1fc8e82c1b,remote_checkin-valid-3,remote_checkin-valid-3--record_first,remote_checkin,record_first,valid,ELIGIBLE,evidence_checklist,strict,ELIGIBLE,144,20,0,1,1,1,1,1,1,0,0,0,0,,,,
Qwen3-4B,mlx-community/Qwen3-4B-Instruct-2507-4bit,50d427756c6b1b2fe0c0a10f67fbda1fc8e82c1b,remote_checkin-valid-3,remote_checkin-valid-3--record_first,remote_checkin,record_first,valid,ELIGIBLE,commit_then_review,strict,ELIGIBLE,174,25,0,1,1,1,1,1,1,0,0,0,0,0,0,0,1
Qwen3-4B,mlx-community/Qwen3-4B-Instruct-2507-4bit,50d427756c6b1b2fe0c0a10f67fbda1fc8e82c1b,remote_checkin-invalid-1,remote_checkin-invalid-1--policy_first,remote_checkin,policy_first,invalid,INELIGIBLE,independent_review,strict,ELIGIBLE,496,79,0,0,0,1,0,1,1,0,1,0,0,,,,
Qwen3-4B,mlx-community/Qwen3-4B-Instruct-2507-4bit,50d427756c6b1b2fe0c0a10f67fbda1fc8e82c1b,remote_checkin-invalid-1,remote_checkin-invalid-1--policy_first,remote_checkin,policy_first,invalid,INELIGIBLE,prior_rationale,strict,ELIGIBLE,519,83,0,0,0,1,0,1,1,0,1,0,0,,,,
Qwen3-4B,mlx-community/Qwen3-4B-Instruct-2507-4bit,50d427756c6b1b2fe0c0a10f67fbda1fc8e82c1b,remote_checkin-invalid-1,remote_checkin-invalid-1--policy_first,remote_checkin,policy_first,invalid,INELIGIBLE,evidence_checklist,strict,ELIGIBLE,480,73,0,0,0,1,0,1,1,0,1,0,0,,,,
Qwen3-4B,mlx-community/Qwen3-4B-Instruct-2507-4bit,50d427756c6b1b2fe0c0a10f67fbda1fc8e82c1b,remote_checkin-invalid-1,remote_checkin-invalid-1--policy_first,remote_checkin,policy_first,invalid,INELIGIBLE,commit_then_review,strict,ELIGIBLE,37,3,0,0,0,1,0,1,1,0,1,0,0,0,0,0,0
Qwen3-4B,mlx-community/Qwen3-4B-Instruct-2507-4bit,50d427756c6b1b2fe0c0a10f67fbda1fc8e82c1b,remote_checkin-invalid-1,remote_checkin-invalid-1--record_first,remote_checkin,record_first,invalid,INELIGIBLE,independent_review,strict,ELIGIBLE,373,61,0,0,0,1,0,1,1,0,1,0,0,,,,
Qwen3-4B,mlx-community/Qwen3-4B-Instruct-2507-4bit,50d427756c6b1b2fe0c0a10f67fbda1fc8e82c1b,remote_checkin-invalid-1,remote_checkin-invalid-1--record_first,remote_checkin,record_first,invalid,INELIGIBLE,prior_rationale,strict,ELIGIBLE,316,52,0,0,0,1,0,1,1,0,1,0,0,,,,
Qwen3-4B,mlx-community/Qwen3-4B-Instruct-2507-4bit,50d427756c6b1b2fe0c0a10f67fbda1fc8e82c1b,remote_checkin-invalid-1,remote_checkin-invalid-1--record_first,remote_checkin,record_first,invalid,INELIGIBLE,evidence_checklist,strict,ELIGIBLE,384,60,0,0,0,1,0,1,1,0,1,0,0,,,,
Qwen3-4B,mlx-community/Qwen3-4B-Instruct-2507-4bit,50d427756c6b1b2fe0c0a10f67fbda1fc8e82c1b,remote_checkin-invalid-1,remote_checkin-invalid-1--record_first,remote_checkin,record_first,invalid,INELIGIBLE,commit_then_review,strict,ELIGIBLE,573,90,0,0,0,1,0,1,1,0,1,0,0,0,0,0,0
Qwen3-4B,mlx-community/Qwen3-4B-Instruct-2507-4bit,50d427756c6b1b2fe0c0a10f67fbda1fc8e82c1b,remote_checkin-invalid-2,remote_checkin-invalid-2--policy_first,remote_checkin,policy_first,invalid,INELIGIBLE,independent_review,strict,ELIGIBLE,645,98,0,0,0,1,0,1,1,0,1,0,0,,,,
Qwen3-4B,mlx-community/Qwen3-4B-Instruct-2507-4bit,50d427756c6b1b2fe0c0a10f67fbda1fc8e82c1b,remote_checkin-invalid-2,remote_checkin-invalid-2--policy_first,remote_checkin,policy_first,invalid,INELIGIBLE,prior_rationale,strict,ELIGIBLE,517,79,0,0,0,1,0,1,1,0,1,0,0,,,,
Qwen3-4B,mlx-community/Qwen3-4B-Instruct-2507-4bit,50d427756c6b1b2fe0c0a10f67fbda1fc8e82c1b,remote_checkin-invalid-2,remote_checkin-invalid-2--policy_first,remote_checkin,policy_first,invalid,INELIGIBLE,evidence_checklist,strict,ELIGIBLE,300,50,0,0,0,1,0,1,1,0,1,0,0,,,,
Qwen3-4B,mlx-community/Qwen3-4B-Instruct-2507-4bit,50d427756c6b1b2fe0c0a10f67fbda1fc8e82c1b,remote_checkin-invalid-2,remote_checkin-invalid-2--policy_first,remote_checkin,policy_first,invalid,INELIGIBLE,commit_then_review,strict,ELIGIBLE,37,3,0,0,0,1,0,1,1,0,1,0,0,1,0,0,0
Qwen3-4B,mlx-community/Qwen3-4B-Instruct-2507-4bit,50d427756c6b1b2fe0c0a10f67fbda1fc8e82c1b,remote_checkin-invalid-2,remote_checkin-invalid-2--record_first,remote_checkin,record_first,invalid,INELIGIBLE,independent_review,strict,ELIGIBLE,442,66,0,0,0,1,0,1,1,0,1,0,0,,,,
Qwen3-4B,mlx-community/Qwen3-4B-Instruct-2507-4bit,50d427756c6b1b2fe0c0a10f67fbda1fc8e82c1b,remote_checkin-invalid-2,remote_checkin-invalid-2--record_first,remote_checkin,record_first,invalid,INELIGIBLE,prior_rationale,strict,ELIGIBLE,439,68,0,0,0,1,0,1,1,0,1,0,0,,,,
Qwen3-4B,mlx-community/Qwen3-4B-Instruct-2507-4bit,50d427756c6b1b2fe0c0a10f67fbda1fc8e82c1b,remote_checkin-invalid-2,remote_checkin-invalid-2--record_first,remote_checkin,record_first,invalid,INELIGIBLE,evidence_checklist,strict,ELIGIBLE,426,69,0,0,0,1,0,1,1,0,1,0,0,,,,
Qwen3-4B,mlx-community/Qwen3-4B-Instruct-2507-4bit,50d427756c6b1b2fe0c0a10f67fbda1fc8e82c1b,remote_checkin-invalid-2,remote_checkin-invalid-2--record_first,remote_checkin,record_first,invalid,INELIGIBLE,commit_then_review,strict,ELIGIBLE,37,3,0,0,0,1,0,1,1,0,1,0,0,0,0,0,0
Qwen3-4B,mlx-community/Qwen3-4B-Instruct-2507-4bit,50d427756c6b1b2fe0c0a10f67fbda1fc8e82c1b,remote_checkin-invalid-3,remote_checkin-invalid-3--policy_first,remote_checkin,policy_first,invalid,INELIGIBLE,independent_review,strict,ELIGIBLE,502,80,0,0,0,1,0,1,1,0,1,0,0,,,,
Qwen3-4B,mlx-community/Qwen3-4B-Instruct-2507-4bit,50d427756c6b1b2fe0c0a10f67fbda1fc8e82c1b,remote_checkin-invalid-3,remote_checkin-invalid-3--policy_first,remote_checkin,policy_first,invalid,INELIGIBLE,prior_rationale,strict,ELIGIBLE,327,52,0,0,0,1,0,1,1,0,1,0,0,,,,
Qwen3-4B,mlx-community/Qwen3-4B-Instruct-2507-4bit,50d427756c6b1b2fe0c0a10f67fbda1fc8e82c1b,remote_checkin-invalid-3,remote_checkin-invalid-3--policy_first,remote_checkin,policy_first,invalid,INELIGIBLE,evidence_checklist,strict,ELIGIBLE,427,68,0,0,0,1,0,1,1,0,1,0,0,,,,
Qwen3-4B,mlx-community/Qwen3-4B-Instruct-2507-4bit,50d427756c6b1b2fe0c0a10f67fbda1fc8e82c1b,remote_checkin-invalid-3,remote_checkin-invalid-3--policy_first,remote_checkin,policy_first,invalid,INELIGIBLE,commit_then_review,strict,ELIGIBLE,37,3,0,0,0,1,0,1,1,0,1,0,0,0,0,0,0
Qwen3-4B,mlx-community/Qwen3-4B-Instruct-2507-4bit,50d427756c6b1b2fe0c0a10f67fbda1fc8e82c1b,remote_checkin-invalid-3,remote_checkin-invalid-3--record_first,remote_checkin,record_first,invalid,INELIGIBLE,independent_review,strict,ELIGIBLE,387,62,0,0,0,1,0,1,1,0,1,0,0,,,,
Qwen3-4B,mlx-community/Qwen3-4B-Instruct-2507-4bit,50d427756c6b1b2fe0c0a10f67fbda1fc8e82c1b,remote_checkin-invalid-3,remote_checkin-invalid-3--record_first,remote_checkin,record_first,invalid,INELIGIBLE,prior_rationale,strict,ELIGIBLE,323,51,0,0,0,1,0,1,1,0,1,0,0,,,,
Qwen3-4B,mlx-community/Qwen3-4B-Instruct-2507-4bit,50d427756c6b1b2fe0c0a10f67fbda1fc8e82c1b,remote_checkin-invalid-3,remote_checkin-invalid-3--record_first,remote_checkin,record_first,invalid,INELIGIBLE,evidence_checklist,unparsed,,0,0,0,0,0,0,0,0,0,0,0,0,0,,,,
Qwen3-4B,mlx-community/Qwen3-4B-Instruct-2507-4bit,50d427756c6b1b2fe0c0a10f67fbda1fc8e82c1b,remote_checkin-invalid-3,remote_checkin-invalid-3--record_first,remote_checkin,record_first,invalid,INELIGIBLE,commit_then_review,strict,ELIGIBLE,392,62,0,0,0,1,0,1,1,0,1,0,0,0,0,0,0
Qwen3-4B,mlx-community/Qwen3-4B-Instruct-2507-4bit,50d427756c6b1b2fe0c0a10f67fbda1fc8e82c1b,remote_checkin-incomplete-1,remote_checkin-incomplete-1--policy_first,remote_checkin,policy_first,incomplete,NEED_INFORMATION,independent_review,strict,ELIGIBLE,314,46,0,0,0,1,0,1,1,0,0,0,0,,,,
Qwen3-4B,mlx-community/Qwen3-4B-Instruct-2507-4bit,50d427756c6b1b2fe0c0a10f67fbda1fc8e82c1b,remote_checkin-incomplete-1,remote_checkin-incomplete-1--policy_first,remote_checkin,policy_first,incomplete,NEED_INFORMATION,prior_rationale,strict,ELIGIBLE,348,55,0,0,0,1,0,1,1,0,0,0,0,,,,
Qwen3-4B,mlx-community/Qwen3-4B-Instruct-2507-4bit,50d427756c6b1b2fe0c0a10f67fbda1fc8e82c1b,remote_checkin-incomplete-1,remote_checkin-incomplete-1--policy_first,remote_checkin,policy_first,incomplete,NEED_INFORMATION,evidence_checklist,strict,ELIGIBLE,212,30,0,0,0,1,0,1,1,0,0,0,0,,,,
Qwen3-4B,mlx-community/Qwen3-4B-Instruct-2507-4bit,50d427756c6b1b2fe0c0a10f67fbda1fc8e82c1b,remote_checkin-incomplete-1,remote_checkin-incomplete-1--policy_first,remote_checkin,policy_first,incomplete,NEED_INFORMATION,commit_then_review,strict,ELIGIBLE,354,54,0,0,0,1,0,1,1,0,0,0,0,0,0,0,0
Qwen3-4B,mlx-community/Qwen3-4B-Instruct-2507-4bit,50d427756c6b1b2fe0c0a10f67fbda1fc8e82c1b,remote_checkin-incomplete-1,remote_checkin-incomplete-1--record_first,remote_checkin,record_first,incomplete,NEED_INFORMATION,independent_review,strict,ELIGIBLE,375,56,0,0,0,1,0,1,1,0,0,0,0,,,,
Qwen3-4B,mlx-community/Qwen3-4B-Instruct-2507-4bit,50d427756c6b1b2fe0c0a10f67fbda1fc8e82c1b,remote_checkin-incomplete-1,remote_checkin-incomplete-1--record_first,remote_checkin,record_first,incomplete,NEED_INFORMATION,prior_rationale,strict,ELIGIBLE,224,32,0,0,0,1,0,1,1,0,0,0,0,,,,
Qwen3-4B,mlx-community/Qwen3-4B-Instruct-2507-4bit,50d427756c6b1b2fe0c0a10f67fbda1fc8e82c1b,remote_checkin-incomplete-1,remote_checkin-incomplete-1--record_first,remote_checkin,record_first,incomplete,NEED_INFORMATION,evidence_checklist,strict,ELIGIBLE,163,24,0,0,0,1,0,1,1,0,0,0,0,,,,
Qwen3-4B,mlx-community/Qwen3-4B-Instruct-2507-4bit,50d427756c6b1b2fe0c0a10f67fbda1fc8e82c1b,remote_checkin-incomplete-1,remote_checkin-incomplete-1--record_first,remote_checkin,record_first,incomplete,NEED_INFORMATION,commit_then_review,strict,ELIGIBLE,37,3,0,0,0,1,0,1,1,0,0,0,0,0,0,0,0
Qwen3-4B,mlx-community/Qwen3-4B-Instruct-2507-4bit,50d427756c6b1b2fe0c0a10f67fbda1fc8e82c1b,remote_checkin-incomplete-2,remote_checkin-incomplete-2--policy_first,remote_checkin,policy_first,incomplete,NEED_INFORMATION,independent_review,strict,ELIGIBLE,217,33,0,0,0,1,0,1,1,0,0,0,0,,,,
Qwen3-4B,mlx-community/Qwen3-4B-Instruct-2507-4bit,50d427756c6b1b2fe0c0a10f67fbda1fc8e82c1b,remote_checkin-incomplete-2,remote_checkin-incomplete-2--policy_first,remote_checkin,policy_first,incomplete,NEED_INFORMATION,prior_rationale,strict,ELIGIBLE,348,55,0,0,0,1,0,1,1,0,0,0,0,,,,
Qwen3-4B,mlx-community/Qwen3-4B-Instruct-2507-4bit,50d427756c6b1b2fe0c0a10f67fbda1fc8e82c1b,remote_checkin-incomplete-2,remote_checkin-incomplete-2--policy_first,remote_checkin,policy_first,incomplete,NEED_INFORMATION,evidence_checklist,strict,ELIGIBLE,383,61,0,0,0,1,0,1,1,0,0,0,0,,,,
Qwen3-4B,mlx-community/Qwen3-4B-Instruct-2507-4bit,50d427756c6b1b2fe0c0a10f67fbda1fc8e82c1b,remote_checkin-incomplete-2,remote_checkin-incomplete-2--policy_first,remote_checkin,policy_first,incomplete,NEED_INFORMATION,commit_then_review,strict,ELIGIBLE,315,48,0,0,0,1,0,1,1,0,0,0,0,0,0,0,0
Qwen3-4B,mlx-community/Qwen3-4B-Instruct-2507-4bit,50d427756c6b1b2fe0c0a10f67fbda1fc8e82c1b,remote_checkin-incomplete-2,remote_checkin-incomplete-2--record_first,remote_checkin,record_first,incomplete,NEED_INFORMATION,independent_review,strict,ELIGIBLE,375,56,0,0,0,1,0,1,1,0,0,0,0,,,,
Qwen3-4B,mlx-community/Qwen3-4B-Instruct-2507-4bit,50d427756c6b1b2fe0c0a10f67fbda1fc8e82c1b,remote_checkin-incomplete-2,remote_checkin-incomplete-2--record_first,remote_checkin,record_first,incomplete,NEED_INFORMATION,prior_rationale,strict,ELIGIBLE,224,32,0,0,0,1,0,1,1,0,0,0,0,,,,
Qwen3-4B,mlx-community/Qwen3-4B-Instruct-2507-4bit,50d427756c6b1b2fe0c0a10f67fbda1fc8e82c1b,remote_checkin-incomplete-2,remote_checkin-incomplete-2--record_first,remote_checkin,record_first,incomplete,NEED_INFORMATION,evidence_checklist,strict,ELIGIBLE,163,24,0,0,0,1,0,1,1,0,0,0,0,,,,
Qwen3-4B,mlx-community/Qwen3-4B-Instruct-2507-4bit,50d427756c6b1b2fe0c0a10f67fbda1fc8e82c1b,remote_checkin-incomplete-2,remote_checkin-incomplete-2--record_first,remote_checkin,record_first,incomplete,NEED_INFORMATION,commit_then_review,strict,ELIGIBLE,37,3,0,0,0,1,0,1,1,0,0,0,0,0,0,0,0
Qwen3-4B,mlx-community/Qwen3-4B-Instruct-2507-4bit,50d427756c6b1b2fe0c0a10f67fbda1fc8e82c1b,remote_checkin-incomplete-3,remote_checkin-incomplete-3--policy_first,remote_checkin,policy_first,incomplete,NEED_INFORMATION,independent_review,strict,ELIGIBLE,217,33,0,0,0,1,0,1,1,0,0,0,0,,,,
Qwen3-4B,mlx-community/Qwen3-4B-Instruct-2507-4bit,50d427756c6b1b2fe0c0a10f67fbda1fc8e82c1b,remote_checkin-incomplete-3,remote_checkin-incomplete-3--policy_first,remote_checkin,policy_first,incomplete,NEED_INFORMATION,prior_rationale,strict,ELIGIBLE,333,51,0,0,0,1,0,1,1,0,0,0,0,,,,
Qwen3-4B,mlx-community/Qwen3-4B-Instruct-2507-4bit,50d427756c6b1b2fe0c0a10f67fbda1fc8e82c1b,remote_checkin-incomplete-3,remote_checkin-incomplete-3--policy_first,remote_checkin,policy_first,incomplete,NEED_INFORMATION,evidence_checklist,strict,ELIGIBLE,278,40,0,0,0,1,0,1,1,0,0,0,0,,,,
Qwen3-4B,mlx-community/Qwen3-4B-Instruct-2507-4bit,50d427756c6b1b2fe0c0a10f67fbda1fc8e82c1b,remote_checkin-incomplete-3,remote_checkin-incomplete-3--policy_first,remote_checkin,policy_first,incomplete,NEED_INFORMATION,commit_then_review,strict,ELIGIBLE,345,52,0,0,0,1,0,1,1,0,0,0,0,0,0,0,0
Qwen3-4B,mlx-community/Qwen3-4B-Instruct-2507-4bit,50d427756c6b1b2fe0c0a10f67fbda1fc8e82c1b,remote_checkin-incomplete-3,remote_checkin-incomplete-3--record_first,remote_checkin,record_first,incomplete,NEED_INFORMATION,independent_review,strict,ELIGIBLE,375,56,0,0,0,1,0,1,1,0,0,0,0,,,,
Qwen3-4B,mlx-community/Qwen3-4B-Instruct-2507-4bit,50d427756c6b1b2fe0c0a10f67fbda1fc8e82c1b,remote_checkin-incomplete-3,remote_checkin-incomplete-3--record_first,remote_checkin,record_first,incomplete,NEED_INFORMATION,prior_rationale,strict,ELIGIBLE,224,32,0,0,0,1,0,1,1,0,0,0,0,,,,
Qwen3-4B,mlx-community/Qwen3-4B-Instruct-2507-4bit,50d427756c6b1b2fe0c0a10f67fbda1fc8e82c1b,remote_checkin-incomplete-3,remote_checkin-incomplete-3--record_first,remote_checkin,record_first,incomplete,NEED_INFORMATION,evidence_checklist,strict,ELIGIBLE,163,24,0,0,0,1,0,1,1,0,0,0,0,,,,
Qwen3-4B,mlx-community/Qwen3-4B-Instruct-2507-4bit,50d427756c6b1b2fe0c0a10f67fbda1fc8e82c1b,remote_checkin-incomplete-3,remote_checkin-incomplete-3--record_first,remote_checkin,record_first,incomplete,NEED_INFORMATION,commit_then_review,strict,ELIGIBLE,37,3,0,0,0,1,0,1,1,0,0,0,0,0,0,0,0
Qwen3-4B,mlx-community/Qwen3-4B-Instruct-2507-4bit,50d427756c6b1b2fe0c0a10f67fbda1fc8e82c1b,remote_checkin-conflict-1,remote_checkin-conflict-1--policy_first,remote_checkin,policy_first,conflict,HUMAN_REVIEW,independent_review,strict,ELIGIBLE,187,28,0,0,0,0,0,1,1,0,0,0,0,,,,
Qwen3-4B,mlx-community/Qwen3-4B-Instruct-2507-4bit,50d427756c6b1b2fe0c0a10f67fbda1fc8e82c1b,remote_checkin-conflict-1,remote_checkin-conflict-1--policy_first,remote_checkin,policy_first,conflict,HUMAN_REVIEW,prior_rationale,strict,ELIGIBLE,145,22,0,0,0,0,0,1,1,0,0,0,0,,,,
Qwen3-4B,mlx-community/Qwen3-4B-Instruct-2507-4bit,50d427756c6b1b2fe0c0a10f67fbda1fc8e82c1b,remote_checkin-conflict-1,remote_checkin-conflict-1--policy_first,remote_checkin,policy_first,conflict,HUMAN_REVIEW,evidence_checklist,strict,ELIGIBLE,153,22,0,0,0,0,0,1,1,0,0,0,0,,,,
Qwen3-4B,mlx-community/Qwen3-4B-Instruct-2507-4bit,50d427756c6b1b2fe0c0a10f67fbda1fc8e82c1b,remote_checkin-conflict-1,remote_checkin-conflict-1--policy_first,remote_checkin,policy_first,conflict,HUMAN_REVIEW,commit_then_review,strict,ELIGIBLE,188,27,0,0,0,0,0,1,1,0,0,0,0,0,0,0,0
Qwen3-4B,mlx-community/Qwen3-4B-Instruct-2507-4bit,50d427756c6b1b2fe0c0a10f67fbda1fc8e82c1b,remote_checkin-conflict-1,remote_checkin-conflict-1--record_first,remote_checkin,record_first,conflict,HUMAN_REVIEW,independent_review,strict,ELIGIBLE,168,25,0,0,0,0,0,1,1,0,0,0,0,,,,
Qwen3-4B,mlx-community/Qwen3-4B-Instruct-2507-4bit,50d427756c6b1b2fe0c0a10f67fbda1fc8e82c1b,remote_checkin-conflict-1,remote_checkin-conflict-1--record_first,remote_checkin,record_first,conflict,HUMAN_REVIEW,prior_rationale,strict,ELIGIBLE,160,23,0,0,0,0,0,1,1,0,0,0,0,,,,
Qwen3-4B,mlx-community/Qwen3-4B-Instruct-2507-4bit,50d427756c6b1b2fe0c0a10f67fbda1fc8e82c1b,remote_checkin-conflict-1,remote_checkin-conflict-1--record_first,remote_checkin,record_first,conflict,HUMAN_REVIEW,evidence_checklist,strict,ELIGIBLE,144,20,0,0,0,0,0,1,1,0,0,0,0,,,,
Qwen3-4B,mlx-community/Qwen3-4B-Instruct-2507-4bit,50d427756c6b1b2fe0c0a10f67fbda1fc8e82c1b,remote_checkin-conflict-1,remote_checkin-conflict-1--record_first,remote_checkin,record_first,conflict,HUMAN_REVIEW,commit_then_review,strict,ELIGIBLE,168,25,0,0,0,0,0,1,1,0,0,0,0,0,0,0,0
Qwen3-4B,mlx-community/Qwen3-4B-Instruct-2507-4bit,50d427756c6b1b2fe0c0a10f67fbda1fc8e82c1b,remote_checkin-conflict-2,remote_checkin-conflict-2--policy_first,remote_checkin,policy_first,conflict,HUMAN_REVIEW,independent_review,strict,ELIGIBLE,152,22,0,0,0,0,0,1,1,0,0,0,0,,,,
Qwen3-4B,mlx-community/Qwen3-4B-Instruct-2507-4bit,50d427756c6b1b2fe0c0a10f67fbda1fc8e82c1b,remote_checkin-conflict-2,remote_checkin-conflict-2--policy_first,remote_checkin,policy_first,conflict,HUMAN_REVIEW,prior_rationale,strict,ELIGIBLE,145,22,0,0,0,0,0,1,1,0,0,0,0,,,,
Qwen3-4B,mlx-community/Qwen3-4B-Instruct-2507-4bit,50d427756c6b1b2fe0c0a10f67fbda1fc8e82c1b,remote_checkin-conflict-2,remote_checkin-conflict-2--policy_first,remote_checkin,policy_first,conflict,HUMAN_REVIEW,evidence_checklist,strict,ELIGIBLE,153,22,0,0,0,0,0,1,1,0,0,0,0,,,,
Qwen3-4B,mlx-community/Qwen3-4B-Instruct-2507-4bit,50d427756c6b1b2fe0c0a10f67fbda1fc8e82c1b,remote_checkin-conflict-2,remote_checkin-conflict-2--policy_first,remote_checkin,policy_first,conflict,HUMAN_REVIEW,commit_then_review,strict,ELIGIBLE,188,27,0,0,0,0,0,1,1,0,0,0,0,0,0,0,0
Qwen3-4B,mlx-community/Qwen3-4B-Instruct-2507-4bit,50d427756c6b1b2fe0c0a10f67fbda1fc8e82c1b,remote_checkin-conflict-2,remote_checkin-conflict-2--record_first,remote_checkin,record_first,conflict,HUMAN_REVIEW,independent_review,strict,ELIGIBLE,160,23,0,0,0,0,0,1,1,0,0,0,0,,,,
Qwen3-4B,mlx-community/Qwen3-4B-Instruct-2507-4bit,50d427756c6b1b2fe0c0a10f67fbda1fc8e82c1b,remote_checkin-conflict-2,remote_checkin-conflict-2--record_first,remote_checkin,record_first,conflict,HUMAN_REVIEW,prior_rationale,strict,ELIGIBLE,160,23,0,0,0,0,0,1,1,0,0,0,0,,,,
Qwen3-4B,mlx-community/Qwen3-4B-Instruct-2507-4bit,50d427756c6b1b2fe0c0a10f67fbda1fc8e82c1b,remote_checkin-conflict-2,remote_checkin-conflict-2--record_first,remote_checkin,record_first,conflict,HUMAN_REVIEW,evidence_checklist,strict,ELIGIBLE,144,20,0,0,0,0,0,1,1,0,0,0,0,,,,
Qwen3-4B,mlx-community/Qwen3-4B-Instruct-2507-4bit,50d427756c6b1b2fe0c0a10f67fbda1fc8e82c1b,remote_checkin-conflict-2,remote_checkin-conflict-2--record_first,remote_checkin,record_first,conflict,HUMAN_REVIEW,commit_then_review,strict,ELIGIBLE,168,25,0,0,0,0,0,1,1,0,0,0,0,0,0,0,0
Qwen3-4B,mlx-community/Qwen3-4B-Instruct-2507-4bit,50d427756c6b1b2fe0c0a10f67fbda1fc8e82c1b,remote_checkin-conflict-3,remote_checkin-conflict-3--policy_first,remote_checkin,policy_first,conflict,HUMAN_REVIEW,independent_review,strict,ELIGIBLE,187,28,0,0,0,0,0,1,1,0,0,0,0,,,,
Qwen3-4B,mlx-community/Qwen3-4B-Instruct-2507-4bit,50d427756c6b1b2fe0c0a10f67fbda1fc8e82c1b,remote_checkin-conflict-3,remote_checkin-conflict-3--policy_first,remote_checkin,policy_first,conflict,HUMAN_REVIEW,prior_rationale,strict,ELIGIBLE,167,25,0,0,0,0,0,1,1,0,0,0,0,,,,
Qwen3-4B,mlx-community/Qwen3-4B-Instruct-2507-4bit,50d427756c6b1b2fe0c0a10f67fbda1fc8e82c1b,remote_checkin-conflict-3,remote_checkin-conflict-3--policy_first,remote_checkin,policy_first,conflict,HUMAN_REVIEW,evidence_checklist,strict,ELIGIBLE,153,22,0,0,0,0,0,1,1,0,0,0,0,,,,
Qwen3-4B,mlx-community/Qwen3-4B-Instruct-2507-4bit,50d427756c6b1b2fe0c0a10f67fbda1fc8e82c1b,remote_checkin-conflict-3,remote_checkin-conflict-3--policy_first,remote_checkin,policy_first,conflict,HUMAN_REVIEW,commit_then_review,strict,ELIGIBLE,188,27,0,0,0,0,0,1,1,0,0,0,0,0,0,0,0
Qwen3-4B,mlx-community/Qwen3-4B-Instruct-2507-4bit,50d427756c6b1b2fe0c0a10f67fbda1fc8e82c1b,remote_checkin-conflict-3,remote_checkin-conflict-3--record_first,remote_checkin,record_first,conflict,HUMAN_REVIEW,independent_review,strict,ELIGIBLE,168,25,0,0,0,0,0,1,1,0,0,0,0,,,,
Qwen3-4B,mlx-community/Qwen3-4B-Instruct-2507-4bit,50d427756c6b1b2fe0c0a10f67fbda1fc8e82c1b,remote_checkin-conflict-3,remote_checkin-conflict-3--record_first,remote_checkin,record_first,conflict,HUMAN_REVIEW,prior_rationale,strict,ELIGIBLE,160,23,0,0,0,0,0,1,1,0,0,0,0,,,,
Qwen3-4B,mlx-community/Qwen3-4B-Instruct-2507-4bit,50d427756c6b1b2fe0c0a10f67fbda1fc8e82c1b,remote_checkin-conflict-3,remote_checkin-conflict-3--record_first,remote_checkin,record_first,conflict,HUMAN_REVIEW,evidence_checklist,strict,ELIGIBLE,144,20,0,0,0,0,0,1,1,0,0,0,0,,,,
Qwen3-4B,mlx-community/Qwen3-4B-Instruct-2507-4bit,50d427756c6b1b2fe0c0a10f67fbda1fc8e82c1b,remote_checkin-conflict-3,remote_checkin-conflict-3--record_first,remote_checkin,record_first,conflict,HUMAN_REVIEW,commit_then_review,strict,ELIGIBLE,160,23,0,0,0,0,0,1,1,0,0,0,0,0,0,0,0
Qwen3-4B,mlx-community/Qwen3-4B-Instruct-2507-4bit,50d427756c6b1b2fe0c0a10f67fbda1fc8e82c1b,legal_information-valid-1,legal_information-valid-1--policy_first,legal_information,policy_first,valid,ELIGIBLE,independent_review,strict,ELIGIBLE,164,23,0,1,1,1,1,1,1,0,0,0,0,,,,
Qwen3-4B,mlx-community/Qwen3-4B-Instruct-2507-4bit,50d427756c6b1b2fe0c0a10f67fbda1fc8e82c1b,legal_information-valid-1,legal_information-valid-1--policy_first,legal_information,policy_first,valid,ELIGIBLE,prior_rationale,strict,ELIGIBLE,147,19,0,1,1,1,1,1,1,0,0,0,0,,,,
Qwen3-4B,mlx-community/Qwen3-4B-Instruct-2507-4bit,50d427756c6b1b2fe0c0a10f67fbda1fc8e82c1b,legal_information-valid-1,legal_information-valid-1--policy_first,legal_information,policy_first,valid,ELIGIBLE,evidence_checklist,strict,ELIGIBLE,131,17,0,1,1,1,1,1,1,0,0,0,0,,,,
Qwen3-4B,mlx-community/Qwen3-4B-Instruct-2507-4bit,50d427756c6b1b2fe0c0a10f67fbda1fc8e82c1b,legal_information-valid-1,legal_information-valid-1--policy_first,legal_information,policy_first,valid,ELIGIBLE,commit_then_review,strict,ELIGIBLE,168,24,0,1,1,1,1,1,1,0,0,0,0,0,0,0,1
Qwen3-4B,mlx-community/Qwen3-4B-Instruct-2507-4bit,50d427756c6b1b2fe0c0a10f67fbda1fc8e82c1b,legal_information-valid-1,legal_information-valid-1--record_first,legal_information,record_first,valid,ELIGIBLE,independent_review,strict,ELIGIBLE,144,19,0,1,1,1,1,1,1,0,0,0,0,,,,
Qwen3-4B,mlx-community/Qwen3-4B-Instruct-2507-4bit,50d427756c6b1b2fe0c0a10f67fbda1fc8e82c1b,legal_information-valid-1,legal_information-valid-1--record_first,legal_information,record_first,valid,ELIGIBLE,prior_rationale,strict,ELIGIBLE,154,22,0,1,1,1,1,1,1,0,0,0,0,,,,
Qwen3-4B,mlx-community/Qwen3-4B-Instruct-2507-4bit,50d427756c6b1b2fe0c0a10f67fbda1fc8e82c1b,legal_information-valid-1,legal_information-valid-1--record_first,legal_information,record_first,valid,ELIGIBLE,evidence_checklist,strict,ELIGIBLE,140,18,0,1,1,1,1,1,1,0,0,0,0,,,,
Qwen3-4B,mlx-community/Qwen3-4B-Instruct-2507-4bit,50d427756c6b1b2fe0c0a10f67fbda1fc8e82c1b,legal_information-valid-1,legal_information-valid-1--record_first,legal_information,record_first,valid,ELIGIBLE,commit_then_review,strict,ELIGIBLE,160,22,0,1,1,1,1,1,1,0,0,0,0,0,0,0,1
Qwen3-4B,mlx-community/Qwen3-4B-Instruct-2507-4bit,50d427756c6b1b2fe0c0a10f67fbda1fc8e82c1b,legal_information-valid-2,legal_information-valid-2--policy_first,legal_information,policy_first,valid,ELIGIBLE,independent_review,strict,ELIGIBLE,168,24,0,1,1,1,1,1,1,0,0,0,0,,,,
Qwen3-4B,mlx-community/Qwen3-4B-Instruct-2507-4bit,50d427756c6b1b2fe0c0a10f67fbda1fc8e82c1b,legal_information-valid-2,legal_information-valid-2--policy_first,legal_information,policy_first,valid,ELIGIBLE,prior_rationale,strict,ELIGIBLE,147,19,0,1,1,1,1,1,1,0,0,0,0,,,,
Qwen3-4B,mlx-community/Qwen3-4B-Instruct-2507-4bit,50d427756c6b1b2fe0c0a10f67fbda1fc8e82c1b,legal_information-valid-2,legal_information-valid-2--policy_first,legal_information,policy_first,valid,ELIGIBLE,evidence_checklist,strict,ELIGIBLE,131,17,0,1,1,1,1,1,1,0,0,0,0,,,,
Qwen3-4B,mlx-community/Qwen3-4B-Instruct-2507-4bit,50d427756c6b1b2fe0c0a10f67fbda1fc8e82c1b,legal_information-valid-2,legal_information-valid-2--policy_first,legal_information,policy_first,valid,ELIGIBLE,commit_then_review,strict,ELIGIBLE,149,22,0,1,1,1,1,1,1,0,0,0,0,0,0,0,1
Qwen3-4B,mlx-community/Qwen3-4B-Instruct-2507-4bit,50d427756c6b1b2fe0c0a10f67fbda1fc8e82c1b,legal_information-valid-2,legal_information-valid-2--record_first,legal_information,record_first,valid,ELIGIBLE,independent_review,strict,ELIGIBLE,140,19,0,1,1,1,1,1,1,0,0,0,0,,,,
Qwen3-4B,mlx-community/Qwen3-4B-Instruct-2507-4bit,50d427756c6b1b2fe0c0a10f67fbda1fc8e82c1b,legal_information-valid-2,legal_information-valid-2--record_first,legal_information,record_first,valid,ELIGIBLE,prior_rationale,strict,ELIGIBLE,154,22,0,1,1,1,1,1,1,0,0,0,0,,,,
Qwen3-4B,mlx-community/Qwen3-4B-Instruct-2507-4bit,50d427756c6b1b2fe0c0a10f67fbda1fc8e82c1b,legal_information-valid-2,legal_information-valid-2--record_first,legal_information,record_first,valid,ELIGIBLE,evidence_checklist,strict,ELIGIBLE,153,20,0,1,1,1,1,1,1,0,0,0,0,,,,
Qwen3-4B,mlx-community/Qwen3-4B-Instruct-2507-4bit,50d427756c6b1b2fe0c0a10f67fbda1fc8e82c1b,legal_information-valid-2,legal_information-valid-2--record_first,legal_information,record_first,valid,ELIGIBLE,commit_then_review,strict,ELIGIBLE,144,19,0,1,1,1,1,1,1,0,0,0,0,0,0,0,1
Qwen3-4B,mlx-community/Qwen3-4B-Instruct-2507-4bit,50d427756c6b1b2fe0c0a10f67fbda1fc8e82c1b,legal_information-valid-3,legal_information-valid-3--policy_first,legal_information,policy_first,valid,ELIGIBLE,independent_review,strict,ELIGIBLE,168,24,0,1,1,1,1,1,1,0,0,0,0,,,,
Qwen3-4B,mlx-community/Qwen3-4B-Instruct-2507-4bit,50d427756c6b1b2fe0c0a10f67fbda1fc8e82c1b,legal_information-valid-3,legal_information-valid-3--policy_first,legal_information,policy_first,valid,ELIGIBLE,prior_rationale,strict,ELIGIBLE,147,19,0,1,1,1,1,1,1,0,0,0,0,,,,
Qwen3-4B,mlx-community/Qwen3-4B-Instruct-2507-4bit,50d427756c6b1b2fe0c0a10f67fbda1fc8e82c1b,legal_information-valid-3,legal_information-valid-3--policy_first,legal_information,policy_first,valid,ELIGIBLE,evidence_checklist,strict,ELIGIBLE,131,17,0,1,1,1,1,1,1,0,0,0,0,,,,
Qwen3-4B,mlx-community/Qwen3-4B-Instruct-2507-4bit,50d427756c6b1b2fe0c0a10f67fbda1fc8e82c1b,legal_information-valid-3,legal_information-valid-3--policy_first,legal_information,policy_first,valid,ELIGIBLE,commit_then_review,strict,ELIGIBLE,168,24,0,1,1,1,1,1,1,0,0,0,0,0,0,0,1
Qwen3-4B,mlx-community/Qwen3-4B-Instruct-2507-4bit,50d427756c6b1b2fe0c0a10f67fbda1fc8e82c1b,legal_information-valid-3,legal_information-valid-3--record_first,legal_information,record_first,valid,ELIGIBLE,independent_review,strict,ELIGIBLE,144,19,0,1,1,1,1,1,1,0,0,0,0,,,,
Qwen3-4B,mlx-community/Qwen3-4B-Instruct-2507-4bit,50d427756c6b1b2fe0c0a10f67fbda1fc8e82c1b,legal_information-valid-3,legal_information-valid-3--record_first,legal_information,record_first,valid,ELIGIBLE,prior_rationale,strict,ELIGIBLE,154,22,0,1,1,1,1,1,1,0,0,0,0,,,,
Qwen3-4B,mlx-community/Qwen3-4B-Instruct-2507-4bit,50d427756c6b1b2fe0c0a10f67fbda1fc8e82c1b,legal_information-valid-3,legal_information-valid-3--record_first,legal_information,record_first,valid,ELIGIBLE,evidence_checklist,strict,ELIGIBLE,153,20,0,1,1,1,1,1,1,0,0,0,0,,,,
Qwen3-4B,mlx-community/Qwen3-4B-Instruct-2507-4bit,50d427756c6b1b2fe0c0a10f67fbda1fc8e82c1b,legal_information-valid-3,legal_information-valid-3--record_first,legal_information,record_first,valid,ELIGIBLE,commit_then_review,strict,ELIGIBLE,144,19,0,1,1,1,1,1,1,0,0,0,0,0,0,0,1
Qwen3-4B,mlx-community/Qwen3-4B-Instruct-2507-4bit,50d427756c6b1b2fe0c0a10f67fbda1fc8e82c1b,legal_information-invalid-1,legal_information-invalid-1--policy_first,legal_information,policy_first,invalid,INELIGIBLE,independent_review,strict,ELIGIBLE,403,64,0,0,0,1,0,1,1,0,1,0,0,,,,
Qwen3-4B,mlx-community/Qwen3-4B-Instruct-2507-4bit,50d427756c6b1b2fe0c0a10f67fbda1fc8e82c1b,legal_information-invalid-1,legal_information-invalid-1--policy_first,legal_information,policy_first,invalid,INELIGIBLE,prior_rationale,strict,ELIGIBLE,351,56,0,0,0,1,0,1,1,0,1,0,0,,,,
Qwen3-4B,mlx-community/Qwen3-4B-Instruct-2507-4bit,50d427756c6b1b2fe0c0a10f67fbda1fc8e82c1b,legal_information-invalid-1,legal_information-invalid-1--policy_first,legal_information,policy_first,invalid,INELIGIBLE,evidence_checklist,strict,ELIGIBLE,507,78,0,0,0,1,0,1,1,0,1,0,0,,,,
Qwen3-4B,mlx-community/Qwen3-4B-Instruct-2507-4bit,50d427756c6b1b2fe0c0a10f67fbda1fc8e82c1b,legal_information-invalid-1,legal_information-invalid-1--policy_first,legal_information,policy_first,invalid,INELIGIBLE,commit_then_review,strict,ELIGIBLE,37,3,0,0,0,1,0,1,1,0,1,0,0,0,0,0,0
Qwen3-4B,mlx-community/Qwen3-4B-Instruct-2507-4bit,50d427756c6b1b2fe0c0a10f67fbda1fc8e82c1b,legal_information-invalid-1,legal_information-invalid-1--record_first,legal_information,record_first,invalid,INELIGIBLE,independent_review,strict,ELIGIBLE,293,51,0,0,0,1,0,1,1,0,1,0,0,,,,
Qwen3-4B,mlx-community/Qwen3-4B-Instruct-2507-4bit,50d427756c6b1b2fe0c0a10f67fbda1fc8e82c1b,legal_information-invalid-1,legal_information-invalid-1--record_first,legal_information,record_first,invalid,INELIGIBLE,prior_rationale,strict,ELIGIBLE,203,33,0,0,0,1,0,1,1,0,1,0,0,,,,
Qwen3-4B,mlx-community/Qwen3-4B-Instruct-2507-4bit,50d427756c6b1b2fe0c0a10f67fbda1fc8e82c1b,legal_information-invalid-1,legal_information-invalid-1--record_first,legal_information,record_first,invalid,INELIGIBLE,evidence_checklist,strict,ELIGIBLE,434,70,0,0,0,1,0,1,1,0,1,0,0,,,,
Qwen3-4B,mlx-community/Qwen3-4B-Instruct-2507-4bit,50d427756c6b1b2fe0c0a10f67fbda1fc8e82c1b,legal_information-invalid-1,legal_information-invalid-1--record_first,legal_information,record_first,invalid,INELIGIBLE,commit_then_review,strict,ELIGIBLE,205,35,0,0,0,1,0,1,1,0,1,0,0,0,0,0,0
Qwen3-4B,mlx-community/Qwen3-4B-Instruct-2507-4bit,50d427756c6b1b2fe0c0a10f67fbda1fc8e82c1b,legal_information-invalid-2,legal_information-invalid-2--policy_first,legal_information,policy_first,invalid,INELIGIBLE,independent_review,strict,ELIGIBLE,339,51,0,0,0,1,0,1,1,0,1,0,0,,,,
Qwen3-4B,mlx-community/Qwen3-4B-Instruct-2507-4bit,50d427756c6b1b2fe0c0a10f67fbda1fc8e82c1b,legal_information-invalid-2,legal_information-invalid-2--policy_first,legal_information,policy_first,invalid,INELIGIBLE,prior_rationale,strict,ELIGIBLE,460,73,0,0,0,1,0,1,1,0,1,0,0,,,,
Qwen3-4B,mlx-community/Qwen3-4B-Instruct-2507-4bit,50d427756c6b1b2fe0c0a10f67fbda1fc8e82c1b,legal_information-invalid-2,legal_information-invalid-2--policy_first,legal_information,policy_first,invalid,INELIGIBLE,evidence_checklist,strict,ELIGIBLE,192,30,0,0,0,1,0,1,1,0,1,0,0,,,,
Qwen3-4B,mlx-community/Qwen3-4B-Instruct-2507-4bit,50d427756c6b1b2fe0c0a10f67fbda1fc8e82c1b,legal_information-invalid-2,legal_information-invalid-2--policy_first,legal_information,policy_first,invalid,INELIGIBLE,commit_then_review,strict,ELIGIBLE,37,3,0,0,0,1,0,1,1,0,1,0,0,0,0,0,0
Qwen3-4B,mlx-community/Qwen3-4B-Instruct-2507-4bit,50d427756c6b1b2fe0c0a10f67fbda1fc8e82c1b,legal_information-invalid-2,legal_information-invalid-2--record_first,legal_information,record_first,invalid,INELIGIBLE,independent_review,strict,ELIGIBLE,279,46,0,0,0,1,0,1,1,0,1,0,0,,,,
Qwen3-4B,mlx-community/Qwen3-4B-Instruct-2507-4bit,50d427756c6b1b2fe0c0a10f67fbda1fc8e82c1b,legal_information-invalid-2,legal_information-invalid-2--record_first,legal_information,record_first,invalid,INELIGIBLE,prior_rationale,strict,ELIGIBLE,486,77,0,0,0,1,0,1,1,0,1,0,0,,,,
Qwen3-4B,mlx-community/Qwen3-4B-Instruct-2507-4bit,50d427756c6b1b2fe0c0a10f67fbda1fc8e82c1b,legal_information-invalid-2,legal_information-invalid-2--record_first,legal_information,record_first,invalid,INELIGIBLE,evidence_checklist,strict,ELIGIBLE,504,79,0,0,0,1,0,1,1,0,1,0,0,,,,
Qwen3-4B,mlx-community/Qwen3-4B-Instruct-2507-4bit,50d427756c6b1b2fe0c0a10f67fbda1fc8e82c1b,legal_information-invalid-2,legal_information-invalid-2--record_first,legal_information,record_first,invalid,INELIGIBLE,commit_then_review,strict,ELIGIBLE,238,39,0,0,0,1,0,1,1,0,1,0,0,0,0,0,0
Qwen3-4B,mlx-community/Qwen3-4B-Instruct-2507-4bit,50d427756c6b1b2fe0c0a10f67fbda1fc8e82c1b,legal_information-invalid-3,legal_information-invalid-3--policy_first,legal_information,policy_first,invalid,INELIGIBLE,independent_review,strict,ELIGIBLE,533,86,0,0,0,1,0,1,1,0,1,0,0,,,,
Qwen3-4B,mlx-community/Qwen3-4B-Instruct-2507-4bit,50d427756c6b1b2fe0c0a10f67fbda1fc8e82c1b,legal_information-invalid-3,legal_information-invalid-3--policy_first,legal_information,policy_first,invalid,INELIGIBLE,prior_rationale,strict,ELIGIBLE,329,49,0,0,0,1,0,1,1,0,1,0,0,,,,
Qwen3-4B,mlx-community/Qwen3-4B-Instruct-2507-4bit,50d427756c6b1b2fe0c0a10f67fbda1fc8e82c1b,legal_information-invalid-3,legal_information-invalid-3--policy_first,legal_information,policy_first,invalid,INELIGIBLE,evidence_checklist,strict,ELIGIBLE,145,22,0,0,0,1,0,1,1,0,1,0,0,,,,
Qwen3-4B,mlx-community/Qwen3-4B-Instruct-2507-4bit,50d427756c6b1b2fe0c0a10f67fbda1fc8e82c1b,legal_information-invalid-3,legal_information-invalid-3--policy_first,legal_information,policy_first,invalid,INELIGIBLE,commit_then_review,strict,ELIGIBLE,37,3,0,0,0,1,0,1,1,0,1,0,0,0,0,0,0
Qwen3-4B,mlx-community/Qwen3-4B-Instruct-2507-4bit,50d427756c6b1b2fe0c0a10f67fbda1fc8e82c1b,legal_information-invalid-3,legal_information-invalid-3--record_first,legal_information,record_first,invalid,INELIGIBLE,independent_review,strict,ELIGIBLE,242,36,0,0,0,1,0,1,1,0,1,0,0,,,,
Qwen3-4B,mlx-community/Qwen3-4B-Instruct-2507-4bit,50d427756c6b1b2fe0c0a10f67fbda1fc8e82c1b,legal_information-invalid-3,legal_information-invalid-3--record_first,legal_information,record_first,invalid,INELIGIBLE,prior_rationale,strict,ELIGIBLE,243,37,0,0,0,1,0,1,1,0,1,0,0,,,,
Qwen3-4B,mlx-community/Qwen3-4B-Instruct-2507-4bit,50d427756c6b1b2fe0c0a10f67fbda1fc8e82c1b,legal_information-invalid-3,legal_information-invalid-3--record_first,legal_information,record_first,invalid,INELIGIBLE,evidence_checklist,strict,ELIGIBLE,141,21,0,0,0,1,0,1,1,0,1,0,0,,,,
Qwen3-4B,mlx-community/Qwen3-4B-Instruct-2507-4bit,50d427756c6b1b2fe0c0a10f67fbda1fc8e82c1b,legal_information-invalid-3,legal_information-invalid-3--record_first,legal_information,record_first,invalid,INELIGIBLE,commit_then_review,strict,ELIGIBLE,37,3,0,0,0,1,0,1,1,0,1,0,0,0,0,0,0
Qwen3-4B,mlx-community/Qwen3-4B-Instruct-2507-4bit,50d427756c6b1b2fe0c0a10f67fbda1fc8e82c1b,legal_information-incomplete-1,legal_information-incomplete-1--policy_first,legal_information,policy_first,incomplete,NEED_INFORMATION,independent_review,strict,ELIGIBLE,211,31,0,0,0,1,0,1,1,0,0,0,0,,,,
Qwen3-4B,mlx-community/Qwen3-4B-Instruct-2507-4bit,50d427756c6b1b2fe0c0a10f67fbda1fc8e82c1b,legal_information-incomplete-1,legal_information-incomplete-1--policy_first,legal_information,policy_first,incomplete,NEED_INFORMATION,prior_rationale,strict,ELIGIBLE,185,26,0,0,0,1,0,1,1,0,0,0,0,,,,
Qwen3-4B,mlx-community/Qwen3-4B-Instruct-2507-4bit,50d427756c6b1b2fe0c0a10f67fbda1fc8e82c1b,legal_information-incomplete-1,legal_information-incomplete-1--policy_first,legal_information,policy_first,incomplete,NEED_INFORMATION,evidence_checklist,strict,ELIGIBLE,145,22,0,0,0,1,0,1,1,0,0,0,0,,,,
Qwen3-4B,mlx-community/Qwen3-4B-Instruct-2507-4bit,50d427756c6b1b2fe0c0a10f67fbda1fc8e82c1b,legal_information-incomplete-1,legal_information-incomplete-1--policy_first,legal_information,policy_first,incomplete,NEED_INFORMATION,commit_then_review,strict,ELIGIBLE,206,29,0,0,0,1,0,1,1,0,0,0,0,0,0,0,0
Qwen3-4B,mlx-community/Qwen3-4B-Instruct-2507-4bit,50d427756c6b1b2fe0c0a10f67fbda1fc8e82c1b,legal_information-incomplete-1,legal_information-incomplete-1--record_first,legal_information,record_first,incomplete,NEED_INFORMATION,independent_review,strict,ELIGIBLE,239,33,0,0,0,1,0,1,1,0,0,0,0,,,,
Qwen3-4B,mlx-community/Qwen3-4B-Instruct-2507-4bit,50d427756c6b1b2fe0c0a10f67fbda1fc8e82c1b,legal_information-incomplete-1,legal_information-incomplete-1--record_first,legal_information,record_first,incomplete,NEED_INFORMATION,prior_rationale,strict,ELIGIBLE,239,33,0,0,0,1,0,1,1,0,0,0,0,,,,
Qwen3-4B,mlx-community/Qwen3-4B-Instruct-2507-4bit,50d427756c6b1b2fe0c0a10f67fbda1fc8e82c1b,legal_information-incomplete-1,legal_information-incomplete-1--record_first,legal_information,record_first,incomplete,NEED_INFORMATION,evidence_checklist,strict,ELIGIBLE,172,25,0,0,0,1,0,1,1,0,0,0,0,,,,
Qwen3-4B,mlx-community/Qwen3-4B-Instruct-2507-4bit,50d427756c6b1b2fe0c0a10f67fbda1fc8e82c1b,legal_information-incomplete-1,legal_information-incomplete-1--record_first,legal_information,record_first,incomplete,NEED_INFORMATION,commit_then_review,strict,ELIGIBLE,389,60,0,0,0,1,0,1,1,0,0,0,0,0,0,0,0
Qwen3-4B,mlx-community/Qwen3-4B-Instruct-2507-4bit,50d427756c6b1b2fe0c0a10f67fbda1fc8e82c1b,legal_information-incomplete-2,legal_information-incomplete-2--policy_first,legal_information,policy_first,incomplete,NEED_INFORMATION,independent_review,strict,ELIGIBLE,211,31,0,0,0,1,0,1,1,0,0,0,0,,,,
Qwen3-4B,mlx-community/Qwen3-4B-Instruct-2507-4bit,50d427756c6b1b2fe0c0a10f67fbda1fc8e82c1b,legal_information-incomplete-2,legal_information-incomplete-2--policy_first,legal_information,policy_first,incomplete,NEED_INFORMATION,prior_rationale,strict,ELIGIBLE,185,26,0,0,0,1,0,1,1,0,0,0,0,,,,
Qwen3-4B,mlx-community/Qwen3-4B-Instruct-2507-4bit,50d427756c6b1b2fe0c0a10f67fbda1fc8e82c1b,legal_information-incomplete-2,legal_information-incomplete-2--policy_first,legal_information,policy_first,incomplete,NEED_INFORMATION,evidence_checklist,strict,ELIGIBLE,196,28,0,0,0,1,0,1,1,0,0,0,0,,,,
Qwen3-4B,mlx-community/Qwen3-4B-Instruct-2507-4bit,50d427756c6b1b2fe0c0a10f67fbda1fc8e82c1b,legal_information-incomplete-2,legal_information-incomplete-2--policy_first,legal_information,policy_first,incomplete,NEED_INFORMATION,commit_then_review,strict,ELIGIBLE,191,29,0,0,0,1,0,1,1,0,0,0,0,0,0,0,0
Qwen3-4B,mlx-community/Qwen3-4B-Instruct-2507-4bit,50d427756c6b1b2fe0c0a10f67fbda1fc8e82c1b,legal_information-incomplete-2,legal_information-incomplete-2--record_first,legal_information,record_first,incomplete,NEED_INFORMATION,independent_review,strict,ELIGIBLE,239,33,0,0,0,1,0,1,1,0,0,0,0,,,,
Qwen3-4B,mlx-community/Qwen3-4B-Instruct-2507-4bit,50d427756c6b1b2fe0c0a10f67fbda1fc8e82c1b,legal_information-incomplete-2,legal_information-incomplete-2--record_first,legal_information,record_first,incomplete,NEED_INFORMATION,prior_rationale,strict,ELIGIBLE,239,33,0,0,0,1,0,1,1,0,0,0,0,,,,
Qwen3-4B,mlx-community/Qwen3-4B-Instruct-2507-4bit,50d427756c6b1b2fe0c0a10f67fbda1fc8e82c1b,legal_information-incomplete-2,legal_information-incomplete-2--record_first,legal_information,record_first,incomplete,NEED_INFORMATION,evidence_checklist,strict,ELIGIBLE,172,25,0,0,0,1,0,1,1,0,0,0,0,,,,
Qwen3-4B,mlx-community/Qwen3-4B-Instruct-2507-4bit,50d427756c6b1b2fe0c0a10f67fbda1fc8e82c1b,legal_information-incomplete-2,legal_information-incomplete-2--record_first,legal_information,record_first,incomplete,NEED_INFORMATION,commit_then_review,strict,ELIGIBLE,291,43,0,0,0,1,0,1,1,0,0,0,0,0,0,0,0
Qwen3-4B,mlx-community/Qwen3-4B-Instruct-2507-4bit,50d427756c6b1b2fe0c0a10f67fbda1fc8e82c1b,legal_information-incomplete-3,legal_information-incomplete-3--policy_first,legal_information,policy_first,incomplete,NEED_INFORMATION,independent_review,strict,ELIGIBLE,211,31,0,0,0,1,0,1,1,0,0,0,0,,,,
Qwen3-4B,mlx-community/Qwen3-4B-Instruct-2507-4bit,50d427756c6b1b2fe0c0a10f67fbda1fc8e82c1b,legal_information-incomplete-3,legal_information-incomplete-3--policy_first,legal_information,policy_first,incomplete,NEED_INFORMATION,prior_rationale,strict,ELIGIBLE,187,28,0,0,0,1,0,1,1,0,0,0,0,,,,
Qwen3-4B,mlx-community/Qwen3-4B-Instruct-2507-4bit,50d427756c6b1b2fe0c0a10f67fbda1fc8e82c1b,legal_information-incomplete-3,legal_information-incomplete-3--policy_first,legal_information,policy_first,incomplete,NEED_INFORMATION,evidence_checklist,strict,ELIGIBLE,196,28,0,0,0,1,0,1,1,0,0,0,0,,,,
Qwen3-4B,mlx-community/Qwen3-4B-Instruct-2507-4bit,50d427756c6b1b2fe0c0a10f67fbda1fc8e82c1b,legal_information-incomplete-3,legal_information-incomplete-3--policy_first,legal_information,policy_first,incomplete,NEED_INFORMATION,commit_then_review,strict,ELIGIBLE,208,29,0,0,0,1,0,1,1,0,0,0,0,0,0,0,0
Qwen3-4B,mlx-community/Qwen3-4B-Instruct-2507-4bit,50d427756c6b1b2fe0c0a10f67fbda1fc8e82c1b,legal_information-incomplete-3,legal_information-incomplete-3--record_first,legal_information,record_first,incomplete,NEED_INFORMATION,independent_review,strict,ELIGIBLE,239,33,0,0,0,1,0,1,1,0,0,0,0,,,,
Qwen3-4B,mlx-community/Qwen3-4B-Instruct-2507-4bit,50d427756c6b1b2fe0c0a10f67fbda1fc8e82c1b,legal_information-incomplete-3,legal_information-incomplete-3--record_first,legal_information,record_first,incomplete,NEED_INFORMATION,prior_rationale,strict,ELIGIBLE,239,33,0,0,0,1,0,1,1,0,0,0,0,,,,
Qwen3-4B,mlx-community/Qwen3-4B-Instruct-2507-4bit,50d427756c6b1b2fe0c0a10f67fbda1fc8e82c1b,legal_information-incomplete-3,legal_information-incomplete-3--record_first,legal_information,record_first,incomplete,NEED_INFORMATION,evidence_checklist,strict,ELIGIBLE,180,27,0,0,0,1,0,1,1,0,0,0,0,,,,
Qwen3-4B,mlx-community/Qwen3-4B-Instruct-2507-4bit,50d427756c6b1b2fe0c0a10f67fbda1fc8e82c1b,legal_information-incomplete-3,legal_information-incomplete-3--record_first,legal_information,record_first,incomplete,NEED_INFORMATION,commit_then_review,strict,ELIGIBLE,389,60,0,0,0,1,0,1,1,0,0,0,0,0,0,0,0
Qwen3-4B,mlx-community/Qwen3-4B-Instruct-2507-4bit,50d427756c6b1b2fe0c0a10f67fbda1fc8e82c1b,legal_information-conflict-1,legal_information-conflict-1--policy_first,legal_information,policy_first,conflict,HUMAN_REVIEW,independent_review,strict,ELIGIBLE,170,25,0,0,0,0,0,1,1,0,0,0,0,,,,
Qwen3-4B,mlx-community/Qwen3-4B-Instruct-2507-4bit,50d427756c6b1b2fe0c0a10f67fbda1fc8e82c1b,legal_information-conflict-1,legal_information-conflict-1--policy_first,legal_information,policy_first,conflict,HUMAN_REVIEW,prior_rationale,strict,ELIGIBLE,155,24,0,0,0,0,0,1,1,0,0,0,0,,,,
Qwen3-4B,mlx-community/Qwen3-4B-Instruct-2507-4bit,50d427756c6b1b2fe0c0a10f67fbda1fc8e82c1b,legal_information-conflict-1,legal_information-conflict-1--policy_first,legal_information,policy_first,conflict,HUMAN_REVIEW,evidence_checklist,strict,ELIGIBLE,154,22,0,0,0,0,0,1,1,0,0,0,0,,,,
Qwen3-4B,mlx-community/Qwen3-4B-Instruct-2507-4bit,50d427756c6b1b2fe0c0a10f67fbda1fc8e82c1b,legal_information-conflict-1,legal_information-conflict-1--policy_first,legal_information,policy_first,conflict,HUMAN_REVIEW,commit_then_review,strict,ELIGIBLE,155,24,0,0,0,0,0,1,1,0,0,0,0,0,0,0,0
Qwen3-4B,mlx-community/Qwen3-4B-Instruct-2507-4bit,50d427756c6b1b2fe0c0a10f67fbda1fc8e82c1b,legal_information-conflict-1,legal_information-conflict-1--record_first,legal_information,record_first,conflict,HUMAN_REVIEW,independent_review,strict,ELIGIBLE,144,19,0,0,0,0,0,1,1,0,0,0,0,,,,
Qwen3-4B,mlx-community/Qwen3-4B-Instruct-2507-4bit,50d427756c6b1b2fe0c0a10f67fbda1fc8e82c1b,legal_information-conflict-1,legal_information-conflict-1--record_first,legal_information,record_first,conflict,HUMAN_REVIEW,prior_rationale,strict,ELIGIBLE,160,22,0,0,0,0,0,1,1,0,0,0,0,,,,
Qwen3-4B,mlx-community/Qwen3-4B-Instruct-2507-4bit,50d427756c6b1b2fe0c0a10f67fbda1fc8e82c1b,legal_information-conflict-1,legal_information-conflict-1--record_first,legal_information,record_first,conflict,HUMAN_REVIEW,evidence_checklist,strict,ELIGIBLE,140,18,0,0,0,0,0,1,1,0,0,0,0,,,,
Qwen3-4B,mlx-community/Qwen3-4B-Instruct-2507-4bit,50d427756c6b1b2fe0c0a10f67fbda1fc8e82c1b,legal_information-conflict-1,legal_information-conflict-1--record_first,legal_information,record_first,conflict,HUMAN_REVIEW,commit_then_review,strict,ELIGIBLE,160,22,0,0,0,0,0,1,1,0,0,0,0,0,0,0,0
Qwen3-4B,mlx-community/Qwen3-4B-Instruct-2507-4bit,50d427756c6b1b2fe0c0a10f67fbda1fc8e82c1b,legal_information-conflict-2,legal_information-conflict-2--policy_first,legal_information,policy_first,conflict,HUMAN_REVIEW,independent_review,strict,ELIGIBLE,170,25,0,0,0,0,0,1,1,0,0,0,0,,,,
Qwen3-4B,mlx-community/Qwen3-4B-Instruct-2507-4bit,50d427756c6b1b2fe0c0a10f67fbda1fc8e82c1b,legal_information-conflict-2,legal_information-conflict-2--policy_first,legal_information,policy_first,conflict,HUMAN_REVIEW,prior_rationale,strict,ELIGIBLE,155,24,0,0,0,0,0,1,1,0,0,0,0,,,,
Qwen3-4B,mlx-community/Qwen3-4B-Instruct-2507-4bit,50d427756c6b1b2fe0c0a10f67fbda1fc8e82c1b,legal_information-conflict-2,legal_information-conflict-2--policy_first,legal_information,policy_first,conflict,HUMAN_REVIEW,evidence_checklist,strict,ELIGIBLE,154,22,0,0,0,0,0,1,1,0,0,0,0,,,,
Qwen3-4B,mlx-community/Qwen3-4B-Instruct-2507-4bit,50d427756c6b1b2fe0c0a10f67fbda1fc8e82c1b,legal_information-conflict-2,legal_information-conflict-2--policy_first,legal_information,policy_first,conflict,HUMAN_REVIEW,commit_then_review,strict,ELIGIBLE,155,24,0,0,0,0,0,1,1,0,0,0,0,0,0,0,0
Qwen3-4B,mlx-community/Qwen3-4B-Instruct-2507-4bit,50d427756c6b1b2fe0c0a10f67fbda1fc8e82c1b,legal_information-conflict-2,legal_information-conflict-2--record_first,legal_information,record_first,conflict,HUMAN_REVIEW,independent_review,strict,ELIGIBLE,144,19,0,0,0,0,0,1,1,0,0,0,0,,,,
Qwen3-4B,mlx-community/Qwen3-4B-Instruct-2507-4bit,50d427756c6b1b2fe0c0a10f67fbda1fc8e82c1b,legal_information-conflict-2,legal_information-conflict-2--record_first,legal_information,record_first,conflict,HUMAN_REVIEW,prior_rationale,strict,ELIGIBLE,160,22,0,0,0,0,0,1,1,0,0,0,0,,,,
Qwen3-4B,mlx-community/Qwen3-4B-Instruct-2507-4bit,50d427756c6b1b2fe0c0a10f67fbda1fc8e82c1b,legal_information-conflict-2,legal_information-conflict-2--record_first,legal_information,record_first,conflict,HUMAN_REVIEW,evidence_checklist,strict,ELIGIBLE,140,18,0,0,0,0,0,1,1,0,0,0,0,,,,
Qwen3-4B,mlx-community/Qwen3-4B-Instruct-2507-4bit,50d427756c6b1b2fe0c0a10f67fbda1fc8e82c1b,legal_information-conflict-2,legal_information-conflict-2--record_first,legal_information,record_first,conflict,HUMAN_REVIEW,commit_then_review,strict,ELIGIBLE,160,22,0,0,0,0,0,1,1,0,0,0,0,0,0,0,0
Qwen3-4B,mlx-community/Qwen3-4B-Instruct-2507-4bit,50d427756c6b1b2fe0c0a10f67fbda1fc8e82c1b,legal_information-conflict-3,legal_information-conflict-3--policy_first,legal_information,policy_first,conflict,HUMAN_REVIEW,independent_review,strict,ELIGIBLE,155,24,0,0,0,0,0,1,1,0,0,0,0,,,,
Qwen3-4B,mlx-community/Qwen3-4B-Instruct-2507-4bit,50d427756c6b1b2fe0c0a10f67fbda1fc8e82c1b,legal_information-conflict-3,legal_information-conflict-3--policy_first,legal_information,policy_first,conflict,HUMAN_REVIEW,prior_rationale,strict,ELIGIBLE,155,24,0,0,0,0,0,1,1,0,0,0,0,,,,
Qwen3-4B,mlx-community/Qwen3-4B-Instruct-2507-4bit,50d427756c6b1b2fe0c0a10f67fbda1fc8e82c1b,legal_information-conflict-3,legal_information-conflict-3--policy_first,legal_information,policy_first,conflict,HUMAN_REVIEW,evidence_checklist,strict,ELIGIBLE,154,22,0,0,0,0,0,1,1,0,0,0,0,,,,
Qwen3-4B,mlx-community/Qwen3-4B-Instruct-2507-4bit,50d427756c6b1b2fe0c0a10f67fbda1fc8e82c1b,legal_information-conflict-3,legal_information-conflict-3--policy_first,legal_information,policy_first,conflict,HUMAN_REVIEW,commit_then_review,strict,ELIGIBLE,155,24,0,0,0,0,0,1,1,0,0,0,0,0,0,0,0
Qwen3-4B,mlx-community/Qwen3-4B-Instruct-2507-4bit,50d427756c6b1b2fe0c0a10f67fbda1fc8e82c1b,legal_information-conflict-3,legal_information-conflict-3--record_first,legal_information,record_first,conflict,HUMAN_REVIEW,independent_review,strict,ELIGIBLE,140,19,0,0,0,0,0,1,1,0,0,0,0,,,,
Qwen3-4B,mlx-community/Qwen3-4B-Instruct-2507-4bit,50d427756c6b1b2fe0c0a10f67fbda1fc8e82c1b,legal_information-conflict-3,legal_information-conflict-3--record_first,legal_information,record_first,conflict,HUMAN_REVIEW,prior_rationale,strict,ELIGIBLE,160,22,0,0,0,0,0,1,1,0,0,0,0,,,,
Qwen3-4B,mlx-community/Qwen3-4B-Instruct-2507-4bit,50d427756c6b1b2fe0c0a10f67fbda1fc8e82c1b,legal_information-conflict-3,legal_information-conflict-3--record_first,legal_information,record_first,conflict,HUMAN_REVIEW,evidence_checklist,strict,ELIGIBLE,140,18,0,0,0,0,0,1,1,0,0,0,0,,,,
Qwen3-4B,mlx-community/Qwen3-4B-Instruct-2507-4bit,50d427756c6b1b2fe0c0a10f67fbda1fc8e82c1b,legal_information-conflict-3,legal_information-conflict-3--record_first,legal_information,record_first,conflict,HUMAN_REVIEW,commit_then_review,strict,ELIGIBLE,160,22,0,0,0,0,0,1,1,0,0,0,0,0,0,0,0
Qwen3-4B,mlx-community/Qwen3-4B-Instruct-2507-4bit,50d427756c6b1b2fe0c0a10f67fbda1fc8e82c1b,shelter_maintenance-valid-1,shelter_maintenance-valid-1--policy_first,shelter_maintenance,policy_first,valid,ELIGIBLE,independent_review,strict,ELIGIBLE,176,25,0,1,1,1,1,1,1,0,0,0,0,,,,
Qwen3-4B,mlx-community/Qwen3-4B-Instruct-2507-4bit,50d427756c6b1b2fe0c0a10f67fbda1fc8e82c1b,shelter_maintenance-valid-1,shelter_maintenance-valid-1--policy_first,shelter_maintenance,policy_first,valid,ELIGIBLE,prior_rationale,strict,ELIGIBLE,207,29,0,1,1,1,1,1,1,0,0,0,0,,,,
Qwen3-4B,mlx-community/Qwen3-4B-Instruct-2507-4bit,50d427756c6b1b2fe0c0a10f67fbda1fc8e82c1b,shelter_maintenance-valid-1,shelter_maintenance-valid-1--policy_first,shelter_maintenance,policy_first,valid,ELIGIBLE,evidence_checklist,strict,ELIGIBLE,152,20,0,1,1,1,1,1,1,0,0,0,0,,,,
Qwen3-4B,mlx-community/Qwen3-4B-Instruct-2507-4bit,50d427756c6b1b2fe0c0a10f67fbda1fc8e82c1b,shelter_maintenance-valid-1,shelter_maintenance-valid-1--policy_first,shelter_maintenance,policy_first,valid,ELIGIBLE,commit_then_review,strict,ELIGIBLE,186,27,0,1,1,1,1,1,1,0,0,0,0,0,0,0,1
Qwen3-4B,mlx-community/Qwen3-4B-Instruct-2507-4bit,50d427756c6b1b2fe0c0a10f67fbda1fc8e82c1b,shelter_maintenance-valid-1,shelter_maintenance-valid-1--record_first,shelter_maintenance,record_first,valid,ELIGIBLE,independent_review,strict,ELIGIBLE,173,24,0,1,1,1,1,1,1,0,0,0,0,,,,
Qwen3-4B,mlx-community/Qwen3-4B-Instruct-2507-4bit,50d427756c6b1b2fe0c0a10f67fbda1fc8e82c1b,shelter_maintenance-valid-1,shelter_maintenance-valid-1--record_first,shelter_maintenance,record_first,valid,ELIGIBLE,prior_rationale,strict,ELIGIBLE,161,23,0,1,1,1,1,1,1,0,0,0,0,,,,
Qwen3-4B,mlx-community/Qwen3-4B-Instruct-2507-4bit,50d427756c6b1b2fe0c0a10f67fbda1fc8e82c1b,shelter_maintenance-valid-1,shelter_maintenance-valid-1--record_first,shelter_maintenance,record_first,valid,ELIGIBLE,evidence_checklist,strict,ELIGIBLE,136,18,0,1,1,1,1,1,1,0,0,0,0,,,,
Qwen3-4B,mlx-community/Qwen3-4B-Instruct-2507-4bit,50d427756c6b1b2fe0c0a10f67fbda1fc8e82c1b,shelter_maintenance-valid-1,shelter_maintenance-valid-1--record_first,shelter_maintenance,record_first,valid,ELIGIBLE,commit_then_review,strict,ELIGIBLE,173,24,0,1,1,1,1,1,1,0,0,0,0,0,0,0,1
Qwen3-4B,mlx-community/Qwen3-4B-Instruct-2507-4bit,50d427756c6b1b2fe0c0a10f67fbda1fc8e82c1b,shelter_maintenance-valid-2,shelter_maintenance-valid-2--policy_first,shelter_maintenance,policy_first,valid,ELIGIBLE,independent_review,strict,ELIGIBLE,173,25,0,1,1,1,1,1,1,0,0,0,0,,,,
Qwen3-4B,mlx-community/Qwen3-4B-Instruct-2507-4bit,50d427756c6b1b2fe0c0a10f67fbda1fc8e82c1b,shelter_maintenance-valid-2,shelter_maintenance-valid-2--policy_first,shelter_maintenance,policy_first,valid,ELIGIBLE,prior_rationale,strict,ELIGIBLE,207,29,0,1,1,1,1,1,1,0,0,0,0,,,,
Qwen3-4B,mlx-community/Qwen3-4B-Instruct-2507-4bit,50d427756c6b1b2fe0c0a10f67fbda1fc8e82c1b,shelter_maintenance-valid-2,shelter_maintenance-valid-2--policy_first,shelter_maintenance,policy_first,valid,ELIGIBLE,evidence_checklist,strict,ELIGIBLE,152,20,0,1,1,1,1,1,1,0,0,0,0,,,,
Qwen3-4B,mlx-community/Qwen3-4B-Instruct-2507-4bit,50d427756c6b1b2fe0c0a10f67fbda1fc8e82c1b,shelter_maintenance-valid-2,shelter_maintenance-valid-2--policy_first,shelter_maintenance,policy_first,valid,ELIGIBLE,commit_then_review,strict,ELIGIBLE,186,27,0,1,1,1,1,1,1,0,0,0,0,0,0,0,1
Qwen3-4B,mlx-community/Qwen3-4B-Instruct-2507-4bit,50d427756c6b1b2fe0c0a10f67fbda1fc8e82c1b,shelter_maintenance-valid-2,shelter_maintenance-valid-2--record_first,shelter_maintenance,record_first,valid,ELIGIBLE,independent_review,strict,ELIGIBLE,173,24,0,1,1,1,1,1,1,0,0,0,0,,,,
Qwen3-4B,mlx-community/Qwen3-4B-Instruct-2507-4bit,50d427756c6b1b2fe0c0a10f67fbda1fc8e82c1b,shelter_maintenance-valid-2,shelter_maintenance-valid-2--record_first,shelter_maintenance,record_first,valid,ELIGIBLE,prior_rationale,strict,ELIGIBLE,161,23,0,1,1,1,1,1,1,0,0,0,0,,,,
Qwen3-4B,mlx-community/Qwen3-4B-Instruct-2507-4bit,50d427756c6b1b2fe0c0a10f67fbda1fc8e82c1b,shelter_maintenance-valid-2,shelter_maintenance-valid-2--record_first,shelter_maintenance,record_first,valid,ELIGIBLE,evidence_checklist,strict,ELIGIBLE,142,19,0,1,1,1,1,1,1,0,0,0,0,,,,
Qwen3-4B,mlx-community/Qwen3-4B-Instruct-2507-4bit,50d427756c6b1b2fe0c0a10f67fbda1fc8e82c1b,shelter_maintenance-valid-2,shelter_maintenance-valid-2--record_first,shelter_maintenance,record_first,valid,ELIGIBLE,commit_then_review,strict,ELIGIBLE,173,24,0,1,1,1,1,1,1,0,0,0,0,0,0,0,1
Qwen3-4B,mlx-community/Qwen3-4B-Instruct-2507-4bit,50d427756c6b1b2fe0c0a10f67fbda1fc8e82c1b,shelter_maintenance-valid-3,shelter_maintenance-valid-3--policy_first,shelter_maintenance,policy_first,valid,ELIGIBLE,independent_review,strict,ELIGIBLE,172,24,0,1,1,1,1,1,1,0,0,0,0,,,,
Qwen3-4B,mlx-community/Qwen3-4B-Instruct-2507-4bit,50d427756c6b1b2fe0c0a10f67fbda1fc8e82c1b,shelter_maintenance-valid-3,shelter_maintenance-valid-3--policy_first,shelter_maintenance,policy_first,valid,ELIGIBLE,prior_rationale,strict,ELIGIBLE,207,29,0,1,1,1,1,1,1,0,0,0,0,,,,
Qwen3-4B,mlx-community/Qwen3-4B-Instruct-2507-4bit,50d427756c6b1b2fe0c0a10f67fbda1fc8e82c1b,shelter_maintenance-valid-3,shelter_maintenance-valid-3--policy_first,shelter_maintenance,policy_first,valid,ELIGIBLE,evidence_checklist,strict,ELIGIBLE,152,20,0,1,1,1,1,1,1,0,0,0,0,,,,
Qwen3-4B,mlx-community/Qwen3-4B-Instruct-2507-4bit,50d427756c6b1b2fe0c0a10f67fbda1fc8e82c1b,shelter_maintenance-valid-3,shelter_maintenance-valid-3--policy_first,shelter_maintenance,policy_first,valid,ELIGIBLE,commit_then_review,strict,ELIGIBLE,185,24,0,1,1,1,1,1,1,0,0,0,0,0,0,0,1
Qwen3-4B,mlx-community/Qwen3-4B-Instruct-2507-4bit,50d427756c6b1b2fe0c0a10f67fbda1fc8e82c1b,shelter_maintenance-valid-3,shelter_maintenance-valid-3--record_first,shelter_maintenance,record_first,valid,ELIGIBLE,independent_review,strict,ELIGIBLE,173,24,0,1,1,1,1,1,1,0,0,0,0,,,,
Qwen3-4B,mlx-community/Qwen3-4B-Instruct-2507-4bit,50d427756c6b1b2fe0c0a10f67fbda1fc8e82c1b,shelter_maintenance-valid-3,shelter_maintenance-valid-3--record_first,shelter_maintenance,record_first,valid,ELIGIBLE,prior_rationale,strict,ELIGIBLE,161,23,0,1,1,1,1,1,1,0,0,0,0,,,,
Qwen3-4B,mlx-community/Qwen3-4B-Instruct-2507-4bit,50d427756c6b1b2fe0c0a10f67fbda1fc8e82c1b,shelter_maintenance-valid-3,shelter_maintenance-valid-3--record_first,shelter_maintenance,record_first,valid,ELIGIBLE,evidence_checklist,strict,ELIGIBLE,142,19,0,1,1,1,1,1,1,0,0,0,0,,,,
Qwen3-4B,mlx-community/Qwen3-4B-Instruct-2507-4bit,50d427756c6b1b2fe0c0a10f67fbda1fc8e82c1b,shelter_maintenance-valid-3,shelter_maintenance-valid-3--record_first,shelter_maintenance,record_first,valid,ELIGIBLE,commit_then_review,strict,ELIGIBLE,173,24,0,1,1,1,1,1,1,0,0,0,0,0,0,0,1
Qwen3-4B,mlx-community/Qwen3-4B-Instruct-2507-4bit,50d427756c6b1b2fe0c0a10f67fbda1fc8e82c1b,shelter_maintenance-invalid-1,shelter_maintenance-invalid-1--policy_first,shelter_maintenance,policy_first,invalid,INELIGIBLE,independent_review,strict,ELIGIBLE,455,74,0,0,0,1,0,1,1,0,1,0,0,,,,
Qwen3-4B,mlx-community/Qwen3-4B-Instruct-2507-4bit,50d427756c6b1b2fe0c0a10f67fbda1fc8e82c1b,shelter_maintenance-invalid-1,shelter_maintenance-invalid-1--policy_first,shelter_maintenance,policy_first,invalid,INELIGIBLE,prior_rationale,strict,ELIGIBLE,546,86,0,0,0,1,0,1,1,0,1,0,0,,,,
Qwen3-4B,mlx-community/Qwen3-4B-Instruct-2507-4bit,50d427756c6b1b2fe0c0a10f67fbda1fc8e82c1b,shelter_maintenance-invalid-1,shelter_maintenance-invalid-1--policy_first,shelter_maintenance,policy_first,invalid,INELIGIBLE,evidence_checklist,strict,ELIGIBLE,536,86,0,0,0,1,0,1,1,0,1,0,0,,,,
Qwen3-4B,mlx-community/Qwen3-4B-Instruct-2507-4bit,50d427756c6b1b2fe0c0a10f67fbda1fc8e82c1b,shelter_maintenance-invalid-1,shelter_maintenance-invalid-1--policy_first,shelter_maintenance,policy_first,invalid,INELIGIBLE,commit_then_review,strict,ELIGIBLE,37,3,0,0,0,1,0,1,1,0,1,0,0,0,0,0,0
Qwen3-4B,mlx-community/Qwen3-4B-Instruct-2507-4bit,50d427756c6b1b2fe0c0a10f67fbda1fc8e82c1b,shelter_maintenance-invalid-1,shelter_maintenance-invalid-1--record_first,shelter_maintenance,record_first,invalid,INELIGIBLE,independent_review,strict,ELIGIBLE,155,21,0,0,0,1,0,1,1,0,1,0,0,,,,
Qwen3-4B,mlx-community/Qwen3-4B-Instruct-2507-4bit,50d427756c6b1b2fe0c0a10f67fbda1fc8e82c1b,shelter_maintenance-invalid-1,shelter_maintenance-invalid-1--record_first,shelter_maintenance,record_first,invalid,INELIGIBLE,prior_rationale,strict,ELIGIBLE,155,21,0,0,0,1,0,1,1,0,1,0,0,,,,
Qwen3-4B,mlx-community/Qwen3-4B-Instruct-2507-4bit,50d427756c6b1b2fe0c0a10f67fbda1fc8e82c1b,shelter_maintenance-invalid-1,shelter_maintenance-invalid-1--record_first,shelter_maintenance,record_first,invalid,INELIGIBLE,evidence_checklist,strict,ELIGIBLE,617,98,0,0,0,1,0,1,1,0,1,0,0,,,,
Qwen3-4B,mlx-community/Qwen3-4B-Instruct-2507-4bit,50d427756c6b1b2fe0c0a10f67fbda1fc8e82c1b,shelter_maintenance-invalid-1,shelter_maintenance-invalid-1--record_first,shelter_maintenance,record_first,invalid,INELIGIBLE,commit_then_review,strict,ELIGIBLE,155,21,0,0,0,1,0,1,1,0,1,0,0,0,0,0,0
Qwen3-4B,mlx-community/Qwen3-4B-Instruct-2507-4bit,50d427756c6b1b2fe0c0a10f67fbda1fc8e82c1b,shelter_maintenance-invalid-2,shelter_maintenance-invalid-2--policy_first,shelter_maintenance,policy_first,invalid,INELIGIBLE,independent_review,strict,ELIGIBLE,719,109,0,0,0,1,0,1,1,0,1,0,0,,,,
Qwen3-4B,mlx-community/Qwen3-4B-Instruct-2507-4bit,50d427756c6b1b2fe0c0a10f67fbda1fc8e82c1b,shelter_maintenance-invalid-2,shelter_maintenance-invalid-2--policy_first,shelter_maintenance,policy_first,invalid,INELIGIBLE,prior_rationale,unparsed,,0,0,0,0,0,0,0,0,0,0,0,0,0,,,,
Qwen3-4B,mlx-community/Qwen3-4B-Instruct-2507-4bit,50d427756c6b1b2fe0c0a10f67fbda1fc8e82c1b,shelter_maintenance-invalid-2,shelter_maintenance-invalid-2--policy_first,shelter_maintenance,policy_first,invalid,INELIGIBLE,evidence_checklist,unparsed,,0,0,0,0,0,0,0,0,0,0,0,0,0,,,,
Qwen3-4B,mlx-community/Qwen3-4B-Instruct-2507-4bit,50d427756c6b1b2fe0c0a10f67fbda1fc8e82c1b,shelter_maintenance-invalid-2,shelter_maintenance-invalid-2--policy_first,shelter_maintenance,policy_first,invalid,INELIGIBLE,commit_then_review,strict,ELIGIBLE,37,3,0,0,0,1,0,1,1,0,1,0,0,0,0,0,0
Qwen3-4B,mlx-community/Qwen3-4B-Instruct-2507-4bit,50d427756c6b1b2fe0c0a10f67fbda1fc8e82c1b,shelter_maintenance-invalid-2,shelter_maintenance-invalid-2--record_first,shelter_maintenance,record_first,invalid,INELIGIBLE,independent_review,strict,ELIGIBLE,579,87,0,0,0,1,0,1,1,0,1,0,0,,,,
Qwen3-4B,mlx-community/Qwen3-4B-Instruct-2507-4bit,50d427756c6b1b2fe0c0a10f67fbda1fc8e82c1b,shelter_maintenance-invalid-2,shelter_maintenance-invalid-2--record_first,shelter_maintenance,record_first,invalid,INELIGIBLE,prior_rationale,strict,ELIGIBLE,433,66,0,0,0,1,0,1,1,0,1,0,0,,,,
Qwen3-4B,mlx-community/Qwen3-4B-Instruct-2507-4bit,50d427756c6b1b2fe0c0a10f67fbda1fc8e82c1b,shelter_maintenance-invalid-2,shelter_maintenance-invalid-2--record_first,shelter_maintenance,record_first,invalid,INELIGIBLE,evidence_checklist,strict,ELIGIBLE,573,92,0,0,0,1,0,1,1,0,1,0,0,,,,
Qwen3-4B,mlx-community/Qwen3-4B-Instruct-2507-4bit,50d427756c6b1b2fe0c0a10f67fbda1fc8e82c1b,shelter_maintenance-invalid-2,shelter_maintenance-invalid-2--record_first,shelter_maintenance,record_first,invalid,INELIGIBLE,commit_then_review,strict,ELIGIBLE,37,3,0,0,0,1,0,1,1,0,1,0,0,0,0,0,0
Qwen3-4B,mlx-community/Qwen3-4B-Instruct-2507-4bit,50d427756c6b1b2fe0c0a10f67fbda1fc8e82c1b,shelter_maintenance-invalid-3,shelter_maintenance-invalid-3--policy_first,shelter_maintenance,policy_first,invalid,INELIGIBLE,independent_review,strict,ELIGIBLE,471,75,0,0,0,1,0,1,1,0,1,0,0,,,,
Qwen3-4B,mlx-community/Qwen3-4B-Instruct-2507-4bit,50d427756c6b1b2fe0c0a10f67fbda1fc8e82c1b,shelter_maintenance-invalid-3,shelter_maintenance-invalid-3--policy_first,shelter_maintenance,policy_first,invalid,INELIGIBLE,prior_rationale,strict,ELIGIBLE,385,64,0,0,0,1,0,1,1,0,1,0,0,,,,
Qwen3-4B,mlx-community/Qwen3-4B-Instruct-2507-4bit,50d427756c6b1b2fe0c0a10f67fbda1fc8e82c1b,shelter_maintenance-invalid-3,shelter_maintenance-invalid-3--policy_first,shelter_maintenance,policy_first,invalid,INELIGIBLE,evidence_checklist,strict,ELIGIBLE,424,65,0,0,0,1,0,1,1,0,1,0,0,,,,
Qwen3-4B,mlx-community/Qwen3-4B-Instruct-2507-4bit,50d427756c6b1b2fe0c0a10f67fbda1fc8e82c1b,shelter_maintenance-invalid-3,shelter_maintenance-invalid-3--policy_first,shelter_maintenance,policy_first,invalid,INELIGIBLE,commit_then_review,strict,ELIGIBLE,37,3,0,0,0,1,0,1,1,0,1,0,0,0,0,0,0
Qwen3-4B,mlx-community/Qwen3-4B-Instruct-2507-4bit,50d427756c6b1b2fe0c0a10f67fbda1fc8e82c1b,shelter_maintenance-invalid-3,shelter_maintenance-invalid-3--record_first,shelter_maintenance,record_first,invalid,INELIGIBLE,independent_review,strict,ELIGIBLE,391,63,0,0,0,1,0,1,1,0,1,0,0,,,,
Qwen3-4B,mlx-community/Qwen3-4B-Instruct-2507-4bit,50d427756c6b1b2fe0c0a10f67fbda1fc8e82c1b,shelter_maintenance-invalid-3,shelter_maintenance-invalid-3--record_first,shelter_maintenance,record_first,invalid,INELIGIBLE,prior_rationale,strict,ELIGIBLE,138,20,0,0,0,1,0,1,1,0,1,0,0,,,,
Qwen3-4B,mlx-community/Qwen3-4B-Instruct-2507-4bit,50d427756c6b1b2fe0c0a10f67fbda1fc8e82c1b,shelter_maintenance-invalid-3,shelter_maintenance-invalid-3--record_first,shelter_maintenance,record_first,invalid,INELIGIBLE,evidence_checklist,strict,ELIGIBLE,146,20,0,0,0,1,0,1,1,0,1,0,0,,,,
Qwen3-4B,mlx-community/Qwen3-4B-Instruct-2507-4bit,50d427756c6b1b2fe0c0a10f67fbda1fc8e82c1b,shelter_maintenance-invalid-3,shelter_maintenance-invalid-3--record_first,shelter_maintenance,record_first,invalid,INELIGIBLE,commit_then_review,strict,ELIGIBLE,394,60,0,0,0,1,0,1,1,0,1,0,0,0,0,0,0
Qwen3-4B,mlx-community/Qwen3-4B-Instruct-2507-4bit,50d427756c6b1b2fe0c0a10f67fbda1fc8e82c1b,shelter_maintenance-incomplete-1,shelter_maintenance-incomplete-1--policy_first,shelter_maintenance,policy_first,incomplete,NEED_INFORMATION,independent_review,strict,ELIGIBLE,204,28,0,0,0,1,0,1,1,0,0,0,0,,,,
Qwen3-4B,mlx-community/Qwen3-4B-Instruct-2507-4bit,50d427756c6b1b2fe0c0a10f67fbda1fc8e82c1b,shelter_maintenance-incomplete-1,shelter_maintenance-incomplete-1--policy_first,shelter_maintenance,policy_first,incomplete,NEED_INFORMATION,prior_rationale,strict,ELIGIBLE,330,49,0,0,0,1,0,1,1,0,0,0,0,,,,
Qwen3-4B,mlx-community/Qwen3-4B-Instruct-2507-4bit,50d427756c6b1b2fe0c0a10f67fbda1fc8e82c1b,shelter_maintenance-incomplete-1,shelter_maintenance-incomplete-1--policy_first,shelter_maintenance,policy_first,incomplete,NEED_INFORMATION,evidence_checklist,strict,ELIGIBLE,273,40,0,0,0,1,0,1,1,0,0,0,0,,,,
Qwen3-4B,mlx-community/Qwen3-4B-Instruct-2507-4bit,50d427756c6b1b2fe0c0a10f67fbda1fc8e82c1b,shelter_maintenance-incomplete-1,shelter_maintenance-incomplete-1--policy_first,shelter_maintenance,policy_first,incomplete,NEED_INFORMATION,commit_then_review,strict,ELIGIBLE,354,51,0,0,0,1,0,1,1,0,0,0,0,0,0,0,0
Qwen3-4B,mlx-community/Qwen3-4B-Instruct-2507-4bit,50d427756c6b1b2fe0c0a10f67fbda1fc8e82c1b,shelter_maintenance-incomplete-1,shelter_maintenance-incomplete-1--record_first,shelter_maintenance,record_first,incomplete,NEED_INFORMATION,independent_review,strict,ELIGIBLE,172,25,0,0,0,1,0,1,1,0,0,0,0,,,,
Qwen3-4B,mlx-community/Qwen3-4B-Instruct-2507-4bit,50d427756c6b1b2fe0c0a10f67fbda1fc8e82c1b,shelter_maintenance-incomplete-1,shelter_maintenance-incomplete-1--record_first,shelter_maintenance,record_first,incomplete,NEED_INFORMATION,prior_rationale,strict,ELIGIBLE,399,60,0,0,0,1,0,1,1,0,0,0,0,,,,
Qwen3-4B,mlx-community/Qwen3-4B-Instruct-2507-4bit,50d427756c6b1b2fe0c0a10f67fbda1fc8e82c1b,shelter_maintenance-incomplete-1,shelter_maintenance-incomplete-1--record_first,shelter_maintenance,record_first,incomplete,NEED_INFORMATION,evidence_checklist,strict,ELIGIBLE,272,38,0,0,0,1,0,1,1,0,0,0,0,,,,
Qwen3-4B,mlx-community/Qwen3-4B-Instruct-2507-4bit,50d427756c6b1b2fe0c0a10f67fbda1fc8e82c1b,shelter_maintenance-incomplete-1,shelter_maintenance-incomplete-1--record_first,shelter_maintenance,record_first,incomplete,NEED_INFORMATION,commit_then_review,strict,ELIGIBLE,343,52,0,0,0,1,0,1,1,0,0,0,0,0,0,0,0
Qwen3-4B,mlx-community/Qwen3-4B-Instruct-2507-4bit,50d427756c6b1b2fe0c0a10f67fbda1fc8e82c1b,shelter_maintenance-incomplete-2,shelter_maintenance-incomplete-2--policy_first,shelter_maintenance,policy_first,incomplete,NEED_INFORMATION,independent_review,strict,ELIGIBLE,315,45,0,0,0,1,0,1,1,0,0,0,0,,,,
Qwen3-4B,mlx-community/Qwen3-4B-Instruct-2507-4bit,50d427756c6b1b2fe0c0a10f67fbda1fc8e82c1b,shelter_maintenance-incomplete-2,shelter_maintenance-incomplete-2--policy_first,shelter_maintenance,policy_first,incomplete,NEED_INFORMATION,prior_rationale,strict,ELIGIBLE,330,49,0,0,0,1,0,1,1,0,0,0,0,,,,
Qwen3-4B,mlx-community/Qwen3-4B-Instruct-2507-4bit,50d427756c6b1b2fe0c0a10f67fbda1fc8e82c1b,shelter_maintenance-incomplete-2,shelter_maintenance-incomplete-2--policy_first,shelter_maintenance,policy_first,incomplete,NEED_INFORMATION,evidence_checklist,strict,ELIGIBLE,261,39,0,0,0,1,0,1,1,0,0,0,0,,,,
Qwen3-4B,mlx-community/Qwen3-4B-Instruct-2507-4bit,50d427756c6b1b2fe0c0a10f67fbda1fc8e82c1b,shelter_maintenance-incomplete-2,shelter_maintenance-incomplete-2--policy_first,shelter_maintenance,policy_first,incomplete,NEED_INFORMATION,commit_then_review,strict,ELIGIBLE,528,81,0,0,0,1,0,1,1,0,0,0,0,0,0,0,0
Qwen3-4B,mlx-community/Qwen3-4B-Instruct-2507-4bit,50d427756c6b1b2fe0c0a10f67fbda1fc8e82c1b,shelter_maintenance-incomplete-2,shelter_maintenance-incomplete-2--record_first,shelter_maintenance,record_first,incomplete,NEED_INFORMATION,independent_review,strict,ELIGIBLE,172,25,0,0,0,1,0,1,1,0,0,0,0,,,,
Qwen3-4B,mlx-community/Qwen3-4B-Instruct-2507-4bit,50d427756c6b1b2fe0c0a10f67fbda1fc8e82c1b,shelter_maintenance-incomplete-2,shelter_maintenance-incomplete-2--record_first,shelter_maintenance,record_first,incomplete,NEED_INFORMATION,prior_rationale,strict,ELIGIBLE,352,48,0,0,0,1,0,1,1,0,0,0,0,,,,
Qwen3-4B,mlx-community/Qwen3-4B-Instruct-2507-4bit,50d427756c6b1b2fe0c0a10f67fbda1fc8e82c1b,shelter_maintenance-incomplete-2,shelter_maintenance-incomplete-2--record_first,shelter_maintenance,record_first,incomplete,NEED_INFORMATION,evidence_checklist,strict,ELIGIBLE,280,39,0,0,0,1,0,1,1,0,0,0,0,,,,
Qwen3-4B,mlx-community/Qwen3-4B-Instruct-2507-4bit,50d427756c6b1b2fe0c0a10f67fbda1fc8e82c1b,shelter_maintenance-incomplete-2,shelter_maintenance-incomplete-2--record_first,shelter_maintenance,record_first,incomplete,NEED_INFORMATION,commit_then_review,strict,ELIGIBLE,364,55,0,0,0,1,0,1,1,0,0,0,0,0,0,0,0
Qwen3-4B,mlx-community/Qwen3-4B-Instruct-2507-4bit,50d427756c6b1b2fe0c0a10f67fbda1fc8e82c1b,shelter_maintenance-incomplete-3,shelter_maintenance-incomplete-3--policy_first,shelter_maintenance,policy_first,incomplete,NEED_INFORMATION,independent_review,strict,ELIGIBLE,204,28,0,0,0,1,0,1,1,0,0,0,0,,,,
Qwen3-4B,mlx-community/Qwen3-4B-Instruct-2507-4bit,50d427756c6b1b2fe0c0a10f67fbda1fc8e82c1b,shelter_maintenance-incomplete-3,shelter_maintenance-incomplete-3--policy_first,shelter_maintenance,policy_first,incomplete,NEED_INFORMATION,prior_rationale,strict,ELIGIBLE,323,48,0,0,0,1,0,1,1,0,0,0,0,,,,
Qwen3-4B,mlx-community/Qwen3-4B-Instruct-2507-4bit,50d427756c6b1b2fe0c0a10f67fbda1fc8e82c1b,shelter_maintenance-incomplete-3,shelter_maintenance-incomplete-3--policy_first,shelter_maintenance,policy_first,incomplete,NEED_INFORMATION,evidence_checklist,strict,ELIGIBLE,261,39,0,0,0,1,0,1,1,0,0,0,0,,,,
Qwen3-4B,mlx-community/Qwen3-4B-Instruct-2507-4bit,50d427756c6b1b2fe0c0a10f67fbda1fc8e82c1b,shelter_maintenance-incomplete-3,shelter_maintenance-incomplete-3--policy_first,shelter_maintenance,policy_first,incomplete,NEED_INFORMATION,commit_then_review,strict,ELIGIBLE,463,69,0,0,0,1,0,1,1,0,0,0,0,0,0,0,0
Qwen3-4B,mlx-community/Qwen3-4B-Instruct-2507-4bit,50d427756c6b1b2fe0c0a10f67fbda1fc8e82c1b,shelter_maintenance-incomplete-3,shelter_maintenance-incomplete-3--record_first,shelter_maintenance,record_first,incomplete,NEED_INFORMATION,independent_review,strict,ELIGIBLE,172,25,0,0,0,1,0,1,1,0,0,0,0,,,,
Qwen3-4B,mlx-community/Qwen3-4B-Instruct-2507-4bit,50d427756c6b1b2fe0c0a10f67fbda1fc8e82c1b,shelter_maintenance-incomplete-3,shelter_maintenance-incomplete-3--record_first,shelter_maintenance,record_first,incomplete,NEED_INFORMATION,prior_rationale,strict,ELIGIBLE,353,52,0,0,0,1,0,1,1,0,0,0,0,,,,
Qwen3-4B,mlx-community/Qwen3-4B-Instruct-2507-4bit,50d427756c6b1b2fe0c0a10f67fbda1fc8e82c1b,shelter_maintenance-incomplete-3,shelter_maintenance-incomplete-3--record_first,shelter_maintenance,record_first,incomplete,NEED_INFORMATION,evidence_checklist,strict,ELIGIBLE,272,38,0,0,0,1,0,1,1,0,0,0,0,,,,
Qwen3-4B,mlx-community/Qwen3-4B-Instruct-2507-4bit,50d427756c6b1b2fe0c0a10f67fbda1fc8e82c1b,shelter_maintenance-incomplete-3,shelter_maintenance-incomplete-3--record_first,shelter_maintenance,record_first,incomplete,NEED_INFORMATION,commit_then_review,strict,ELIGIBLE,335,51,0,0,0,1,0,1,1,0,0,0,0,0,0,0,0
Qwen3-4B,mlx-community/Qwen3-4B-Instruct-2507-4bit,50d427756c6b1b2fe0c0a10f67fbda1fc8e82c1b,shelter_maintenance-conflict-1,shelter_maintenance-conflict-1--policy_first,shelter_maintenance,policy_first,conflict,HUMAN_REVIEW,independent_review,strict,ELIGIBLE,212,30,0,0,0,0,0,1,1,0,0,0,0,,,,
Qwen3-4B,mlx-community/Qwen3-4B-Instruct-2507-4bit,50d427756c6b1b2fe0c0a10f67fbda1fc8e82c1b,shelter_maintenance-conflict-1,shelter_maintenance-conflict-1--policy_first,shelter_maintenance,policy_first,conflict,HUMAN_REVIEW,prior_rationale,strict,ELIGIBLE,290,43,0,0,0,0,0,1,1,0,0,0,0,,,,
Qwen3-4B,mlx-community/Qwen3-4B-Instruct-2507-4bit,50d427756c6b1b2fe0c0a10f67fbda1fc8e82c1b,shelter_maintenance-conflict-1,shelter_maintenance-conflict-1--policy_first,shelter_maintenance,policy_first,conflict,HUMAN_REVIEW,evidence_checklist,strict,ELIGIBLE,180,24,0,0,0,0,0,1,1,0,0,0,0,,,,
Qwen3-4B,mlx-community/Qwen3-4B-Instruct-2507-4bit,50d427756c6b1b2fe0c0a10f67fbda1fc8e82c1b,shelter_maintenance-conflict-1,shelter_maintenance-conflict-1--policy_first,shelter_maintenance,policy_first,conflict,HUMAN_REVIEW,commit_then_review,strict,ELIGIBLE,141,20,0,0,0,0,0,1,1,0,0,0,0,0,0,0,0
Qwen3-4B,mlx-community/Qwen3-4B-Instruct-2507-4bit,50d427756c6b1b2fe0c0a10f67fbda1fc8e82c1b,shelter_maintenance-conflict-1,shelter_maintenance-conflict-1--record_first,shelter_maintenance,record_first,conflict,HUMAN_REVIEW,independent_review,strict,ELIGIBLE,150,21,0,0,0,0,0,1,1,0,0,0,0,,,,
Qwen3-4B,mlx-community/Qwen3-4B-Instruct-2507-4bit,50d427756c6b1b2fe0c0a10f67fbda1fc8e82c1b,shelter_maintenance-conflict-1,shelter_maintenance-conflict-1--record_first,shelter_maintenance,record_first,conflict,HUMAN_REVIEW,prior_rationale,strict,ELIGIBLE,135,20,0,0,0,0,0,1,1,0,0,0,0,,,,
Qwen3-4B,mlx-community/Qwen3-4B-Instruct-2507-4bit,50d427756c6b1b2fe0c0a10f67fbda1fc8e82c1b,shelter_maintenance-conflict-1,shelter_maintenance-conflict-1--record_first,shelter_maintenance,record_first,conflict,HUMAN_REVIEW,evidence_checklist,strict,ELIGIBLE,151,22,0,0,0,0,0,1,1,0,0,0,0,,,,
Qwen3-4B,mlx-community/Qwen3-4B-Instruct-2507-4bit,50d427756c6b1b2fe0c0a10f67fbda1fc8e82c1b,shelter_maintenance-conflict-1,shelter_maintenance-conflict-1--record_first,shelter_maintenance,record_first,conflict,HUMAN_REVIEW,commit_then_review,strict,ELIGIBLE,147,21,0,0,0,0,0,1,1,0,0,0,0,0,0,0,0
Qwen3-4B,mlx-community/Qwen3-4B-Instruct-2507-4bit,50d427756c6b1b2fe0c0a10f67fbda1fc8e82c1b,shelter_maintenance-conflict-2,shelter_maintenance-conflict-2--policy_first,shelter_maintenance,policy_first,conflict,HUMAN_REVIEW,independent_review,strict,ELIGIBLE,141,20,0,0,0,0,0,1,1,0,0,0,0,,,,
Qwen3-4B,mlx-community/Qwen3-4B-Instruct-2507-4bit,50d427756c6b1b2fe0c0a10f67fbda1fc8e82c1b,shelter_maintenance-conflict-2,shelter_maintenance-conflict-2--policy_first,shelter_maintenance,policy_first,conflict,HUMAN_REVIEW,prior_rationale,strict,ELIGIBLE,290,43,0,0,0,0,0,1,1,0,0,0,0,,,,
Qwen3-4B,mlx-community/Qwen3-4B-Instruct-2507-4bit,50d427756c6b1b2fe0c0a10f67fbda1fc8e82c1b,shelter_maintenance-conflict-2,shelter_maintenance-conflict-2--policy_first,shelter_maintenance,policy_first,conflict,HUMAN_REVIEW,evidence_checklist,strict,ELIGIBLE,180,24,0,0,0,0,0,1,1,0,0,0,0,,,,
Qwen3-4B,mlx-community/Qwen3-4B-Instruct-2507-4bit,50d427756c6b1b2fe0c0a10f67fbda1fc8e82c1b,shelter_maintenance-conflict-2,shelter_maintenance-conflict-2--policy_first,shelter_maintenance,policy_first,conflict,HUMAN_REVIEW,commit_then_review,strict,ELIGIBLE,141,20,0,0,0,0,0,1,1,0,0,0,0,0,0,0,0
Qwen3-4B,mlx-community/Qwen3-4B-Instruct-2507-4bit,50d427756c6b1b2fe0c0a10f67fbda1fc8e82c1b,shelter_maintenance-conflict-2,shelter_maintenance-conflict-2--record_first,shelter_maintenance,record_first,conflict,HUMAN_REVIEW,independent_review,strict,ELIGIBLE,150,21,0,0,0,0,0,1,1,0,0,0,0,,,,
Qwen3-4B,mlx-community/Qwen3-4B-Instruct-2507-4bit,50d427756c6b1b2fe0c0a10f67fbda1fc8e82c1b,shelter_maintenance-conflict-2,shelter_maintenance-conflict-2--record_first,shelter_maintenance,record_first,conflict,HUMAN_REVIEW,prior_rationale,strict,ELIGIBLE,135,20,0,0,0,0,0,1,1,0,0,0,0,,,,
Qwen3-4B,mlx-community/Qwen3-4B-Instruct-2507-4bit,50d427756c6b1b2fe0c0a10f67fbda1fc8e82c1b,shelter_maintenance-conflict-2,shelter_maintenance-conflict-2--record_first,shelter_maintenance,record_first,conflict,HUMAN_REVIEW,evidence_checklist,strict,ELIGIBLE,151,22,0,0,0,0,0,1,1,0,0,0,0,,,,
Qwen3-4B,mlx-community/Qwen3-4B-Instruct-2507-4bit,50d427756c6b1b2fe0c0a10f67fbda1fc8e82c1b,shelter_maintenance-conflict-2,shelter_maintenance-conflict-2--record_first,shelter_maintenance,record_first,conflict,HUMAN_REVIEW,commit_then_review,strict,ELIGIBLE,147,21,0,0,0,0,0,1,1,0,0,0,0,0,0,0,0
Qwen3-4B,mlx-community/Qwen3-4B-Instruct-2507-4bit,50d427756c6b1b2fe0c0a10f67fbda1fc8e82c1b,shelter_maintenance-conflict-3,shelter_maintenance-conflict-3--policy_first,shelter_maintenance,policy_first,conflict,HUMAN_REVIEW,independent_review,strict,ELIGIBLE,212,31,0,0,0,0,0,1,1,0,0,0,0,,,,
Qwen3-4B,mlx-community/Qwen3-4B-Instruct-2507-4bit,50d427756c6b1b2fe0c0a10f67fbda1fc8e82c1b,shelter_maintenance-conflict-3,shelter_maintenance-conflict-3--policy_first,shelter_maintenance,policy_first,conflict,HUMAN_REVIEW,prior_rationale,strict,ELIGIBLE,301,46,0,0,0,0,0,1,1,0,0,0,0,,,,
Qwen3-4B,mlx-community/Qwen3-4B-Instruct-2507-4bit,50d427756c6b1b2fe0c0a10f67fbda1fc8e82c1b,shelter_maintenance-conflict-3,shelter_maintenance-conflict-3--policy_first,shelter_maintenance,policy_first,conflict,HUMAN_REVIEW,evidence_checklist,strict,ELIGIBLE,180,24,0,0,0,0,0,1,1,0,0,0,0,,,,
Qwen3-4B,mlx-community/Qwen3-4B-Instruct-2507-4bit,50d427756c6b1b2fe0c0a10f67fbda1fc8e82c1b,shelter_maintenance-conflict-3,shelter_maintenance-conflict-3--policy_first,shelter_maintenance,policy_first,conflict,HUMAN_REVIEW,commit_then_review,strict,ELIGIBLE,141,20,0,0,0,0,0,1,1,0,0,0,0,0,0,0,0
Qwen3-4B,mlx-community/Qwen3-4B-Instruct-2507-4bit,50d427756c6b1b2fe0c0a10f67fbda1fc8e82c1b,shelter_maintenance-conflict-3,shelter_maintenance-conflict-3--record_first,shelter_maintenance,record_first,conflict,HUMAN_REVIEW,independent_review,strict,ELIGIBLE,150,21,0,0,0,0,0,1,1,0,0,0,0,,,,
Qwen3-4B,mlx-community/Qwen3-4B-Instruct-2507-4bit,50d427756c6b1b2fe0c0a10f67fbda1fc8e82c1b,shelter_maintenance-conflict-3,shelter_maintenance-conflict-3--record_first,shelter_maintenance,record_first,conflict,HUMAN_REVIEW,prior_rationale,strict,ELIGIBLE,135,20,0,0,0,0,0,1,1,0,0,0,0,,,,
Qwen3-4B,mlx-community/Qwen3-4B-Instruct-2507-4bit,50d427756c6b1b2fe0c0a10f67fbda1fc8e82c1b,shelter_maintenance-conflict-3,shelter_maintenance-conflict-3--record_first,shelter_maintenance,record_first,conflict,HUMAN_REVIEW,evidence_checklist,strict,ELIGIBLE,151,22,0,0,0,0,0,1,1,0,0,0,0,,,,
Qwen3-4B,mlx-community/Qwen3-4B-Instruct-2507-4bit,50d427756c6b1b2fe0c0a10f67fbda1fc8e82c1b,shelter_maintenance-conflict-3,shelter_maintenance-conflict-3--record_first,shelter_maintenance,record_first,conflict,HUMAN_REVIEW,commit_then_review,strict,ELIGIBLE,147,21,0,0,0,0,0,1,1,0,0,0,0,0,0,0,0
Qwen3-4B,mlx-community/Qwen3-4B-Instruct-2507-4bit,50d427756c6b1b2fe0c0a10f67fbda1fc8e82c1b,complaint_callback-valid-1,complaint_callback-valid-1--policy_first,complaint_callback,policy_first,valid,ELIGIBLE,independent_review,strict,ELIGIBLE,167,24,0,1,1,1,1,1,1,0,0,0,0,,,,
Qwen3-4B,mlx-community/Qwen3-4B-Instruct-2507-4bit,50d427756c6b1b2fe0c0a10f67fbda1fc8e82c1b,complaint_callback-valid-1,complaint_callback-valid-1--policy_first,complaint_callback,policy_first,valid,ELIGIBLE,prior_rationale,strict,ELIGIBLE,143,20,0,1,1,1,1,1,1,0,0,0,0,,,,
Qwen3-4B,mlx-community/Qwen3-4B-Instruct-2507-4bit,50d427756c6b1b2fe0c0a10f67fbda1fc8e82c1b,complaint_callback-valid-1,complaint_callback-valid-1--policy_first,complaint_callback,policy_first,valid,ELIGIBLE,evidence_checklist,strict,ELIGIBLE,116,18,0,1,1,1,1,1,1,0,0,0,0,,,,
Qwen3-4B,mlx-community/Qwen3-4B-Instruct-2507-4bit,50d427756c6b1b2fe0c0a10f67fbda1fc8e82c1b,complaint_callback-valid-1,complaint_callback-valid-1--policy_first,complaint_callback,policy_first,valid,ELIGIBLE,commit_then_review,strict,ELIGIBLE,167,24,0,1,1,1,1,1,1,0,0,0,0,0,0,0,1
Qwen3-4B,mlx-community/Qwen3-4B-Instruct-2507-4bit,50d427756c6b1b2fe0c0a10f67fbda1fc8e82c1b,complaint_callback-valid-1,complaint_callback-valid-1--record_first,complaint_callback,record_first,valid,ELIGIBLE,independent_review,strict,ELIGIBLE,197,28,0,1,1,1,1,1,1,0,0,0,0,,,,
Qwen3-4B,mlx-community/Qwen3-4B-Instruct-2507-4bit,50d427756c6b1b2fe0c0a10f67fbda1fc8e82c1b,complaint_callback-valid-1,complaint_callback-valid-1--record_first,complaint_callback,record_first,valid,ELIGIBLE,prior_rationale,strict,ELIGIBLE,150,21,0,1,1,1,1,1,1,0,0,0,0,,,,
Qwen3-4B,mlx-community/Qwen3-4B-Instruct-2507-4bit,50d427756c6b1b2fe0c0a10f67fbda1fc8e82c1b,complaint_callback-valid-1,complaint_callback-valid-1--record_first,complaint_callback,record_first,valid,ELIGIBLE,evidence_checklist,strict,ELIGIBLE,130,17,0,1,1,1,1,1,1,0,0,0,0,,,,
Qwen3-4B,mlx-community/Qwen3-4B-Instruct-2507-4bit,50d427756c6b1b2fe0c0a10f67fbda1fc8e82c1b,complaint_callback-valid-1,complaint_callback-valid-1--record_first,complaint_callback,record_first,valid,ELIGIBLE,commit_then_review,strict,ELIGIBLE,197,28,0,1,1,1,1,1,1,0,0,0,0,0,0,0,1
Qwen3-4B,mlx-community/Qwen3-4B-Instruct-2507-4bit,50d427756c6b1b2fe0c0a10f67fbda1fc8e82c1b,complaint_callback-valid-2,complaint_callback-valid-2--policy_first,complaint_callback,policy_first,valid,ELIGIBLE,independent_review,strict,ELIGIBLE,160,23,0,1,1,1,1,1,1,0,0,0,0,,,,
Qwen3-4B,mlx-community/Qwen3-4B-Instruct-2507-4bit,50d427756c6b1b2fe0c0a10f67fbda1fc8e82c1b,complaint_callback-valid-2,complaint_callback-valid-2--policy_first,complaint_callback,policy_first,valid,ELIGIBLE,prior_rationale,strict,ELIGIBLE,143,20,0,1,1,1,1,1,1,0,0,0,0,,,,
Qwen3-4B,mlx-community/Qwen3-4B-Instruct-2507-4bit,50d427756c6b1b2fe0c0a10f67fbda1fc8e82c1b,complaint_callback-valid-2,complaint_callback-valid-2--policy_first,complaint_callback,policy_first,valid,ELIGIBLE,evidence_checklist,strict,ELIGIBLE,108,15,0,1,1,1,1,1,1,0,0,0,0,,,,
Qwen3-4B,mlx-community/Qwen3-4B-Instruct-2507-4bit,50d427756c6b1b2fe0c0a10f67fbda1fc8e82c1b,complaint_callback-valid-2,complaint_callback-valid-2--policy_first,complaint_callback,policy_first,valid,ELIGIBLE,commit_then_review,strict,ELIGIBLE,167,24,0,1,1,1,1,1,1,0,0,0,0,0,0,0,1
Qwen3-4B,mlx-community/Qwen3-4B-Instruct-2507-4bit,50d427756c6b1b2fe0c0a10f67fbda1fc8e82c1b,complaint_callback-valid-2,complaint_callback-valid-2--record_first,complaint_callback,record_first,valid,ELIGIBLE,independent_review,strict,ELIGIBLE,152,21,0,1,1,1,1,1,1,0,0,0,0,,,,
Qwen3-4B,mlx-community/Qwen3-4B-Instruct-2507-4bit,50d427756c6b1b2fe0c0a10f67fbda1fc8e82c1b,complaint_callback-valid-2,complaint_callback-valid-2--record_first,complaint_callback,record_first,valid,ELIGIBLE,prior_rationale,strict,ELIGIBLE,150,21,0,1,1,1,1,1,1,0,0,0,0,,,,
Qwen3-4B,mlx-community/Qwen3-4B-Instruct-2507-4bit,50d427756c6b1b2fe0c0a10f67fbda1fc8e82c1b,complaint_callback-valid-2,complaint_callback-valid-2--record_first,complaint_callback,record_first,valid,ELIGIBLE,evidence_checklist,strict,ELIGIBLE,130,17,0,1,1,1,1,1,1,0,0,0,0,,,,
Qwen3-4B,mlx-community/Qwen3-4B-Instruct-2507-4bit,50d427756c6b1b2fe0c0a10f67fbda1fc8e82c1b,complaint_callback-valid-2,complaint_callback-valid-2--record_first,complaint_callback,record_first,valid,ELIGIBLE,commit_then_review,strict,ELIGIBLE,197,28,0,1,1,1,1,1,1,0,0,0,0,0,0,0,1
Qwen3-4B,mlx-community/Qwen3-4B-Instruct-2507-4bit,50d427756c6b1b2fe0c0a10f67fbda1fc8e82c1b,complaint_callback-valid-3,complaint_callback-valid-3--policy_first,complaint_callback,policy_first,valid,ELIGIBLE,independent_review,strict,ELIGIBLE,167,24,0,1,1,1,1,1,1,0,0,0,0,,,,
Qwen3-4B,mlx-community/Qwen3-4B-Instruct-2507-4bit,50d427756c6b1b2fe0c0a10f67fbda1fc8e82c1b,complaint_callback-valid-3,complaint_callback-valid-3--policy_first,complaint_callback,policy_first,valid,ELIGIBLE,prior_rationale,strict,ELIGIBLE,143,20,0,1,1,1,1,1,1,0,0,0,0,,,,
Qwen3-4B,mlx-community/Qwen3-4B-Instruct-2507-4bit,50d427756c6b1b2fe0c0a10f67fbda1fc8e82c1b,complaint_callback-valid-3,complaint_callback-valid-3--policy_first,complaint_callback,policy_first,valid,ELIGIBLE,evidence_checklist,strict,ELIGIBLE,108,15,0,1,1,1,1,1,1,0,0,0,0,,,,
Qwen3-4B,mlx-community/Qwen3-4B-Instruct-2507-4bit,50d427756c6b1b2fe0c0a10f67fbda1fc8e82c1b,complaint_callback-valid-3,complaint_callback-valid-3--policy_first,complaint_callback,policy_first,valid,ELIGIBLE,commit_then_review,strict,ELIGIBLE,167,24,0,1,1,1,1,1,1,0,0,0,0,0,0,0,1
Qwen3-4B,mlx-community/Qwen3-4B-Instruct-2507-4bit,50d427756c6b1b2fe0c0a10f67fbda1fc8e82c1b,complaint_callback-valid-3,complaint_callback-valid-3--record_first,complaint_callback,record_first,valid,ELIGIBLE,independent_review,strict,ELIGIBLE,197,28,0,1,1,1,1,1,1,0,0,0,0,,,,
Qwen3-4B,mlx-community/Qwen3-4B-Instruct-2507-4bit,50d427756c6b1b2fe0c0a10f67fbda1fc8e82c1b,complaint_callback-valid-3,complaint_callback-valid-3--record_first,complaint_callback,record_first,valid,ELIGIBLE,prior_rationale,strict,ELIGIBLE,150,21,0,1,1,1,1,1,1,0,0,0,0,,,,
Qwen3-4B,mlx-community/Qwen3-4B-Instruct-2507-4bit,50d427756c6b1b2fe0c0a10f67fbda1fc8e82c1b,complaint_callback-valid-3,complaint_callback-valid-3--record_first,complaint_callback,record_first,valid,ELIGIBLE,evidence_checklist,strict,ELIGIBLE,130,17,0,1,1,1,1,1,1,0,0,0,0,,,,
Qwen3-4B,mlx-community/Qwen3-4B-Instruct-2507-4bit,50d427756c6b1b2fe0c0a10f67fbda1fc8e82c1b,complaint_callback-valid-3,complaint_callback-valid-3--record_first,complaint_callback,record_first,valid,ELIGIBLE,commit_then_review,strict,ELIGIBLE,197,28,0,1,1,1,1,1,1,0,0,0,0,0,0,0,1
Qwen3-4B,mlx-community/Qwen3-4B-Instruct-2507-4bit,50d427756c6b1b2fe0c0a10f67fbda1fc8e82c1b,complaint_callback-invalid-1,complaint_callback-invalid-1--policy_first,complaint_callback,policy_first,invalid,INELIGIBLE,independent_review,strict,ELIGIBLE,539,83,0,0,0,1,0,1,1,0,1,0,0,,,,
Qwen3-4B,mlx-community/Qwen3-4B-Instruct-2507-4bit,50d427756c6b1b2fe0c0a10f67fbda1fc8e82c1b,complaint_callback-invalid-1,complaint_callback-invalid-1--policy_first,complaint_callback,policy_first,invalid,INELIGIBLE,prior_rationale,strict,ELIGIBLE,442,67,0,0,0,1,0,1,1,0,1,0,0,,,,
Qwen3-4B,mlx-community/Qwen3-4B-Instruct-2507-4bit,50d427756c6b1b2fe0c0a10f67fbda1fc8e82c1b,complaint_callback-invalid-1,complaint_callback-invalid-1--policy_first,complaint_callback,policy_first,invalid,INELIGIBLE,evidence_checklist,strict,ELIGIBLE,298,44,0,0,0,1,0,1,1,0,1,0,0,,,,
Qwen3-4B,mlx-community/Qwen3-4B-Instruct-2507-4bit,50d427756c6b1b2fe0c0a10f67fbda1fc8e82c1b,complaint_callback-invalid-1,complaint_callback-invalid-1--policy_first,complaint_callback,policy_first,invalid,INELIGIBLE,commit_then_review,strict,ELIGIBLE,37,3,0,0,0,1,0,1,1,0,1,0,0,0,0,0,0
Qwen3-4B,mlx-community/Qwen3-4B-Instruct-2507-4bit,50d427756c6b1b2fe0c0a10f67fbda1fc8e82c1b,complaint_callback-invalid-1,complaint_callback-invalid-1--record_first,complaint_callback,record_first,invalid,INELIGIBLE,independent_review,strict,ELIGIBLE,141,20,0,0,0,1,0,1,1,0,1,0,0,,,,
Qwen3-4B,mlx-community/Qwen3-4B-Instruct-2507-4bit,50d427756c6b1b2fe0c0a10f67fbda1fc8e82c1b,complaint_callback-invalid-1,complaint_callback-invalid-1--record_first,complaint_callback,record_first,invalid,INELIGIBLE,prior_rationale,strict,ELIGIBLE,256,43,0,0,0,1,0,1,1,0,1,0,0,,,,
Qwen3-4B,mlx-community/Qwen3-4B-Instruct-2507-4bit,50d427756c6b1b2fe0c0a10f67fbda1fc8e82c1b,complaint_callback-invalid-1,complaint_callback-invalid-1--record_first,complaint_callback,record_first,invalid,INELIGIBLE,evidence_checklist,strict,ELIGIBLE,200,30,0,0,0,1,0,1,1,0,1,0,0,,,,
Qwen3-4B,mlx-community/Qwen3-4B-Instruct-2507-4bit,50d427756c6b1b2fe0c0a10f67fbda1fc8e82c1b,complaint_callback-invalid-1,complaint_callback-invalid-1--record_first,complaint_callback,record_first,invalid,INELIGIBLE,commit_then_review,strict,ELIGIBLE,141,20,0,0,0,1,0,1,1,0,1,0,0,0,0,0,0
Qwen3-4B,mlx-community/Qwen3-4B-Instruct-2507-4bit,50d427756c6b1b2fe0c0a10f67fbda1fc8e82c1b,complaint_callback-invalid-2,complaint_callback-invalid-2--policy_first,complaint_callback,policy_first,invalid,INELIGIBLE,independent_review,strict,ELIGIBLE,340,57,0,0,0,1,0,1,1,0,1,0,0,,,,
Qwen3-4B,mlx-community/Qwen3-4B-Instruct-2507-4bit,50d427756c6b1b2fe0c0a10f67fbda1fc8e82c1b,complaint_callback-invalid-2,complaint_callback-invalid-2--policy_first,complaint_callback,policy_first,invalid,INELIGIBLE,prior_rationale,strict,ELIGIBLE,566,91,0,0,0,1,0,1,1,0,1,0,0,,,,
Qwen3-4B,mlx-community/Qwen3-4B-Instruct-2507-4bit,50d427756c6b1b2fe0c0a10f67fbda1fc8e82c1b,complaint_callback-invalid-2,complaint_callback-invalid-2--policy_first,complaint_callback,policy_first,invalid,INELIGIBLE,evidence_checklist,strict,ELIGIBLE,392,59,0,0,0,1,0,1,1,0,1,0,0,,,,
Qwen3-4B,mlx-community/Qwen3-4B-Instruct-2507-4bit,50d427756c6b1b2fe0c0a10f67fbda1fc8e82c1b,complaint_callback-invalid-2,complaint_callback-invalid-2--policy_first,complaint_callback,policy_first,invalid,INELIGIBLE,commit_then_review,strict,INELIGIBLE,426,65,0,1,0,0,0,1,1,0,0,0,0,1,1,0,0
Qwen3-4B,mlx-community/Qwen3-4B-Instruct-2507-4bit,50d427756c6b1b2fe0c0a10f67fbda1fc8e82c1b,complaint_callback-invalid-2,complaint_callback-invalid-2--record_first,complaint_callback,record_first,invalid,INELIGIBLE,independent_review,strict,ELIGIBLE,141,20,0,0,0,1,0,1,1,0,1,0,0,,,,
Qwen3-4B,mlx-community/Qwen3-4B-Instruct-2507-4bit,50d427756c6b1b2fe0c0a10f67fbda1fc8e82c1b,complaint_callback-invalid-2,complaint_callback-invalid-2--record_first,complaint_callback,record_first,invalid,INELIGIBLE,prior_rationale,strict,ELIGIBLE,405,61,0,0,0,1,0,1,1,0,1,0,0,,,,
Qwen3-4B,mlx-community/Qwen3-4B-Instruct-2507-4bit,50d427756c6b1b2fe0c0a10f67fbda1fc8e82c1b,complaint_callback-invalid-2,complaint_callback-invalid-2--record_first,complaint_callback,record_first,invalid,INELIGIBLE,evidence_checklist,unparsed,,0,0,0,0,0,0,0,0,0,0,0,0,0,,,,
Qwen3-4B,mlx-community/Qwen3-4B-Instruct-2507-4bit,50d427756c6b1b2fe0c0a10f67fbda1fc8e82c1b,complaint_callback-invalid-2,complaint_callback-invalid-2--record_first,complaint_callback,record_first,invalid,INELIGIBLE,commit_then_review,strict,ELIGIBLE,141,20,0,0,0,1,0,1,1,0,1,0,0,0,0,0,0
Qwen3-4B,mlx-community/Qwen3-4B-Instruct-2507-4bit,50d427756c6b1b2fe0c0a10f67fbda1fc8e82c1b,complaint_callback-invalid-3,complaint_callback-invalid-3--policy_first,complaint_callback,policy_first,invalid,INELIGIBLE,independent_review,strict,ELIGIBLE,621,98,0,0,0,1,0,1,1,0,1,0,0,,,,
Qwen3-4B,mlx-community/Qwen3-4B-Instruct-2507-4bit,50d427756c6b1b2fe0c0a10f67fbda1fc8e82c1b,complaint_callback-invalid-3,complaint_callback-invalid-3--policy_first,complaint_callback,policy_first,invalid,INELIGIBLE,prior_rationale,strict,ELIGIBLE,531,83,0,0,0,1,0,1,1,0,1,0,0,,,,
Qwen3-4B,mlx-community/Qwen3-4B-Instruct-2507-4bit,50d427756c6b1b2fe0c0a10f67fbda1fc8e82c1b,complaint_callback-invalid-3,complaint_callback-invalid-3--policy_first,complaint_callback,policy_first,invalid,INELIGIBLE,evidence_checklist,strict,ELIGIBLE,135,18,0,0,0,1,0,1,1,0,1,0,0,,,,
Qwen3-4B,mlx-community/Qwen3-4B-Instruct-2507-4bit,50d427756c6b1b2fe0c0a10f67fbda1fc8e82c1b,complaint_callback-invalid-3,complaint_callback-invalid-3--policy_first,complaint_callback,policy_first,invalid,INELIGIBLE,commit_then_review,strict,ELIGIBLE,37,3,0,0,0,1,0,1,1,0,1,0,0,0,0,0,0
Qwen3-4B,mlx-community/Qwen3-4B-Instruct-2507-4bit,50d427756c6b1b2fe0c0a10f67fbda1fc8e82c1b,complaint_callback-invalid-3,complaint_callback-invalid-3--record_first,complaint_callback,record_first,invalid,INELIGIBLE,independent_review,strict,ELIGIBLE,116,16,0,0,0,1,0,1,1,0,1,0,0,,,,
Qwen3-4B,mlx-community/Qwen3-4B-Instruct-2507-4bit,50d427756c6b1b2fe0c0a10f67fbda1fc8e82c1b,complaint_callback-invalid-3,complaint_callback-invalid-3--record_first,complaint_callback,record_first,invalid,INELIGIBLE,prior_rationale,strict,ELIGIBLE,141,20,0,0,0,1,0,1,1,0,1,0,0,,,,
Qwen3-4B,mlx-community/Qwen3-4B-Instruct-2507-4bit,50d427756c6b1b2fe0c0a10f67fbda1fc8e82c1b,complaint_callback-invalid-3,complaint_callback-invalid-3--record_first,complaint_callback,record_first,invalid,INELIGIBLE,evidence_checklist,strict,ELIGIBLE,134,19,0,0,0,1,0,1,1,0,1,0,0,,,,
Qwen3-4B,mlx-community/Qwen3-4B-Instruct-2507-4bit,50d427756c6b1b2fe0c0a10f67fbda1fc8e82c1b,complaint_callback-invalid-3,complaint_callback-invalid-3--record_first,complaint_callback,record_first,invalid,INELIGIBLE,commit_then_review,strict,ELIGIBLE,116,16,0,0,0,1,0,1,1,0,1,0,0,0,0,0,0
Qwen3-4B,mlx-community/Qwen3-4B-Instruct-2507-4bit,50d427756c6b1b2fe0c0a10f67fbda1fc8e82c1b,complaint_callback-incomplete-1,complaint_callback-incomplete-1--policy_first,complaint_callback,policy_first,incomplete,NEED_INFORMATION,independent_review,strict,ELIGIBLE,277,40,0,0,0,1,0,1,1,0,0,0,0,,,,
Qwen3-4B,mlx-community/Qwen3-4B-Instruct-2507-4bit,50d427756c6b1b2fe0c0a10f67fbda1fc8e82c1b,complaint_callback-incomplete-1,complaint_callback-incomplete-1--policy_first,complaint_callback,policy_first,incomplete,NEED_INFORMATION,prior_rationale,strict,ELIGIBLE,285,42,0,0,0,1,0,1,1,0,0,0,0,,,,
Qwen3-4B,mlx-community/Qwen3-4B-Instruct-2507-4bit,50d427756c6b1b2fe0c0a10f67fbda1fc8e82c1b,complaint_callback-incomplete-1,complaint_callback-incomplete-1--policy_first,complaint_callback,policy_first,incomplete,NEED_INFORMATION,evidence_checklist,strict,ELIGIBLE,184,28,0,0,0,1,0,1,1,0,0,0,0,,,,
Qwen3-4B,mlx-community/Qwen3-4B-Instruct-2507-4bit,50d427756c6b1b2fe0c0a10f67fbda1fc8e82c1b,complaint_callback-incomplete-1,complaint_callback-incomplete-1--policy_first,complaint_callback,policy_first,incomplete,NEED_INFORMATION,commit_then_review,strict,ELIGIBLE,277,40,0,0,0,1,0,1,1,0,0,0,0,0,0,0,0
Qwen3-4B,mlx-community/Qwen3-4B-Instruct-2507-4bit,50d427756c6b1b2fe0c0a10f67fbda1fc8e82c1b,complaint_callback-incomplete-1,complaint_callback-incomplete-1--record_first,complaint_callback,record_first,incomplete,NEED_INFORMATION,independent_review,strict,ELIGIBLE,238,35,0,0,0,1,0,1,1,0,0,0,0,,,,
Qwen3-4B,mlx-community/Qwen3-4B-Instruct-2507-4bit,50d427756c6b1b2fe0c0a10f67fbda1fc8e82c1b,complaint_callback-incomplete-1,complaint_callback-incomplete-1--record_first,complaint_callback,record_first,incomplete,NEED_INFORMATION,prior_rationale,strict,ELIGIBLE,352,54,0,0,0,1,0,1,1,0,0,0,0,,,,
Qwen3-4B,mlx-community/Qwen3-4B-Instruct-2507-4bit,50d427756c6b1b2fe0c0a10f67fbda1fc8e82c1b,complaint_callback-incomplete-1,complaint_callback-incomplete-1--record_first,complaint_callback,record_first,incomplete,NEED_INFORMATION,evidence_checklist,strict,ELIGIBLE,157,23,0,0,0,1,0,1,1,0,0,0,0,,,,
Qwen3-4B,mlx-community/Qwen3-4B-Instruct-2507-4bit,50d427756c6b1b2fe0c0a10f67fbda1fc8e82c1b,complaint_callback-incomplete-1,complaint_callback-incomplete-1--record_first,complaint_callback,record_first,incomplete,NEED_INFORMATION,commit_then_review,strict,ELIGIBLE,408,60,0,0,0,1,0,1,1,0,0,0,0,0,0,0,0
Qwen3-4B,mlx-community/Qwen3-4B-Instruct-2507-4bit,50d427756c6b1b2fe0c0a10f67fbda1fc8e82c1b,complaint_callback-incomplete-2,complaint_callback-incomplete-2--policy_first,complaint_callback,policy_first,incomplete,NEED_INFORMATION,independent_review,strict,ELIGIBLE,277,40,0,0,0,1,0,1,1,0,0,0,0,,,,
Qwen3-4B,mlx-community/Qwen3-4B-Instruct-2507-4bit,50d427756c6b1b2fe0c0a10f67fbda1fc8e82c1b,complaint_callback-incomplete-2,complaint_callback-incomplete-2--policy_first,complaint_callback,policy_first,incomplete,NEED_INFORMATION,prior_rationale,strict,ELIGIBLE,285,42,0,0,0,1,0,1,1,0,0,0,0,,,,
Qwen3-4B,mlx-community/Qwen3-4B-Instruct-2507-4bit,50d427756c6b1b2fe0c0a10f67fbda1fc8e82c1b,complaint_callback-incomplete-2,complaint_callback-incomplete-2--policy_first,complaint_callback,policy_first,incomplete,NEED_INFORMATION,evidence_checklist,strict,ELIGIBLE,235,33,0,0,0,1,0,1,1,0,0,0,0,,,,
Qwen3-4B,mlx-community/Qwen3-4B-Instruct-2507-4bit,50d427756c6b1b2fe0c0a10f67fbda1fc8e82c1b,complaint_callback-incomplete-2,complaint_callback-incomplete-2--policy_first,complaint_callback,policy_first,incomplete,NEED_INFORMATION,commit_then_review,strict,ELIGIBLE,277,40,0,0,0,1,0,1,1,0,0,0,0,0,0,0,0
Qwen3-4B,mlx-community/Qwen3-4B-Instruct-2507-4bit,50d427756c6b1b2fe0c0a10f67fbda1fc8e82c1b,complaint_callback-incomplete-2,complaint_callback-incomplete-2--record_first,complaint_callback,record_first,incomplete,NEED_INFORMATION,independent_review,strict,ELIGIBLE,429,63,0,0,0,1,0,1,1,0,0,0,0,,,,
Qwen3-4B,mlx-community/Qwen3-4B-Instruct-2507-4bit,50d427756c6b1b2fe0c0a10f67fbda1fc8e82c1b,complaint_callback-incomplete-2,complaint_callback-incomplete-2--record_first,complaint_callback,record_first,incomplete,NEED_INFORMATION,prior_rationale,strict,ELIGIBLE,363,55,0,0,0,1,0,1,1,0,0,0,0,,,,
Qwen3-4B,mlx-community/Qwen3-4B-Instruct-2507-4bit,50d427756c6b1b2fe0c0a10f67fbda1fc8e82c1b,complaint_callback-incomplete-2,complaint_callback-incomplete-2--record_first,complaint_callback,record_first,incomplete,NEED_INFORMATION,evidence_checklist,strict,ELIGIBLE,149,21,0,0,0,1,0,1,1,0,0,0,0,,,,
Qwen3-4B,mlx-community/Qwen3-4B-Instruct-2507-4bit,50d427756c6b1b2fe0c0a10f67fbda1fc8e82c1b,complaint_callback-incomplete-2,complaint_callback-incomplete-2--record_first,complaint_callback,record_first,incomplete,NEED_INFORMATION,commit_then_review,strict,ELIGIBLE,426,61,0,0,0,1,0,1,1,0,0,0,0,0,0,0,0
Qwen3-4B,mlx-community/Qwen3-4B-Instruct-2507-4bit,50d427756c6b1b2fe0c0a10f67fbda1fc8e82c1b,complaint_callback-incomplete-3,complaint_callback-incomplete-3--policy_first,complaint_callback,policy_first,incomplete,NEED_INFORMATION,independent_review,strict,ELIGIBLE,277,40,0,0,0,1,0,1,1,0,0,0,0,,,,
Qwen3-4B,mlx-community/Qwen3-4B-Instruct-2507-4bit,50d427756c6b1b2fe0c0a10f67fbda1fc8e82c1b,complaint_callback-incomplete-3,complaint_callback-incomplete-3--policy_first,complaint_callback,policy_first,incomplete,NEED_INFORMATION,prior_rationale,strict,ELIGIBLE,285,42,0,0,0,1,0,1,1,0,0,0,0,,,,
Qwen3-4B,mlx-community/Qwen3-4B-Instruct-2507-4bit,50d427756c6b1b2fe0c0a10f67fbda1fc8e82c1b,complaint_callback-incomplete-3,complaint_callback-incomplete-3--policy_first,complaint_callback,policy_first,incomplete,NEED_INFORMATION,evidence_checklist,strict,ELIGIBLE,235,33,0,0,0,1,0,1,1,0,0,0,0,,,,
Qwen3-4B,mlx-community/Qwen3-4B-Instruct-2507-4bit,50d427756c6b1b2fe0c0a10f67fbda1fc8e82c1b,complaint_callback-incomplete-3,complaint_callback-incomplete-3--policy_first,complaint_callback,policy_first,incomplete,NEED_INFORMATION,commit_then_review,strict,ELIGIBLE,309,43,0,0,0,1,0,1,1,0,0,0,0,0,0,0,0
Qwen3-4B,mlx-community/Qwen3-4B-Instruct-2507-4bit,50d427756c6b1b2fe0c0a10f67fbda1fc8e82c1b,complaint_callback-incomplete-3,complaint_callback-incomplete-3--record_first,complaint_callback,record_first,incomplete,NEED_INFORMATION,independent_review,strict,ELIGIBLE,320,46,0,0,0,1,0,1,1,0,0,0,0,,,,
Qwen3-4B,mlx-community/Qwen3-4B-Instruct-2507-4bit,50d427756c6b1b2fe0c0a10f67fbda1fc8e82c1b,complaint_callback-incomplete-3,complaint_callback-incomplete-3--record_first,complaint_callback,record_first,incomplete,NEED_INFORMATION,prior_rationale,strict,ELIGIBLE,344,52,0,0,0,1,0,1,1,0,0,0,0,,,,
Qwen3-4B,mlx-community/Qwen3-4B-Instruct-2507-4bit,50d427756c6b1b2fe0c0a10f67fbda1fc8e82c1b,complaint_callback-incomplete-3,complaint_callback-incomplete-3--record_first,complaint_callback,record_first,incomplete,NEED_INFORMATION,evidence_checklist,strict,ELIGIBLE,157,23,0,0,0,1,0,1,1,0,0,0,0,,,,
Qwen3-4B,mlx-community/Qwen3-4B-Instruct-2507-4bit,50d427756c6b1b2fe0c0a10f67fbda1fc8e82c1b,complaint_callback-incomplete-3,complaint_callback-incomplete-3--record_first,complaint_callback,record_first,incomplete,NEED_INFORMATION,commit_then_review,strict,ELIGIBLE,238,35,0,0,0,1,0,1,1,0,0,0,0,0,0,0,0
Qwen3-4B,mlx-community/Qwen3-4B-Instruct-2507-4bit,50d427756c6b1b2fe0c0a10f67fbda1fc8e82c1b,complaint_callback-conflict-1,complaint_callback-conflict-1--policy_first,complaint_callback,policy_first,conflict,HUMAN_REVIEW,independent_review,strict,ELIGIBLE,154,22,0,0,0,0,0,1,1,0,0,0,0,,,,
Qwen3-4B,mlx-community/Qwen3-4B-Instruct-2507-4bit,50d427756c6b1b2fe0c0a10f67fbda1fc8e82c1b,complaint_callback-conflict-1,complaint_callback-conflict-1--policy_first,complaint_callback,policy_first,conflict,HUMAN_REVIEW,prior_rationale,strict,ELIGIBLE,147,21,0,0,0,0,0,1,1,0,0,0,0,,,,
Qwen3-4B,mlx-community/Qwen3-4B-Instruct-2507-4bit,50d427756c6b1b2fe0c0a10f67fbda1fc8e82c1b,complaint_callback-conflict-1,complaint_callback-conflict-1--policy_first,complaint_callback,policy_first,conflict,HUMAN_REVIEW,evidence_checklist,strict,ELIGIBLE,159,24,0,0,0,0,0,1,1,0,0,0,0,,,,
Qwen3-4B,mlx-community/Qwen3-4B-Instruct-2507-4bit,50d427756c6b1b2fe0c0a10f67fbda1fc8e82c1b,complaint_callback-conflict-1,complaint_callback-conflict-1--policy_first,complaint_callback,policy_first,conflict,HUMAN_REVIEW,commit_then_review,strict,ELIGIBLE,154,22,0,0,0,0,0,1,1,0,0,0,0,0,0,0,0
Qwen3-4B,mlx-community/Qwen3-4B-Instruct-2507-4bit,50d427756c6b1b2fe0c0a10f67fbda1fc8e82c1b,complaint_callback-conflict-1,complaint_callback-conflict-1--record_first,complaint_callback,record_first,conflict,HUMAN_REVIEW,independent_review,strict,ELIGIBLE,146,20,0,0,0,0,0,1,1,0,0,0,0,,,,
Qwen3-4B,mlx-community/Qwen3-4B-Instruct-2507-4bit,50d427756c6b1b2fe0c0a10f67fbda1fc8e82c1b,complaint_callback-conflict-1,complaint_callback-conflict-1--record_first,complaint_callback,record_first,conflict,HUMAN_REVIEW,prior_rationale,strict,ELIGIBLE,146,20,0,0,0,0,0,1,1,0,0,0,0,,,,
Qwen3-4B,mlx-community/Qwen3-4B-Instruct-2507-4bit,50d427756c6b1b2fe0c0a10f67fbda1fc8e82c1b,complaint_callback-conflict-1,complaint_callback-conflict-1--record_first,complaint_callback,record_first,conflict,HUMAN_REVIEW,evidence_checklist,strict,ELIGIBLE,126,16,0,0,0,0,0,1,1,0,0,0,0,,,,
Qwen3-4B,mlx-community/Qwen3-4B-Instruct-2507-4bit,50d427756c6b1b2fe0c0a10f67fbda1fc8e82c1b,complaint_callback-conflict-1,complaint_callback-conflict-1--record_first,complaint_callback,record_first,conflict,HUMAN_REVIEW,commit_then_review,strict,ELIGIBLE,159,22,0,0,0,0,0,1,1,0,0,0,0,0,0,0,0
Qwen3-4B,mlx-community/Qwen3-4B-Instruct-2507-4bit,50d427756c6b1b2fe0c0a10f67fbda1fc8e82c1b,complaint_callback-conflict-2,complaint_callback-conflict-2--policy_first,complaint_callback,policy_first,conflict,HUMAN_REVIEW,independent_review,strict,ELIGIBLE,151,22,0,0,0,0,0,1,1,0,0,0,0,,,,
Qwen3-4B,mlx-community/Qwen3-4B-Instruct-2507-4bit,50d427756c6b1b2fe0c0a10f67fbda1fc8e82c1b,complaint_callback-conflict-2,complaint_callback-conflict-2--policy_first,complaint_callback,policy_first,conflict,HUMAN_REVIEW,prior_rationale,strict,ELIGIBLE,147,21,0,0,0,0,0,1,1,0,0,0,0,,,,
Qwen3-4B,mlx-community/Qwen3-4B-Instruct-2507-4bit,50d427756c6b1b2fe0c0a10f67fbda1fc8e82c1b,complaint_callback-conflict-2,complaint_callback-conflict-2--policy_first,complaint_callback,policy_first,conflict,HUMAN_REVIEW,evidence_checklist,strict,ELIGIBLE,139,19,0,0,0,0,0,1,1,0,0,0,0,,,,
Qwen3-4B,mlx-community/Qwen3-4B-Instruct-2507-4bit,50d427756c6b1b2fe0c0a10f67fbda1fc8e82c1b,complaint_callback-conflict-2,complaint_callback-conflict-2--policy_first,complaint_callback,policy_first,conflict,HUMAN_REVIEW,commit_then_review,strict,ELIGIBLE,154,22,0,0,0,0,0,1,1,0,0,0,0,0,0,0,0
Qwen3-4B,mlx-community/Qwen3-4B-Instruct-2507-4bit,50d427756c6b1b2fe0c0a10f67fbda1fc8e82c1b,complaint_callback-conflict-2,complaint_callback-conflict-2--record_first,complaint_callback,record_first,conflict,HUMAN_REVIEW,independent_review,strict,ELIGIBLE,146,20,0,0,0,0,0,1,1,0,0,0,0,,,,
Qwen3-4B,mlx-community/Qwen3-4B-Instruct-2507-4bit,50d427756c6b1b2fe0c0a10f67fbda1fc8e82c1b,complaint_callback-conflict-2,complaint_callback-conflict-2--record_first,complaint_callback,record_first,conflict,HUMAN_REVIEW,prior_rationale,strict,ELIGIBLE,146,20,0,0,0,0,0,1,1,0,0,0,0,,,,
Qwen3-4B,mlx-community/Qwen3-4B-Instruct-2507-4bit,50d427756c6b1b2fe0c0a10f67fbda1fc8e82c1b,complaint_callback-conflict-2,complaint_callback-conflict-2--record_first,complaint_callback,record_first,conflict,HUMAN_REVIEW,evidence_checklist,strict,ELIGIBLE,126,16,0,0,0,0,0,1,1,0,0,0,0,,,,
Qwen3-4B,mlx-community/Qwen3-4B-Instruct-2507-4bit,50d427756c6b1b2fe0c0a10f67fbda1fc8e82c1b,complaint_callback-conflict-2,complaint_callback-conflict-2--record_first,complaint_callback,record_first,conflict,HUMAN_REVIEW,commit_then_review,strict,ELIGIBLE,146,20,0,0,0,0,0,1,1,0,0,0,0,0,0,0,0
Qwen3-4B,mlx-community/Qwen3-4B-Instruct-2507-4bit,50d427756c6b1b2fe0c0a10f67fbda1fc8e82c1b,complaint_callback-conflict-3,complaint_callback-conflict-3--policy_first,complaint_callback,policy_first,conflict,HUMAN_REVIEW,independent_review,strict,ELIGIBLE,154,22,0,0,0,0,0,1,1,0,0,0,0,,,,
Qwen3-4B,mlx-community/Qwen3-4B-Instruct-2507-4bit,50d427756c6b1b2fe0c0a10f67fbda1fc8e82c1b,complaint_callback-conflict-3,complaint_callback-conflict-3--policy_first,complaint_callback,policy_first,conflict,HUMAN_REVIEW,prior_rationale,strict,ELIGIBLE,147,21,0,0,0,0,0,1,1,0,0,0,0,,,,
Qwen3-4B,mlx-community/Qwen3-4B-Instruct-2507-4bit,50d427756c6b1b2fe0c0a10f67fbda1fc8e82c1b,complaint_callback-conflict-3,complaint_callback-conflict-3--policy_first,complaint_callback,policy_first,conflict,HUMAN_REVIEW,evidence_checklist,strict,ELIGIBLE,139,19,0,0,0,0,0,1,1,0,0,0,0,,,,
Qwen3-4B,mlx-community/Qwen3-4B-Instruct-2507-4bit,50d427756c6b1b2fe0c0a10f67fbda1fc8e82c1b,complaint_callback-conflict-3,complaint_callback-conflict-3--policy_first,complaint_callback,policy_first,conflict,HUMAN_REVIEW,commit_then_review,strict,ELIGIBLE,154,22,0,0,0,0,0,1,1,0,0,0,0,0,0,0,0
Qwen3-4B,mlx-community/Qwen3-4B-Instruct-2507-4bit,50d427756c6b1b2fe0c0a10f67fbda1fc8e82c1b,complaint_callback-conflict-3,complaint_callback-conflict-3--record_first,complaint_callback,record_first,conflict,HUMAN_REVIEW,independent_review,strict,ELIGIBLE,146,20,0,0,0,0,0,1,1,0,0,0,0,,,,
Qwen3-4B,mlx-community/Qwen3-4B-Instruct-2507-4bit,50d427756c6b1b2fe0c0a10f67fbda1fc8e82c1b,complaint_callback-conflict-3,complaint_callback-conflict-3--record_first,complaint_callback,record_first,conflict,HUMAN_REVIEW,prior_rationale,strict,ELIGIBLE,146,20,0,0,0,0,0,1,1,0,0,0,0,,,,
Qwen3-4B,mlx-community/Qwen3-4B-Instruct-2507-4bit,50d427756c6b1b2fe0c0a10f67fbda1fc8e82c1b,complaint_callback-conflict-3,complaint_callback-conflict-3--record_first,complaint_callback,record_first,conflict,HUMAN_REVIEW,evidence_checklist,strict,ELIGIBLE,126,16,0,0,0,0,0,1,1,0,0,0,0,,,,
Qwen3-4B,mlx-community/Qwen3-4B-Instruct-2507-4bit,50d427756c6b1b2fe0c0a10f67fbda1fc8e82c1b,complaint_callback-conflict-3,complaint_callback-conflict-3--record_first,complaint_callback,record_first,conflict,HUMAN_REVIEW,commit_then_review,strict,ELIGIBLE,146,20,0,0,0,0,0,1,1,0,0,0,0,0,0,0,0
Phi-4-mini,mlx-community/Phi-4-mini-instruct-mlx-4Bit,d848c30f6d5419b9892433cf6b1062626d15340e,family_contact-valid-1,family_contact-valid-1--policy_first,family_contact,policy_first,valid,ELIGIBLE,independent_review,recovered,NEED_INFORMATION,0,0,0,0,0,1,0,0,0,1,0,0,0,,,,
Phi-4-mini,mlx-community/Phi-4-mini-instruct-mlx-4Bit,d848c30f6d5419b9892433cf6b1062626d15340e,family_contact-valid-1,family_contact-valid-1--policy_first,family_contact,policy_first,valid,ELIGIBLE,prior_rationale,recovered,NEED_INFORMATION,0,0,0,0,0,1,0,0,0,1,0,0,0,,,,
Phi-4-mini,mlx-community/Phi-4-mini-instruct-mlx-4Bit,d848c30f6d5419b9892433cf6b1062626d15340e,family_contact-valid-1,family_contact-valid-1--policy_first,family_contact,policy_first,valid,ELIGIBLE,evidence_checklist,recovered,NEED_INFORMATION,0,0,0,0,0,1,0,0,0,1,0,0,0,,,,
Phi-4-mini,mlx-community/Phi-4-mini-instruct-mlx-4Bit,d848c30f6d5419b9892433cf6b1062626d15340e,family_contact-valid-1,family_contact-valid-1--policy_first,family_contact,policy_first,valid,ELIGIBLE,commit_then_review,recovered,NEED_INFORMATION,0,0,0,0,0,1,0,0,0,1,0,0,0,0,0,0,0
Phi-4-mini,mlx-community/Phi-4-mini-instruct-mlx-4Bit,d848c30f6d5419b9892433cf6b1062626d15340e,family_contact-valid-1,family_contact-valid-1--record_first,family_contact,record_first,valid,ELIGIBLE,independent_review,recovered,ELIGIBLE,37,3,0,1,1,1,1,1,0,0,0,0,0,,,,
Phi-4-mini,mlx-community/Phi-4-mini-instruct-mlx-4Bit,d848c30f6d5419b9892433cf6b1062626d15340e,family_contact-valid-1,family_contact-valid-1--record_first,family_contact,record_first,valid,ELIGIBLE,prior_rationale,recovered,ELIGIBLE,37,3,0,1,1,1,1,1,0,0,0,0,0,,,,
Phi-4-mini,mlx-community/Phi-4-mini-instruct-mlx-4Bit,d848c30f6d5419b9892433cf6b1062626d15340e,family_contact-valid-1,family_contact-valid-1--record_first,family_contact,record_first,valid,ELIGIBLE,evidence_checklist,recovered,HUMAN_REVIEW,0,0,0,0,0,1,0,0,0,1,0,0,0,,,,
Phi-4-mini,mlx-community/Phi-4-mini-instruct-mlx-4Bit,d848c30f6d5419b9892433cf6b1062626d15340e,family_contact-valid-1,family_contact-valid-1--record_first,family_contact,record_first,valid,ELIGIBLE,commit_then_review,recovered,ELIGIBLE,184,29,0,1,1,1,1,1,0,0,0,0,0,0,0,0,1
Phi-4-mini,mlx-community/Phi-4-mini-instruct-mlx-4Bit,d848c30f6d5419b9892433cf6b1062626d15340e,family_contact-valid-2,family_contact-valid-2--policy_first,family_contact,policy_first,valid,ELIGIBLE,independent_review,recovered,NEED_INFORMATION,0,0,0,0,0,1,0,0,0,1,0,0,0,,,,
Phi-4-mini,mlx-community/Phi-4-mini-instruct-mlx-4Bit,d848c30f6d5419b9892433cf6b1062626d15340e,family_contact-valid-2,family_contact-valid-2--policy_first,family_contact,policy_first,valid,ELIGIBLE,prior_rationale,recovered,HUMAN_REVIEW,0,0,0,0,0,1,0,0,0,1,0,0,0,,,,
Phi-4-mini,mlx-community/Phi-4-mini-instruct-mlx-4Bit,d848c30f6d5419b9892433cf6b1062626d15340e,family_contact-valid-2,family_contact-valid-2--policy_first,family_contact,policy_first,valid,ELIGIBLE,evidence_checklist,recovered,NEED_INFORMATION,0,0,0,0,0,1,0,0,0,1,0,0,0,,,,
Phi-4-mini,mlx-community/Phi-4-mini-instruct-mlx-4Bit,d848c30f6d5419b9892433cf6b1062626d15340e,family_contact-valid-2,family_contact-valid-2--policy_first,family_contact,policy_first,valid,ELIGIBLE,commit_then_review,recovered,NEED_INFORMATION,0,0,0,0,0,1,0,0,0,1,0,0,0,0,0,0,0
Phi-4-mini,mlx-community/Phi-4-mini-instruct-mlx-4Bit,d848c30f6d5419b9892433cf6b1062626d15340e,family_contact-valid-2,family_contact-valid-2--record_first,family_contact,record_first,valid,ELIGIBLE,independent_review,recovered,ELIGIBLE,37,3,0,1,1,1,1,1,0,0,0,0,0,,,,
Phi-4-mini,mlx-community/Phi-4-mini-instruct-mlx-4Bit,d848c30f6d5419b9892433cf6b1062626d15340e,family_contact-valid-2,family_contact-valid-2--record_first,family_contact,record_first,valid,ELIGIBLE,prior_rationale,recovered,ELIGIBLE,37,3,0,1,1,1,1,1,0,0,0,0,0,,,,
Phi-4-mini,mlx-community/Phi-4-mini-instruct-mlx-4Bit,d848c30f6d5419b9892433cf6b1062626d15340e,family_contact-valid-2,family_contact-valid-2--record_first,family_contact,record_first,valid,ELIGIBLE,evidence_checklist,recovered,HUMAN_REVIEW,0,0,0,0,0,1,0,0,0,1,0,0,0,,,,
Phi-4-mini,mlx-community/Phi-4-mini-instruct-mlx-4Bit,d848c30f6d5419b9892433cf6b1062626d15340e,family_contact-valid-2,family_contact-valid-2--record_first,family_contact,record_first,valid,ELIGIBLE,commit_then_review,recovered,ELIGIBLE,141,25,0,1,1,1,1,1,0,0,0,0,0,0,0,0,1
Phi-4-mini,mlx-community/Phi-4-mini-instruct-mlx-4Bit,d848c30f6d5419b9892433cf6b1062626d15340e,family_contact-valid-3,family_contact-valid-3--policy_first,family_contact,policy_first,valid,ELIGIBLE,independent_review,recovered,NEED_INFORMATION,0,0,0,0,0,1,0,0,0,1,0,0,0,,,,
Phi-4-mini,mlx-community/Phi-4-mini-instruct-mlx-4Bit,d848c30f6d5419b9892433cf6b1062626d15340e,family_contact-valid-3,family_contact-valid-3--policy_first,family_contact,policy_first,valid,ELIGIBLE,prior_rationale,recovered,HUMAN_REVIEW,0,0,0,0,0,1,0,0,0,1,0,0,0,,,,
Phi-4-mini,mlx-community/Phi-4-mini-instruct-mlx-4Bit,d848c30f6d5419b9892433cf6b1062626d15340e,family_contact-valid-3,family_contact-valid-3--policy_first,family_contact,policy_first,valid,ELIGIBLE,evidence_checklist,recovered,NEED_INFORMATION,0,0,0,0,0,1,0,0,0,1,0,0,0,,,,
Phi-4-mini,mlx-community/Phi-4-mini-instruct-mlx-4Bit,d848c30f6d5419b9892433cf6b1062626d15340e,family_contact-valid-3,family_contact-valid-3--policy_first,family_contact,policy_first,valid,ELIGIBLE,commit_then_review,recovered,NEED_INFORMATION,0,0,0,0,0,1,0,0,0,1,0,0,0,0,0,0,0
Phi-4-mini,mlx-community/Phi-4-mini-instruct-mlx-4Bit,d848c30f6d5419b9892433cf6b1062626d15340e,family_contact-valid-3,family_contact-valid-3--record_first,family_contact,record_first,valid,ELIGIBLE,independent_review,recovered,ELIGIBLE,37,3,0,1,1,1,1,1,0,0,0,0,0,,,,
Phi-4-mini,mlx-community/Phi-4-mini-instruct-mlx-4Bit,d848c30f6d5419b9892433cf6b1062626d15340e,family_contact-valid-3,family_contact-valid-3--record_first,family_contact,record_first,valid,ELIGIBLE,prior_rationale,recovered,ELIGIBLE,37,3,0,1,1,1,1,1,0,0,0,0,0,,,,
Phi-4-mini,mlx-community/Phi-4-mini-instruct-mlx-4Bit,d848c30f6d5419b9892433cf6b1062626d15340e,family_contact-valid-3,family_contact-valid-3--record_first,family_contact,record_first,valid,ELIGIBLE,evidence_checklist,recovered,HUMAN_REVIEW,0,0,0,0,0,1,0,0,0,1,0,0,0,,,,
Phi-4-mini,mlx-community/Phi-4-mini-instruct-mlx-4Bit,d848c30f6d5419b9892433cf6b1062626d15340e,family_contact-valid-3,family_contact-valid-3--record_first,family_contact,record_first,valid,ELIGIBLE,commit_then_review,recovered,ELIGIBLE,160,24,0,1,1,1,1,1,0,0,0,0,0,0,0,0,1
Phi-4-mini,mlx-community/Phi-4-mini-instruct-mlx-4Bit,d848c30f6d5419b9892433cf6b1062626d15340e,family_contact-invalid-1,family_contact-invalid-1--policy_first,family_contact,policy_first,invalid,INELIGIBLE,independent_review,recovered,NEED_INFORMATION,0,0,0,0,0,1,0,0,0,0,0,0,0,,,,
Phi-4-mini,mlx-community/Phi-4-mini-instruct-mlx-4Bit,d848c30f6d5419b9892433cf6b1062626d15340e,family_contact-invalid-1,family_contact-invalid-1--policy_first,family_contact,policy_first,invalid,INELIGIBLE,prior_rationale,recovered,NEED_INFORMATION,0,0,0,0,0,1,0,0,0,0,0,0,0,,,,
Phi-4-mini,mlx-community/Phi-4-mini-instruct-mlx-4Bit,d848c30f6d5419b9892433cf6b1062626d15340e,family_contact-invalid-1,family_contact-invalid-1--policy_first,family_contact,policy_first,invalid,INELIGIBLE,evidence_checklist,recovered,INELIGIBLE,123,20,0,1,0,1,0,1,0,0,0,0,0,,,,
Phi-4-mini,mlx-community/Phi-4-mini-instruct-mlx-4Bit,d848c30f6d5419b9892433cf6b1062626d15340e,family_contact-invalid-1,family_contact-invalid-1--policy_first,family_contact,policy_first,invalid,INELIGIBLE,commit_then_review,recovered,NEED_INFORMATION,0,0,0,0,0,1,0,0,0,0,0,0,0,0,0,0,0
Phi-4-mini,mlx-community/Phi-4-mini-instruct-mlx-4Bit,d848c30f6d5419b9892433cf6b1062626d15340e,family_contact-invalid-1,family_contact-invalid-1--record_first,family_contact,record_first,invalid,INELIGIBLE,independent_review,recovered,NEED_INFORMATION,0,0,0,0,0,1,0,0,0,0,0,0,0,,,,
Phi-4-mini,mlx-community/Phi-4-mini-instruct-mlx-4Bit,d848c30f6d5419b9892433cf6b1062626d15340e,family_contact-invalid-1,family_contact-invalid-1--record_first,family_contact,record_first,invalid,INELIGIBLE,prior_rationale,recovered,INELIGIBLE,37,3,0,1,0,1,0,1,0,0,0,0,0,,,,
Phi-4-mini,mlx-community/Phi-4-mini-instruct-mlx-4Bit,d848c30f6d5419b9892433cf6b1062626d15340e,family_contact-invalid-1,family_contact-invalid-1--record_first,family_contact,record_first,invalid,INELIGIBLE,evidence_checklist,recovered,INELIGIBLE,0,0,0,1,0,1,0,0,0,0,0,0,0,,,,
Phi-4-mini,mlx-community/Phi-4-mini-instruct-mlx-4Bit,d848c30f6d5419b9892433cf6b1062626d15340e,family_contact-invalid-1,family_contact-invalid-1--record_first,family_contact,record_first,invalid,INELIGIBLE,commit_then_review,recovered,NEED_INFORMATION,0,0,0,0,0,1,0,0,0,0,0,0,0,0,0,0,0
Phi-4-mini,mlx-community/Phi-4-mini-instruct-mlx-4Bit,d848c30f6d5419b9892433cf6b1062626d15340e,family_contact-invalid-2,family_contact-invalid-2--policy_first,family_contact,policy_first,invalid,INELIGIBLE,independent_review,recovered,NEED_INFORMATION,0,0,0,0,0,1,0,0,0,0,0,0,0,,,,
Phi-4-mini,mlx-community/Phi-4-mini-instruct-mlx-4Bit,d848c30f6d5419b9892433cf6b1062626d15340e,family_contact-invalid-2,family_contact-invalid-2--policy_first,family_contact,policy_first,invalid,INELIGIBLE,prior_rationale,recovered,INELIGIBLE,37,3,0,1,0,1,0,1,0,0,0,0,0,,,,
Phi-4-mini,mlx-community/Phi-4-mini-instruct-mlx-4Bit,d848c30f6d5419b9892433cf6b1062626d15340e,family_contact-invalid-2,family_contact-invalid-2--policy_first,family_contact,policy_first,invalid,INELIGIBLE,evidence_checklist,recovered,INELIGIBLE,37,3,0,1,0,1,0,1,0,0,0,0,0,,,,
Phi-4-mini,mlx-community/Phi-4-mini-instruct-mlx-4Bit,d848c30f6d5419b9892433cf6b1062626d15340e,family_contact-invalid-2,family_contact-invalid-2--policy_first,family_contact,policy_first,invalid,INELIGIBLE,commit_then_review,recovered,NEED_INFORMATION,0,0,0,0,0,1,0,0,0,0,0,0,0,0,0,0,0
Phi-4-mini,mlx-community/Phi-4-mini-instruct-mlx-4Bit,d848c30f6d5419b9892433cf6b1062626d15340e,family_contact-invalid-2,family_contact-invalid-2--record_first,family_contact,record_first,invalid,INELIGIBLE,independent_review,recovered,HUMAN_REVIEW,0,0,0,0,0,1,0,0,0,0,0,0,0,,,,
Phi-4-mini,mlx-community/Phi-4-mini-instruct-mlx-4Bit,d848c30f6d5419b9892433cf6b1062626d15340e,family_contact-invalid-2,family_contact-invalid-2--record_first,family_contact,record_first,invalid,INELIGIBLE,prior_rationale,recovered,INELIGIBLE,37,3,0,1,0,1,0,1,0,0,0,0,0,,,,
Phi-4-mini,mlx-community/Phi-4-mini-instruct-mlx-4Bit,d848c30f6d5419b9892433cf6b1062626d15340e,family_contact-invalid-2,family_contact-invalid-2--record_first,family_contact,record_first,invalid,INELIGIBLE,evidence_checklist,recovered,INELIGIBLE,0,0,0,1,0,1,0,0,0,0,0,0,0,,,,
Phi-4-mini,mlx-community/Phi-4-mini-instruct-mlx-4Bit,d848c30f6d5419b9892433cf6b1062626d15340e,family_contact-invalid-2,family_contact-invalid-2--record_first,family_contact,record_first,invalid,INELIGIBLE,commit_then_review,recovered,NEED_INFORMATION,0,0,0,0,0,1,0,0,0,0,0,0,0,0,0,0,0
Phi-4-mini,mlx-community/Phi-4-mini-instruct-mlx-4Bit,d848c30f6d5419b9892433cf6b1062626d15340e,family_contact-invalid-3,family_contact-invalid-3--policy_first,family_contact,policy_first,invalid,INELIGIBLE,independent_review,recovered,NEED_INFORMATION,0,0,0,0,0,1,0,0,0,0,0,0,0,,,,
Phi-4-mini,mlx-community/Phi-4-mini-instruct-mlx-4Bit,d848c30f6d5419b9892433cf6b1062626d15340e,family_contact-invalid-3,family_contact-invalid-3--policy_first,family_contact,policy_first,invalid,INELIGIBLE,prior_rationale,recovered,INELIGIBLE,37,3,0,1,0,1,0,1,0,0,0,0,0,,,,
Phi-4-mini,mlx-community/Phi-4-mini-instruct-mlx-4Bit,d848c30f6d5419b9892433cf6b1062626d15340e,family_contact-invalid-3,family_contact-invalid-3--policy_first,family_contact,policy_first,invalid,INELIGIBLE,evidence_checklist,recovered,INELIGIBLE,211,34,0,1,0,1,0,1,0,0,0,0,0,,,,
Phi-4-mini,mlx-community/Phi-4-mini-instruct-mlx-4Bit,d848c30f6d5419b9892433cf6b1062626d15340e,family_contact-invalid-3,family_contact-invalid-3--policy_first,family_contact,policy_first,invalid,INELIGIBLE,commit_then_review,recovered,NEED_INFORMATION,0,0,0,0,0,1,0,0,0,0,0,0,0,0,0,0,0
Phi-4-mini,mlx-community/Phi-4-mini-instruct-mlx-4Bit,d848c30f6d5419b9892433cf6b1062626d15340e,family_contact-invalid-3,family_contact-invalid-3--record_first,family_contact,record_first,invalid,INELIGIBLE,independent_review,recovered,HUMAN_REVIEW,0,0,0,0,0,1,0,0,0,0,0,0,0,,,,
Phi-4-mini,mlx-community/Phi-4-mini-instruct-mlx-4Bit,d848c30f6d5419b9892433cf6b1062626d15340e,family_contact-invalid-3,family_contact-invalid-3--record_first,family_contact,record_first,invalid,INELIGIBLE,prior_rationale,recovered,INELIGIBLE,37,3,0,1,0,1,0,1,0,0,0,0,0,,,,
Phi-4-mini,mlx-community/Phi-4-mini-instruct-mlx-4Bit,d848c30f6d5419b9892433cf6b1062626d15340e,family_contact-invalid-3,family_contact-invalid-3--record_first,family_contact,record_first,invalid,INELIGIBLE,evidence_checklist,recovered,INELIGIBLE,0,0,0,1,0,1,0,0,0,0,0,0,0,,,,
Phi-4-mini,mlx-community/Phi-4-mini-instruct-mlx-4Bit,d848c30f6d5419b9892433cf6b1062626d15340e,family_contact-invalid-3,family_contact-invalid-3--record_first,family_contact,record_first,invalid,INELIGIBLE,commit_then_review,recovered,NEED_INFORMATION,0,0,0,0,0,1,0,0,0,0,0,0,0,0,0,0,0
Phi-4-mini,mlx-community/Phi-4-mini-instruct-mlx-4Bit,d848c30f6d5419b9892433cf6b1062626d15340e,family_contact-incomplete-1,family_contact-incomplete-1--policy_first,family_contact,policy_first,incomplete,NEED_INFORMATION,independent_review,recovered,NEED_INFORMATION,0,0,0,1,1,1,0,0,0,0,0,1,0,,,,
Phi-4-mini,mlx-community/Phi-4-mini-instruct-mlx-4Bit,d848c30f6d5419b9892433cf6b1062626d15340e,family_contact-incomplete-1,family_contact-incomplete-1--policy_first,family_contact,policy_first,incomplete,NEED_INFORMATION,prior_rationale,recovered,NEED_INFORMATION,0,0,0,1,1,1,0,0,0,0,0,1,0,,,,
Phi-4-mini,mlx-community/Phi-4-mini-instruct-mlx-4Bit,d848c30f6d5419b9892433cf6b1062626d15340e,family_contact-incomplete-1,family_contact-incomplete-1--policy_first,family_contact,policy_first,incomplete,NEED_INFORMATION,evidence_checklist,recovered,NEED_INFORMATION,0,0,0,1,1,1,0,0,0,0,0,1,0,,,,
Phi-4-mini,mlx-community/Phi-4-mini-instruct-mlx-4Bit,d848c30f6d5419b9892433cf6b1062626d15340e,family_contact-incomplete-1,family_contact-incomplete-1--policy_first,family_contact,policy_first,incomplete,NEED_INFORMATION,commit_then_review,recovered,NEED_INFORMATION,0,0,0,1,1,1,0,0,0,0,0,1,0,0,0,0,1
Phi-4-mini,mlx-community/Phi-4-mini-instruct-mlx-4Bit,d848c30f6d5419b9892433cf6b1062626d15340e,family_contact-incomplete-1,family_contact-incomplete-1--record_first,family_contact,record_first,incomplete,NEED_INFORMATION,independent_review,recovered,NEED_INFORMATION,350,51,0,1,1,1,1,1,0,0,0,1,0,,,,
Phi-4-mini,mlx-community/Phi-4-mini-instruct-mlx-4Bit,d848c30f6d5419b9892433cf6b1062626d15340e,family_contact-incomplete-1,family_contact-incomplete-1--record_first,family_contact,record_first,incomplete,NEED_INFORMATION,prior_rationale,recovered,NEED_INFORMATION,0,0,0,1,1,1,0,0,0,0,0,1,0,,,,
Phi-4-mini,mlx-community/Phi-4-mini-instruct-mlx-4Bit,d848c30f6d5419b9892433cf6b1062626d15340e,family_contact-incomplete-1,family_contact-incomplete-1--record_first,family_contact,record_first,incomplete,NEED_INFORMATION,evidence_checklist,recovered,NEED_INFORMATION,0,0,0,1,1,1,0,0,0,0,0,1,0,,,,
Phi-4-mini,mlx-community/Phi-4-mini-instruct-mlx-4Bit,d848c30f6d5419b9892433cf6b1062626d15340e,family_contact-incomplete-1,family_contact-incomplete-1--record_first,family_contact,record_first,incomplete,NEED_INFORMATION,commit_then_review,recovered,NEED_INFORMATION,0,0,0,1,1,1,0,0,0,0,0,1,0,0,0,0,1
Phi-4-mini,mlx-community/Phi-4-mini-instruct-mlx-4Bit,d848c30f6d5419b9892433cf6b1062626d15340e,family_contact-incomplete-2,family_contact-incomplete-2--policy_first,family_contact,policy_first,incomplete,NEED_INFORMATION,independent_review,recovered,NEED_INFORMATION,0,0,0,1,1,1,0,0,0,0,0,1,0,,,,
Phi-4-mini,mlx-community/Phi-4-mini-instruct-mlx-4Bit,d848c30f6d5419b9892433cf6b1062626d15340e,family_contact-incomplete-2,family_contact-incomplete-2--policy_first,family_contact,policy_first,incomplete,NEED_INFORMATION,prior_rationale,recovered,NEED_INFORMATION,0,0,0,1,1,1,0,0,0,0,0,1,0,,,,
Phi-4-mini,mlx-community/Phi-4-mini-instruct-mlx-4Bit,d848c30f6d5419b9892433cf6b1062626d15340e,family_contact-incomplete-2,family_contact-incomplete-2--policy_first,family_contact,policy_first,incomplete,NEED_INFORMATION,evidence_checklist,recovered,NEED_INFORMATION,0,0,0,1,1,1,0,0,0,0,0,1,0,,,,
Phi-4-mini,mlx-community/Phi-4-mini-instruct-mlx-4Bit,d848c30f6d5419b9892433cf6b1062626d15340e,family_contact-incomplete-2,family_contact-incomplete-2--policy_first,family_contact,policy_first,incomplete,NEED_INFORMATION,commit_then_review,recovered,NEED_INFORMATION,0,0,0,1,1,1,0,0,0,0,0,1,0,0,0,0,1
Phi-4-mini,mlx-community/Phi-4-mini-instruct-mlx-4Bit,d848c30f6d5419b9892433cf6b1062626d15340e,family_contact-incomplete-2,family_contact-incomplete-2--record_first,family_contact,record_first,incomplete,NEED_INFORMATION,independent_review,recovered,NEED_INFORMATION,312,44,0,1,1,1,1,1,0,0,0,1,0,,,,
Phi-4-mini,mlx-community/Phi-4-mini-instruct-mlx-4Bit,d848c30f6d5419b9892433cf6b1062626d15340e,family_contact-incomplete-2,family_contact-incomplete-2--record_first,family_contact,record_first,incomplete,NEED_INFORMATION,prior_rationale,recovered,NEED_INFORMATION,0,0,0,1,1,1,0,0,0,0,0,1,0,,,,
Phi-4-mini,mlx-community/Phi-4-mini-instruct-mlx-4Bit,d848c30f6d5419b9892433cf6b1062626d15340e,family_contact-incomplete-2,family_contact-incomplete-2--record_first,family_contact,record_first,incomplete,NEED_INFORMATION,evidence_checklist,recovered,NEED_INFORMATION,0,0,0,1,1,1,0,0,0,0,0,1,0,,,,
Phi-4-mini,mlx-community/Phi-4-mini-instruct-mlx-4Bit,d848c30f6d5419b9892433cf6b1062626d15340e,family_contact-incomplete-2,family_contact-incomplete-2--record_first,family_contact,record_first,incomplete,NEED_INFORMATION,commit_then_review,recovered,NEED_INFORMATION,0,0,0,1,1,1,0,0,0,0,0,1,0,0,0,0,1
Phi-4-mini,mlx-community/Phi-4-mini-instruct-mlx-4Bit,d848c30f6d5419b9892433cf6b1062626d15340e,family_contact-incomplete-3,family_contact-incomplete-3--policy_first,family_contact,policy_first,incomplete,NEED_INFORMATION,independent_review,recovered,NEED_INFORMATION,0,0,0,1,1,1,0,0,0,0,0,1,0,,,,
Phi-4-mini,mlx-community/Phi-4-mini-instruct-mlx-4Bit,d848c30f6d5419b9892433cf6b1062626d15340e,family_contact-incomplete-3,family_contact-incomplete-3--policy_first,family_contact,policy_first,incomplete,NEED_INFORMATION,prior_rationale,recovered,NEED_INFORMATION,0,0,0,1,1,1,0,0,0,0,0,1,0,,,,
Phi-4-mini,mlx-community/Phi-4-mini-instruct-mlx-4Bit,d848c30f6d5419b9892433cf6b1062626d15340e,family_contact-incomplete-3,family_contact-incomplete-3--policy_first,family_contact,policy_first,incomplete,NEED_INFORMATION,evidence_checklist,recovered,NEED_INFORMATION,0,0,0,1,1,1,0,0,0,0,0,1,0,,,,
Phi-4-mini,mlx-community/Phi-4-mini-instruct-mlx-4Bit,d848c30f6d5419b9892433cf6b1062626d15340e,family_contact-incomplete-3,family_contact-incomplete-3--policy_first,family_contact,policy_first,incomplete,NEED_INFORMATION,commit_then_review,recovered,NEED_INFORMATION,0,0,0,1,1,1,0,0,0,0,0,1,0,0,0,0,1
Phi-4-mini,mlx-community/Phi-4-mini-instruct-mlx-4Bit,d848c30f6d5419b9892433cf6b1062626d15340e,family_contact-incomplete-3,family_contact-incomplete-3--record_first,family_contact,record_first,incomplete,NEED_INFORMATION,independent_review,recovered,NEED_INFORMATION,337,48,0,1,1,1,1,1,0,0,0,1,0,,,,
Phi-4-mini,mlx-community/Phi-4-mini-instruct-mlx-4Bit,d848c30f6d5419b9892433cf6b1062626d15340e,family_contact-incomplete-3,family_contact-incomplete-3--record_first,family_contact,record_first,incomplete,NEED_INFORMATION,prior_rationale,recovered,NEED_INFORMATION,142,24,0,1,1,1,1,1,0,0,0,1,0,,,,
Phi-4-mini,mlx-community/Phi-4-mini-instruct-mlx-4Bit,d848c30f6d5419b9892433cf6b1062626d15340e,family_contact-incomplete-3,family_contact-incomplete-3--record_first,family_contact,record_first,incomplete,NEED_INFORMATION,evidence_checklist,recovered,NEED_INFORMATION,0,0,0,1,1,1,0,0,0,0,0,1,0,,,,
Phi-4-mini,mlx-community/Phi-4-mini-instruct-mlx-4Bit,d848c30f6d5419b9892433cf6b1062626d15340e,family_contact-incomplete-3,family_contact-incomplete-3--record_first,family_contact,record_first,incomplete,NEED_INFORMATION,commit_then_review,recovered,NEED_INFORMATION,0,0,0,1,1,1,0,0,0,0,0,1,0,0,0,0,1
Phi-4-mini,mlx-community/Phi-4-mini-instruct-mlx-4Bit,d848c30f6d5419b9892433cf6b1062626d15340e,family_contact-conflict-1,family_contact-conflict-1--policy_first,family_contact,policy_first,conflict,HUMAN_REVIEW,independent_review,recovered,NEED_INFORMATION,0,0,0,0,0,0,0,0,0,0,0,0,0,,,,
Phi-4-mini,mlx-community/Phi-4-mini-instruct-mlx-4Bit,d848c30f6d5419b9892433cf6b1062626d15340e,family_contact-conflict-1,family_contact-conflict-1--policy_first,family_contact,policy_first,conflict,HUMAN_REVIEW,prior_rationale,recovered,HUMAN_REVIEW,0,0,0,1,1,1,0,0,0,0,0,0,1,,,,
Phi-4-mini,mlx-community/Phi-4-mini-instruct-mlx-4Bit,d848c30f6d5419b9892433cf6b1062626d15340e,family_contact-conflict-1,family_contact-conflict-1--policy_first,family_contact,policy_first,conflict,HUMAN_REVIEW,evidence_checklist,recovered,INELIGIBLE,0,0,0,0,0,1,0,0,0,0,0,0,0,,,,
Phi-4-mini,mlx-community/Phi-4-mini-instruct-mlx-4Bit,d848c30f6d5419b9892433cf6b1062626d15340e,family_contact-conflict-1,family_contact-conflict-1--policy_first,family_contact,policy_first,conflict,HUMAN_REVIEW,commit_then_review,recovered,NEED_INFORMATION,0,0,0,0,0,1,0,0,0,0,0,0,0,0,0,0,0
Phi-4-mini,mlx-community/Phi-4-mini-instruct-mlx-4Bit,d848c30f6d5419b9892433cf6b1062626d15340e,family_contact-conflict-1,family_contact-conflict-1--record_first,family_contact,record_first,conflict,HUMAN_REVIEW,independent_review,recovered,HUMAN_REVIEW,0,0,0,1,1,1,0,0,0,0,0,0,1,,,,
Phi-4-mini,mlx-community/Phi-4-mini-instruct-mlx-4Bit,d848c30f6d5419b9892433cf6b1062626d15340e,family_contact-conflict-1,family_contact-conflict-1--record_first,family_contact,record_first,conflict,HUMAN_REVIEW,prior_rationale,recovered,HUMAN_REVIEW,0,0,0,1,1,1,0,0,0,0,0,0,1,,,,
Phi-4-mini,mlx-community/Phi-4-mini-instruct-mlx-4Bit,d848c30f6d5419b9892433cf6b1062626d15340e,family_contact-conflict-1,family_contact-conflict-1--record_first,family_contact,record_first,conflict,HUMAN_REVIEW,evidence_checklist,recovered,HUMAN_REVIEW,0,0,0,1,1,1,0,0,0,0,0,0,1,,,,
Phi-4-mini,mlx-community/Phi-4-mini-instruct-mlx-4Bit,d848c30f6d5419b9892433cf6b1062626d15340e,family_contact-conflict-1,family_contact-conflict-1--record_first,family_contact,record_first,conflict,HUMAN_REVIEW,commit_then_review,recovered,HUMAN_REVIEW,0,0,0,1,1,1,0,0,0,0,0,0,1,0,0,0,1
Phi-4-mini,mlx-community/Phi-4-mini-instruct-mlx-4Bit,d848c30f6d5419b9892433cf6b1062626d15340e,family_contact-conflict-2,family_contact-conflict-2--policy_first,family_contact,policy_first,conflict,HUMAN_REVIEW,independent_review,recovered,NEED_INFORMATION,0,0,0,0,0,0,0,0,0,0,0,0,0,,,,
Phi-4-mini,mlx-community/Phi-4-mini-instruct-mlx-4Bit,d848c30f6d5419b9892433cf6b1062626d15340e,family_contact-conflict-2,family_contact-conflict-2--policy_first,family_contact,policy_first,conflict,HUMAN_REVIEW,prior_rationale,recovered,ELIGIBLE,37,3,0,0,0,0,0,1,0,0,0,0,0,,,,
Phi-4-mini,mlx-community/Phi-4-mini-instruct-mlx-4Bit,d848c30f6d5419b9892433cf6b1062626d15340e,family_contact-conflict-2,family_contact-conflict-2--policy_first,family_contact,policy_first,conflict,HUMAN_REVIEW,evidence_checklist,recovered,INELIGIBLE,0,0,0,0,0,1,0,0,0,0,0,0,0,,,,
Phi-4-mini,mlx-community/Phi-4-mini-instruct-mlx-4Bit,d848c30f6d5419b9892433cf6b1062626d15340e,family_contact-conflict-2,family_contact-conflict-2--policy_first,family_contact,policy_first,conflict,HUMAN_REVIEW,commit_then_review,recovered,NEED_INFORMATION,0,0,0,0,0,1,0,0,0,0,0,0,0,0,0,0,0
Phi-4-mini,mlx-community/Phi-4-mini-instruct-mlx-4Bit,d848c30f6d5419b9892433cf6b1062626d15340e,family_contact-conflict-2,family_contact-conflict-2--record_first,family_contact,record_first,conflict,HUMAN_REVIEW,independent_review,recovered,HUMAN_REVIEW,0,0,0,1,1,1,0,0,0,0,0,0,1,,,,
Phi-4-mini,mlx-community/Phi-4-mini-instruct-mlx-4Bit,d848c30f6d5419b9892433cf6b1062626d15340e,family_contact-conflict-2,family_contact-conflict-2--record_first,family_contact,record_first,conflict,HUMAN_REVIEW,prior_rationale,recovered,HUMAN_REVIEW,0,0,0,1,1,1,0,0,0,0,0,0,1,,,,
Phi-4-mini,mlx-community/Phi-4-mini-instruct-mlx-4Bit,d848c30f6d5419b9892433cf6b1062626d15340e,family_contact-conflict-2,family_contact-conflict-2--record_first,family_contact,record_first,conflict,HUMAN_REVIEW,evidence_checklist,recovered,HUMAN_REVIEW,0,0,0,1,1,1,0,0,0,0,0,0,1,,,,
Phi-4-mini,mlx-community/Phi-4-mini-instruct-mlx-4Bit,d848c30f6d5419b9892433cf6b1062626d15340e,family_contact-conflict-2,family_contact-conflict-2--record_first,family_contact,record_first,conflict,HUMAN_REVIEW,commit_then_review,recovered,HUMAN_REVIEW,0,0,0,1,1,1,0,0,0,0,0,0,1,0,0,0,1
Phi-4-mini,mlx-community/Phi-4-mini-instruct-mlx-4Bit,d848c30f6d5419b9892433cf6b1062626d15340e,family_contact-conflict-3,family_contact-conflict-3--policy_first,family_contact,policy_first,conflict,HUMAN_REVIEW,independent_review,recovered,NEED_INFORMATION,0,0,0,0,0,1,0,0,0,0,0,0,0,,,,
Phi-4-mini,mlx-community/Phi-4-mini-instruct-mlx-4Bit,d848c30f6d5419b9892433cf6b1062626d15340e,family_contact-conflict-3,family_contact-conflict-3--policy_first,family_contact,policy_first,conflict,HUMAN_REVIEW,prior_rationale,recovered,HUMAN_REVIEW,0,0,0,1,1,1,0,0,0,0,0,0,1,,,,
Phi-4-mini,mlx-community/Phi-4-mini-instruct-mlx-4Bit,d848c30f6d5419b9892433cf6b1062626d15340e,family_contact-conflict-3,family_contact-conflict-3--policy_first,family_contact,policy_first,conflict,HUMAN_REVIEW,evidence_checklist,recovered,INELIGIBLE,0,0,0,0,0,1,0,0,0,0,0,0,0,,,,
Phi-4-mini,mlx-community/Phi-4-mini-instruct-mlx-4Bit,d848c30f6d5419b9892433cf6b1062626d15340e,family_contact-conflict-3,family_contact-conflict-3--policy_first,family_contact,policy_first,conflict,HUMAN_REVIEW,commit_then_review,recovered,NEED_INFORMATION,0,0,0,0,0,1,0,0,0,0,0,0,0,0,0,0,0
Phi-4-mini,mlx-community/Phi-4-mini-instruct-mlx-4Bit,d848c30f6d5419b9892433cf6b1062626d15340e,family_contact-conflict-3,family_contact-conflict-3--record_first,family_contact,record_first,conflict,HUMAN_REVIEW,independent_review,recovered,HUMAN_REVIEW,0,0,0,1,1,1,0,0,0,0,0,0,1,,,,
Phi-4-mini,mlx-community/Phi-4-mini-instruct-mlx-4Bit,d848c30f6d5419b9892433cf6b1062626d15340e,family_contact-conflict-3,family_contact-conflict-3--record_first,family_contact,record_first,conflict,HUMAN_REVIEW,prior_rationale,recovered,HUMAN_REVIEW,0,0,0,1,1,1,0,0,0,0,0,0,1,,,,
Phi-4-mini,mlx-community/Phi-4-mini-instruct-mlx-4Bit,d848c30f6d5419b9892433cf6b1062626d15340e,family_contact-conflict-3,family_contact-conflict-3--record_first,family_contact,record_first,conflict,HUMAN_REVIEW,evidence_checklist,recovered,HUMAN_REVIEW,0,0,0,1,1,1,0,0,0,0,0,0,1,,,,
Phi-4-mini,mlx-community/Phi-4-mini-instruct-mlx-4Bit,d848c30f6d5419b9892433cf6b1062626d15340e,family_contact-conflict-3,family_contact-conflict-3--record_first,family_contact,record_first,conflict,HUMAN_REVIEW,commit_then_review,recovered,HUMAN_REVIEW,0,0,0,1,1,1,0,0,0,0,0,0,1,0,0,0,1
Phi-4-mini,mlx-community/Phi-4-mini-instruct-mlx-4Bit,d848c30f6d5419b9892433cf6b1062626d15340e,accessible_transport-valid-1,accessible_transport-valid-1--policy_first,accessible_transport,policy_first,valid,ELIGIBLE,independent_review,recovered,NEED_INFORMATION,0,0,0,0,0,1,0,0,0,1,0,0,0,,,,
Phi-4-mini,mlx-community/Phi-4-mini-instruct-mlx-4Bit,d848c30f6d5419b9892433cf6b1062626d15340e,accessible_transport-valid-1,accessible_transport-valid-1--policy_first,accessible_transport,policy_first,valid,ELIGIBLE,prior_rationale,recovered,HUMAN_REVIEW,0,0,0,0,0,1,0,0,0,1,0,0,0,,,,
Phi-4-mini,mlx-community/Phi-4-mini-instruct-mlx-4Bit,d848c30f6d5419b9892433cf6b1062626d15340e,accessible_transport-valid-1,accessible_transport-valid-1--policy_first,accessible_transport,policy_first,valid,ELIGIBLE,evidence_checklist,recovered,ELIGIBLE,37,3,0,1,1,1,1,1,0,0,0,0,0,,,,
Phi-4-mini,mlx-community/Phi-4-mini-instruct-mlx-4Bit,d848c30f6d5419b9892433cf6b1062626d15340e,accessible_transport-valid-1,accessible_transport-valid-1--policy_first,accessible_transport,policy_first,valid,ELIGIBLE,commit_then_review,recovered,NEED_INFORMATION,0,0,0,0,0,1,0,0,0,1,0,0,0,0,0,0,0
Phi-4-mini,mlx-community/Phi-4-mini-instruct-mlx-4Bit,d848c30f6d5419b9892433cf6b1062626d15340e,accessible_transport-valid-1,accessible_transport-valid-1--record_first,accessible_transport,record_first,valid,ELIGIBLE,independent_review,recovered,ELIGIBLE,37,3,0,1,1,1,1,1,0,0,0,0,0,,,,
Phi-4-mini,mlx-community/Phi-4-mini-instruct-mlx-4Bit,d848c30f6d5419b9892433cf6b1062626d15340e,accessible_transport-valid-1,accessible_transport-valid-1--record_first,accessible_transport,record_first,valid,ELIGIBLE,prior_rationale,recovered,ELIGIBLE,37,3,0,1,1,1,1,1,0,0,0,0,0,,,,
Phi-4-mini,mlx-community/Phi-4-mini-instruct-mlx-4Bit,d848c30f6d5419b9892433cf6b1062626d15340e,accessible_transport-valid-1,accessible_transport-valid-1--record_first,accessible_transport,record_first,valid,ELIGIBLE,evidence_checklist,recovered,ELIGIBLE,0,0,0,1,1,1,0,0,0,0,0,0,0,,,,
Phi-4-mini,mlx-community/Phi-4-mini-instruct-mlx-4Bit,d848c30f6d5419b9892433cf6b1062626d15340e,accessible_transport-valid-1,accessible_transport-valid-1--record_first,accessible_transport,record_first,valid,ELIGIBLE,commit_then_review,recovered,ELIGIBLE,243,37,0,1,1,1,1,1,0,0,0,0,0,0,0,0,1
Phi-4-mini,mlx-community/Phi-4-mini-instruct-mlx-4Bit,d848c30f6d5419b9892433cf6b1062626d15340e,accessible_transport-valid-2,accessible_transport-valid-2--policy_first,accessible_transport,policy_first,valid,ELIGIBLE,independent_review,recovered,NEED_INFORMATION,0,0,0,0,0,1,0,0,0,1,0,0,0,,,,
Phi-4-mini,mlx-community/Phi-4-mini-instruct-mlx-4Bit,d848c30f6d5419b9892433cf6b1062626d15340e,accessible_transport-valid-2,accessible_transport-valid-2--policy_first,accessible_transport,policy_first,valid,ELIGIBLE,prior_rationale,recovered,HUMAN_REVIEW,0,0,0,0,0,1,0,0,0,1,0,0,0,,,,
Phi-4-mini,mlx-community/Phi-4-mini-instruct-mlx-4Bit,d848c30f6d5419b9892433cf6b1062626d15340e,accessible_transport-valid-2,accessible_transport-valid-2--policy_first,accessible_transport,policy_first,valid,ELIGIBLE,evidence_checklist,recovered,ELIGIBLE,37,3,0,1,1,1,1,1,0,0,0,0,0,,,,
Phi-4-mini,mlx-community/Phi-4-mini-instruct-mlx-4Bit,d848c30f6d5419b9892433cf6b1062626d15340e,accessible_transport-valid-2,accessible_transport-valid-2--policy_first,accessible_transport,policy_first,valid,ELIGIBLE,commit_then_review,recovered,NEED_INFORMATION,0,0,0,0,0,1,0,0,0,1,0,0,0,0,0,0,0
Phi-4-mini,mlx-community/Phi-4-mini-instruct-mlx-4Bit,d848c30f6d5419b9892433cf6b1062626d15340e,accessible_transport-valid-2,accessible_transport-valid-2--record_first,accessible_transport,record_first,valid,ELIGIBLE,independent_review,recovered,ELIGIBLE,37,3,0,1,1,1,1,1,0,0,0,0,0,,,,
Phi-4-mini,mlx-community/Phi-4-mini-instruct-mlx-4Bit,d848c30f6d5419b9892433cf6b1062626d15340e,accessible_transport-valid-2,accessible_transport-valid-2--record_first,accessible_transport,record_first,valid,ELIGIBLE,prior_rationale,recovered,ELIGIBLE,37,3,0,1,1,1,1,1,0,0,0,0,0,,,,
Phi-4-mini,mlx-community/Phi-4-mini-instruct-mlx-4Bit,d848c30f6d5419b9892433cf6b1062626d15340e,accessible_transport-valid-2,accessible_transport-valid-2--record_first,accessible_transport,record_first,valid,ELIGIBLE,evidence_checklist,recovered,ELIGIBLE,0,0,0,1,1,1,0,0,0,0,0,0,0,,,,
Phi-4-mini,mlx-community/Phi-4-mini-instruct-mlx-4Bit,d848c30f6d5419b9892433cf6b1062626d15340e,accessible_transport-valid-2,accessible_transport-valid-2--record_first,accessible_transport,record_first,valid,ELIGIBLE,commit_then_review,recovered,ELIGIBLE,242,36,0,1,1,1,1,1,0,0,0,0,0,0,0,0,1
Phi-4-mini,mlx-community/Phi-4-mini-instruct-mlx-4Bit,d848c30f6d5419b9892433cf6b1062626d15340e,accessible_transport-valid-3,accessible_transport-valid-3--policy_first,accessible_transport,policy_first,valid,ELIGIBLE,independent_review,recovered,NEED_INFORMATION,0,0,0,0,0,1,0,0,0,1,0,0,0,,,,
Phi-4-mini,mlx-community/Phi-4-mini-instruct-mlx-4Bit,d848c30f6d5419b9892433cf6b1062626d15340e,accessible_transport-valid-3,accessible_transport-valid-3--policy_first,accessible_transport,policy_first,valid,ELIGIBLE,prior_rationale,recovered,HUMAN_REVIEW,0,0,0,0,0,1,0,0,0,1,0,0,0,,,,
Phi-4-mini,mlx-community/Phi-4-mini-instruct-mlx-4Bit,d848c30f6d5419b9892433cf6b1062626d15340e,accessible_transport-valid-3,accessible_transport-valid-3--policy_first,accessible_transport,policy_first,valid,ELIGIBLE,evidence_checklist,recovered,ELIGIBLE,37,3,0,1,1,1,1,1,0,0,0,0,0,,,,
Phi-4-mini,mlx-community/Phi-4-mini-instruct-mlx-4Bit,d848c30f6d5419b9892433cf6b1062626d15340e,accessible_transport-valid-3,accessible_transport-valid-3--policy_first,accessible_transport,policy_first,valid,ELIGIBLE,commit_then_review,recovered,NEED_INFORMATION,0,0,0,0,0,1,0,0,0,1,0,0,0,0,0,0,0
Phi-4-mini,mlx-community/Phi-4-mini-instruct-mlx-4Bit,d848c30f6d5419b9892433cf6b1062626d15340e,accessible_transport-valid-3,accessible_transport-valid-3--record_first,accessible_transport,record_first,valid,ELIGIBLE,independent_review,recovered,ELIGIBLE,37,3,0,1,1,1,1,1,0,0,0,0,0,,,,
Phi-4-mini,mlx-community/Phi-4-mini-instruct-mlx-4Bit,d848c30f6d5419b9892433cf6b1062626d15340e,accessible_transport-valid-3,accessible_transport-valid-3--record_first,accessible_transport,record_first,valid,ELIGIBLE,prior_rationale,recovered,ELIGIBLE,37,3,0,1,1,1,1,1,0,0,0,0,0,,,,
Phi-4-mini,mlx-community/Phi-4-mini-instruct-mlx-4Bit,d848c30f6d5419b9892433cf6b1062626d15340e,accessible_transport-valid-3,accessible_transport-valid-3--record_first,accessible_transport,record_first,valid,ELIGIBLE,evidence_checklist,recovered,ELIGIBLE,0,0,0,1,1,1,0,0,0,0,0,0,0,,,,
Phi-4-mini,mlx-community/Phi-4-mini-instruct-mlx-4Bit,d848c30f6d5419b9892433cf6b1062626d15340e,accessible_transport-valid-3,accessible_transport-valid-3--record_first,accessible_transport,record_first,valid,ELIGIBLE,commit_then_review,recovered,ELIGIBLE,236,36,0,1,1,1,1,1,0,0,0,0,0,0,0,0,1
Phi-4-mini,mlx-community/Phi-4-mini-instruct-mlx-4Bit,d848c30f6d5419b9892433cf6b1062626d15340e,accessible_transport-invalid-1,accessible_transport-invalid-1--policy_first,accessible_transport,policy_first,invalid,INELIGIBLE,independent_review,recovered,NEED_INFORMATION,0,0,0,0,0,1,0,0,0,0,0,0,0,,,,
Phi-4-mini,mlx-community/Phi-4-mini-instruct-mlx-4Bit,d848c30f6d5419b9892433cf6b1062626d15340e,accessible_transport-invalid-1,accessible_transport-invalid-1--policy_first,accessible_transport,policy_first,invalid,INELIGIBLE,prior_rationale,recovered,INELIGIBLE,172,28,0,1,0,0,0,1,0,0,0,0,0,,,,
Phi-4-mini,mlx-community/Phi-4-mini-instruct-mlx-4Bit,d848c30f6d5419b9892433cf6b1062626d15340e,accessible_transport-invalid-1,accessible_transport-invalid-1--policy_first,accessible_transport,policy_first,invalid,INELIGIBLE,evidence_checklist,recovered,INELIGIBLE,261,39,0,1,0,0,0,1,0,0,0,0,0,,,,
Phi-4-mini,mlx-community/Phi-4-mini-instruct-mlx-4Bit,d848c30f6d5419b9892433cf6b1062626d15340e,accessible_transport-invalid-1,accessible_transport-invalid-1--policy_first,accessible_transport,policy_first,invalid,INELIGIBLE,commit_then_review,recovered,NEED_INFORMATION,0,0,0,0,0,1,0,0,0,0,0,0,0,0,0,0,0
Phi-4-mini,mlx-community/Phi-4-mini-instruct-mlx-4Bit,d848c30f6d5419b9892433cf6b1062626d15340e,accessible_transport-invalid-1,accessible_transport-invalid-1--record_first,accessible_transport,record_first,invalid,INELIGIBLE,independent_review,recovered,NEED_INFORMATION,0,0,0,0,0,1,0,0,0,0,0,0,0,,,,
Phi-4-mini,mlx-community/Phi-4-mini-instruct-mlx-4Bit,d848c30f6d5419b9892433cf6b1062626d15340e,accessible_transport-invalid-1,accessible_transport-invalid-1--record_first,accessible_transport,record_first,invalid,INELIGIBLE,prior_rationale,recovered,INELIGIBLE,197,33,0,1,0,1,0,1,0,0,0,0,0,,,,
Phi-4-mini,mlx-community/Phi-4-mini-instruct-mlx-4Bit,d848c30f6d5419b9892433cf6b1062626d15340e,accessible_transport-invalid-1,accessible_transport-invalid-1--record_first,accessible_transport,record_first,invalid,INELIGIBLE,evidence_checklist,recovered,INELIGIBLE,229,36,0,1,0,1,0,1,0,0,0,0,0,,,,
Phi-4-mini,mlx-community/Phi-4-mini-instruct-mlx-4Bit,d848c30f6d5419b9892433cf6b1062626d15340e,accessible_transport-invalid-1,accessible_transport-invalid-1--record_first,accessible_transport,record_first,invalid,INELIGIBLE,commit_then_review,recovered,NEED_INFORMATION,0,0,0,0,0,1,0,0,0,0,0,0,0,0,0,0,0
Phi-4-mini,mlx-community/Phi-4-mini-instruct-mlx-4Bit,d848c30f6d5419b9892433cf6b1062626d15340e,accessible_transport-invalid-2,accessible_transport-invalid-2--policy_first,accessible_transport,policy_first,invalid,INELIGIBLE,independent_review,recovered,NEED_INFORMATION,0,0,0,0,0,1,0,0,0,0,0,0,0,,,,
Phi-4-mini,mlx-community/Phi-4-mini-instruct-mlx-4Bit,d848c30f6d5419b9892433cf6b1062626d15340e,accessible_transport-invalid-2,accessible_transport-invalid-2--policy_first,accessible_transport,policy_first,invalid,INELIGIBLE,prior_rationale,recovered,INELIGIBLE,172,28,0,1,0,0,0,1,0,0,0,0,0,,,,
Phi-4-mini,mlx-community/Phi-4-mini-instruct-mlx-4Bit,d848c30f6d5419b9892433cf6b1062626d15340e,accessible_transport-invalid-2,accessible_transport-invalid-2--policy_first,accessible_transport,policy_first,invalid,INELIGIBLE,evidence_checklist,strict,INELIGIBLE,0,0,0,1,0,1,0,0,0,0,0,0,0,,,,
Phi-4-mini,mlx-community/Phi-4-mini-instruct-mlx-4Bit,d848c30f6d5419b9892433cf6b1062626d15340e,accessible_transport-invalid-2,accessible_transport-invalid-2--policy_first,accessible_transport,policy_first,invalid,INELIGIBLE,commit_then_review,recovered,NEED_INFORMATION,0,0,0,0,0,1,0,0,0,0,0,0,0,0,0,0,0
Phi-4-mini,mlx-community/Phi-4-mini-instruct-mlx-4Bit,d848c30f6d5419b9892433cf6b1062626d15340e,accessible_transport-invalid-2,accessible_transport-invalid-2--record_first,accessible_transport,record_first,invalid,INELIGIBLE,independent_review,recovered,INELIGIBLE,0,0,0,1,1,1,0,0,0,0,0,0,0,,,,
Phi-4-mini,mlx-community/Phi-4-mini-instruct-mlx-4Bit,d848c30f6d5419b9892433cf6b1062626d15340e,accessible_transport-invalid-2,accessible_transport-invalid-2--record_first,accessible_transport,record_first,invalid,INELIGIBLE,prior_rationale,recovered,INELIGIBLE,189,30,0,1,0,1,0,1,0,0,0,0,0,,,,
Phi-4-mini,mlx-community/Phi-4-mini-instruct-mlx-4Bit,d848c30f6d5419b9892433cf6b1062626d15340e,accessible_transport-invalid-2,accessible_transport-invalid-2--record_first,accessible_transport,record_first,invalid,INELIGIBLE,evidence_checklist,recovered,INELIGIBLE,0,0,0,1,0,1,0,0,0,0,0,0,0,,,,
Phi-4-mini,mlx-community/Phi-4-mini-instruct-mlx-4Bit,d848c30f6d5419b9892433cf6b1062626d15340e,accessible_transport-invalid-2,accessible_transport-invalid-2--record_first,accessible_transport,record_first,invalid,INELIGIBLE,commit_then_review,recovered,NEED_INFORMATION,0,0,0,0,0,1,0,0,0,0,0,0,0,0,0,0,0
Phi-4-mini,mlx-community/Phi-4-mini-instruct-mlx-4Bit,d848c30f6d5419b9892433cf6b1062626d15340e,accessible_transport-invalid-3,accessible_transport-invalid-3--policy_first,accessible_transport,policy_first,invalid,INELIGIBLE,independent_review,recovered,NEED_INFORMATION,0,0,0,0,0,1,0,0,0,0,0,0,0,,,,
Phi-4-mini,mlx-community/Phi-4-mini-instruct-mlx-4Bit,d848c30f6d5419b9892433cf6b1062626d15340e,accessible_transport-invalid-3,accessible_transport-invalid-3--policy_first,accessible_transport,policy_first,invalid,INELIGIBLE,prior_rationale,recovered,INELIGIBLE,189,31,0,1,0,0,0,1,0,0,0,0,0,,,,
Phi-4-mini,mlx-community/Phi-4-mini-instruct-mlx-4Bit,d848c30f6d5419b9892433cf6b1062626d15340e,accessible_transport-invalid-3,accessible_transport-invalid-3--policy_first,accessible_transport,policy_first,invalid,INELIGIBLE,evidence_checklist,strict,INELIGIBLE,0,0,0,1,0,1,0,0,0,0,0,0,0,,,,
Phi-4-mini,mlx-community/Phi-4-mini-instruct-mlx-4Bit,d848c30f6d5419b9892433cf6b1062626d15340e,accessible_transport-invalid-3,accessible_transport-invalid-3--policy_first,accessible_transport,policy_first,invalid,INELIGIBLE,commit_then_review,recovered,NEED_INFORMATION,0,0,0,0,0,1,0,0,0,0,0,0,0,0,0,0,0
Phi-4-mini,mlx-community/Phi-4-mini-instruct-mlx-4Bit,d848c30f6d5419b9892433cf6b1062626d15340e,accessible_transport-invalid-3,accessible_transport-invalid-3--record_first,accessible_transport,record_first,invalid,INELIGIBLE,independent_review,recovered,INELIGIBLE,184,31,0,1,0,0,0,1,0,0,0,0,0,,,,
Phi-4-mini,mlx-community/Phi-4-mini-instruct-mlx-4Bit,d848c30f6d5419b9892433cf6b1062626d15340e,accessible_transport-invalid-3,accessible_transport-invalid-3--record_first,accessible_transport,record_first,invalid,INELIGIBLE,prior_rationale,recovered,INELIGIBLE,179,29,0,1,0,0,0,1,0,0,0,0,0,,,,
Phi-4-mini,mlx-community/Phi-4-mini-instruct-mlx-4Bit,d848c30f6d5419b9892433cf6b1062626d15340e,accessible_transport-invalid-3,accessible_transport-invalid-3--record_first,accessible_transport,record_first,invalid,INELIGIBLE,evidence_checklist,recovered,INELIGIBLE,176,29,0,1,0,0,0,1,0,0,0,0,0,,,,
Phi-4-mini,mlx-community/Phi-4-mini-instruct-mlx-4Bit,d848c30f6d5419b9892433cf6b1062626d15340e,accessible_transport-invalid-3,accessible_transport-invalid-3--record_first,accessible_transport,record_first,invalid,INELIGIBLE,commit_then_review,recovered,NEED_INFORMATION,0,0,0,0,0,1,0,0,0,0,0,0,0,0,0,0,0
Phi-4-mini,mlx-community/Phi-4-mini-instruct-mlx-4Bit,d848c30f6d5419b9892433cf6b1062626d15340e,accessible_transport-incomplete-1,accessible_transport-incomplete-1--policy_first,accessible_transport,policy_first,incomplete,NEED_INFORMATION,independent_review,recovered,NEED_INFORMATION,0,0,0,1,1,1,0,0,0,0,0,1,0,,,,
Phi-4-mini,mlx-community/Phi-4-mini-instruct-mlx-4Bit,d848c30f6d5419b9892433cf6b1062626d15340e,accessible_transport-incomplete-1,accessible_transport-incomplete-1--policy_first,accessible_transport,policy_first,incomplete,NEED_INFORMATION,prior_rationale,recovered,NEED_INFORMATION,0,0,0,1,1,1,0,0,0,0,0,1,0,,,,
Phi-4-mini,mlx-community/Phi-4-mini-instruct-mlx-4Bit,d848c30f6d5419b9892433cf6b1062626d15340e,accessible_transport-incomplete-1,accessible_transport-incomplete-1--policy_first,accessible_transport,policy_first,incomplete,NEED_INFORMATION,evidence_checklist,recovered,INELIGIBLE,37,3,0,0,0,1,0,1,0,0,0,0,0,,,,
Phi-4-mini,mlx-community/Phi-4-mini-instruct-mlx-4Bit,d848c30f6d5419b9892433cf6b1062626d15340e,accessible_transport-incomplete-1,accessible_transport-incomplete-1--policy_first,accessible_transport,policy_first,incomplete,NEED_INFORMATION,commit_then_review,recovered,NEED_INFORMATION,0,0,0,1,1,1,0,0,0,0,0,1,0,0,0,0,1
Phi-4-mini,mlx-community/Phi-4-mini-instruct-mlx-4Bit,d848c30f6d5419b9892433cf6b1062626d15340e,accessible_transport-incomplete-1,accessible_transport-incomplete-1--record_first,accessible_transport,record_first,incomplete,NEED_INFORMATION,independent_review,recovered,NEED_INFORMATION,0,0,0,1,1,1,0,0,0,0,0,1,0,,,,
Phi-4-mini,mlx-community/Phi-4-mini-instruct-mlx-4Bit,d848c30f6d5419b9892433cf6b1062626d15340e,accessible_transport-incomplete-1,accessible_transport-incomplete-1--record_first,accessible_transport,record_first,incomplete,NEED_INFORMATION,prior_rationale,recovered,HUMAN_REVIEW,270,41,0,0,0,0,0,1,0,0,0,0,0,,,,
Phi-4-mini,mlx-community/Phi-4-mini-instruct-mlx-4Bit,d848c30f6d5419b9892433cf6b1062626d15340e,accessible_transport-incomplete-1,accessible_transport-incomplete-1--record_first,accessible_transport,record_first,incomplete,NEED_INFORMATION,evidence_checklist,recovered,INELIGIBLE,0,0,0,0,0,1,0,0,0,0,0,0,0,,,,
Phi-4-mini,mlx-community/Phi-4-mini-instruct-mlx-4Bit,d848c30f6d5419b9892433cf6b1062626d15340e,accessible_transport-incomplete-1,accessible_transport-incomplete-1--record_first,accessible_transport,record_first,incomplete,NEED_INFORMATION,commit_then_review,recovered,NEED_INFORMATION,0,0,0,1,1,1,0,0,0,0,0,1,0,0,0,0,1
Phi-4-mini,mlx-community/Phi-4-mini-instruct-mlx-4Bit,d848c30f6d5419b9892433cf6b1062626d15340e,accessible_transport-incomplete-2,accessible_transport-incomplete-2--policy_first,accessible_transport,policy_first,incomplete,NEED_INFORMATION,independent_review,recovered,NEED_INFORMATION,0,0,0,1,1,1,0,0,0,0,0,1,0,,,,
Phi-4-mini,mlx-community/Phi-4-mini-instruct-mlx-4Bit,d848c30f6d5419b9892433cf6b1062626d15340e,accessible_transport-incomplete-2,accessible_transport-incomplete-2--policy_first,accessible_transport,policy_first,incomplete,NEED_INFORMATION,prior_rationale,recovered,NEED_INFORMATION,0,0,0,1,1,1,0,0,0,0,0,1,0,,,,
Phi-4-mini,mlx-community/Phi-4-mini-instruct-mlx-4Bit,d848c30f6d5419b9892433cf6b1062626d15340e,accessible_transport-incomplete-2,accessible_transport-incomplete-2--policy_first,accessible_transport,policy_first,incomplete,NEED_INFORMATION,evidence_checklist,recovered,NEED_INFORMATION,0,0,0,1,1,1,0,0,0,0,0,1,0,,,,
Phi-4-mini,mlx-community/Phi-4-mini-instruct-mlx-4Bit,d848c30f6d5419b9892433cf6b1062626d15340e,accessible_transport-incomplete-2,accessible_transport-incomplete-2--policy_first,accessible_transport,policy_first,incomplete,NEED_INFORMATION,commit_then_review,recovered,NEED_INFORMATION,0,0,0,1,1,1,0,0,0,0,0,1,0,0,0,0,1
Phi-4-mini,mlx-community/Phi-4-mini-instruct-mlx-4Bit,d848c30f6d5419b9892433cf6b1062626d15340e,accessible_transport-incomplete-2,accessible_transport-incomplete-2--record_first,accessible_transport,record_first,incomplete,NEED_INFORMATION,independent_review,recovered,NEED_INFORMATION,0,0,0,1,1,1,0,0,0,0,0,1,0,,,,
Phi-4-mini,mlx-community/Phi-4-mini-instruct-mlx-4Bit,d848c30f6d5419b9892433cf6b1062626d15340e,accessible_transport-incomplete-2,accessible_transport-incomplete-2--record_first,accessible_transport,record_first,incomplete,NEED_INFORMATION,prior_rationale,recovered,HUMAN_REVIEW,270,41,0,0,0,0,0,1,0,0,0,0,0,,,,
Phi-4-mini,mlx-community/Phi-4-mini-instruct-mlx-4Bit,d848c30f6d5419b9892433cf6b1062626d15340e,accessible_transport-incomplete-2,accessible_transport-incomplete-2--record_first,accessible_transport,record_first,incomplete,NEED_INFORMATION,evidence_checklist,recovered,INELIGIBLE,0,0,0,0,0,1,0,0,0,0,0,0,0,,,,
Phi-4-mini,mlx-community/Phi-4-mini-instruct-mlx-4Bit,d848c30f6d5419b9892433cf6b1062626d15340e,accessible_transport-incomplete-2,accessible_transport-incomplete-2--record_first,accessible_transport,record_first,incomplete,NEED_INFORMATION,commit_then_review,recovered,NEED_INFORMATION,0,0,0,1,1,1,0,0,0,0,0,1,0,0,0,0,1
Phi-4-mini,mlx-community/Phi-4-mini-instruct-mlx-4Bit,d848c30f6d5419b9892433cf6b1062626d15340e,accessible_transport-incomplete-3,accessible_transport-incomplete-3--policy_first,accessible_transport,policy_first,incomplete,NEED_INFORMATION,independent_review,recovered,NEED_INFORMATION,0,0,0,1,1,1,0,0,0,0,0,1,0,,,,
Phi-4-mini,mlx-community/Phi-4-mini-instruct-mlx-4Bit,d848c30f6d5419b9892433cf6b1062626d15340e,accessible_transport-incomplete-3,accessible_transport-incomplete-3--policy_first,accessible_transport,policy_first,incomplete,NEED_INFORMATION,prior_rationale,recovered,NEED_INFORMATION,0,0,0,1,1,1,0,0,0,0,0,1,0,,,,
Phi-4-mini,mlx-community/Phi-4-mini-instruct-mlx-4Bit,d848c30f6d5419b9892433cf6b1062626d15340e,accessible_transport-incomplete-3,accessible_transport-incomplete-3--policy_first,accessible_transport,policy_first,incomplete,NEED_INFORMATION,evidence_checklist,recovered,NEED_INFORMATION,0,0,0,1,1,1,0,0,0,0,0,1,0,,,,
Phi-4-mini,mlx-community/Phi-4-mini-instruct-mlx-4Bit,d848c30f6d5419b9892433cf6b1062626d15340e,accessible_transport-incomplete-3,accessible_transport-incomplete-3--policy_first,accessible_transport,policy_first,incomplete,NEED_INFORMATION,commit_then_review,recovered,NEED_INFORMATION,0,0,0,1,1,1,0,0,0,0,0,1,0,0,0,0,1
Phi-4-mini,mlx-community/Phi-4-mini-instruct-mlx-4Bit,d848c30f6d5419b9892433cf6b1062626d15340e,accessible_transport-incomplete-3,accessible_transport-incomplete-3--record_first,accessible_transport,record_first,incomplete,NEED_INFORMATION,independent_review,recovered,NEED_INFORMATION,0,0,0,1,1,1,0,0,0,0,0,1,0,,,,
Phi-4-mini,mlx-community/Phi-4-mini-instruct-mlx-4Bit,d848c30f6d5419b9892433cf6b1062626d15340e,accessible_transport-incomplete-3,accessible_transport-incomplete-3--record_first,accessible_transport,record_first,incomplete,NEED_INFORMATION,prior_rationale,recovered,HUMAN_REVIEW,174,30,0,0,0,0,0,1,0,0,0,0,0,,,,
Phi-4-mini,mlx-community/Phi-4-mini-instruct-mlx-4Bit,d848c30f6d5419b9892433cf6b1062626d15340e,accessible_transport-incomplete-3,accessible_transport-incomplete-3--record_first,accessible_transport,record_first,incomplete,NEED_INFORMATION,evidence_checklist,recovered,INELIGIBLE,0,0,0,0,0,1,0,0,0,0,0,0,0,,,,
Phi-4-mini,mlx-community/Phi-4-mini-instruct-mlx-4Bit,d848c30f6d5419b9892433cf6b1062626d15340e,accessible_transport-incomplete-3,accessible_transport-incomplete-3--record_first,accessible_transport,record_first,incomplete,NEED_INFORMATION,commit_then_review,recovered,NEED_INFORMATION,0,0,0,1,1,1,0,0,0,0,0,1,0,0,0,0,1
Phi-4-mini,mlx-community/Phi-4-mini-instruct-mlx-4Bit,d848c30f6d5419b9892433cf6b1062626d15340e,accessible_transport-conflict-1,accessible_transport-conflict-1--policy_first,accessible_transport,policy_first,conflict,HUMAN_REVIEW,independent_review,recovered,NEED_INFORMATION,0,0,0,0,0,1,0,0,0,0,0,0,0,,,,
Phi-4-mini,mlx-community/Phi-4-mini-instruct-mlx-4Bit,d848c30f6d5419b9892433cf6b1062626d15340e,accessible_transport-conflict-1,accessible_transport-conflict-1--policy_first,accessible_transport,policy_first,conflict,HUMAN_REVIEW,prior_rationale,recovered,ELIGIBLE,0,0,0,0,0,0,0,0,0,0,0,0,0,,,,
Phi-4-mini,mlx-community/Phi-4-mini-instruct-mlx-4Bit,d848c30f6d5419b9892433cf6b1062626d15340e,accessible_transport-conflict-1,accessible_transport-conflict-1--policy_first,accessible_transport,policy_first,conflict,HUMAN_REVIEW,evidence_checklist,recovered,ELIGIBLE,0,0,0,0,0,0,0,0,0,0,0,0,0,,,,
Phi-4-mini,mlx-community/Phi-4-mini-instruct-mlx-4Bit,d848c30f6d5419b9892433cf6b1062626d15340e,accessible_transport-conflict-1,accessible_transport-conflict-1--policy_first,accessible_transport,policy_first,conflict,HUMAN_REVIEW,commit_then_review,recovered,NEED_INFORMATION,0,0,0,0,0,1,0,0,0,0,0,0,0,0,0,0,0
Phi-4-mini,mlx-community/Phi-4-mini-instruct-mlx-4Bit,d848c30f6d5419b9892433cf6b1062626d15340e,accessible_transport-conflict-1,accessible_transport-conflict-1--record_first,accessible_transport,record_first,conflict,HUMAN_REVIEW,independent_review,recovered,HUMAN_REVIEW,0,0,0,1,1,1,0,0,0,0,0,0,1,,,,
Phi-4-mini,mlx-community/Phi-4-mini-instruct-mlx-4Bit,d848c30f6d5419b9892433cf6b1062626d15340e,accessible_transport-conflict-1,accessible_transport-conflict-1--record_first,accessible_transport,record_first,conflict,HUMAN_REVIEW,prior_rationale,recovered,HUMAN_REVIEW,0,0,0,1,1,0,0,0,0,0,0,0,1,,,,
Phi-4-mini,mlx-community/Phi-4-mini-instruct-mlx-4Bit,d848c30f6d5419b9892433cf6b1062626d15340e,accessible_transport-conflict-1,accessible_transport-conflict-1--record_first,accessible_transport,record_first,conflict,HUMAN_REVIEW,evidence_checklist,recovered,INELIGIBLE,173,28,0,0,0,0,0,1,0,0,0,0,0,,,,
Phi-4-mini,mlx-community/Phi-4-mini-instruct-mlx-4Bit,d848c30f6d5419b9892433cf6b1062626d15340e,accessible_transport-conflict-1,accessible_transport-conflict-1--record_first,accessible_transport,record_first,conflict,HUMAN_REVIEW,commit_then_review,recovered,HUMAN_REVIEW,0,0,0,1,1,1,0,0,0,0,0,0,1,0,0,0,1
Phi-4-mini,mlx-community/Phi-4-mini-instruct-mlx-4Bit,d848c30f6d5419b9892433cf6b1062626d15340e,accessible_transport-conflict-2,accessible_transport-conflict-2--policy_first,accessible_transport,policy_first,conflict,HUMAN_REVIEW,independent_review,recovered,NEED_INFORMATION,0,0,0,0,0,1,0,0,0,0,0,0,0,,,,
Phi-4-mini,mlx-community/Phi-4-mini-instruct-mlx-4Bit,d848c30f6d5419b9892433cf6b1062626d15340e,accessible_transport-conflict-2,accessible_transport-conflict-2--policy_first,accessible_transport,policy_first,conflict,HUMAN_REVIEW,prior_rationale,recovered,ELIGIBLE,0,0,0,0,0,0,0,0,0,0,0,0,0,,,,
Phi-4-mini,mlx-community/Phi-4-mini-instruct-mlx-4Bit,d848c30f6d5419b9892433cf6b1062626d15340e,accessible_transport-conflict-2,accessible_transport-conflict-2--policy_first,accessible_transport,policy_first,conflict,HUMAN_REVIEW,evidence_checklist,recovered,ELIGIBLE,0,0,0,0,0,0,0,0,0,0,0,0,0,,,,
Phi-4-mini,mlx-community/Phi-4-mini-instruct-mlx-4Bit,d848c30f6d5419b9892433cf6b1062626d15340e,accessible_transport-conflict-2,accessible_transport-conflict-2--policy_first,accessible_transport,policy_first,conflict,HUMAN_REVIEW,commit_then_review,recovered,NEED_INFORMATION,0,0,0,0,0,1,0,0,0,0,0,0,0,0,0,0,0
Phi-4-mini,mlx-community/Phi-4-mini-instruct-mlx-4Bit,d848c30f6d5419b9892433cf6b1062626d15340e,accessible_transport-conflict-2,accessible_transport-conflict-2--record_first,accessible_transport,record_first,conflict,HUMAN_REVIEW,independent_review,recovered,HUMAN_REVIEW,0,0,0,1,1,1,0,0,0,0,0,0,1,,,,
Phi-4-mini,mlx-community/Phi-4-mini-instruct-mlx-4Bit,d848c30f6d5419b9892433cf6b1062626d15340e,accessible_transport-conflict-2,accessible_transport-conflict-2--record_first,accessible_transport,record_first,conflict,HUMAN_REVIEW,prior_rationale,recovered,HUMAN_REVIEW,0,0,0,1,1,0,0,0,0,0,0,0,1,,,,
Phi-4-mini,mlx-community/Phi-4-mini-instruct-mlx-4Bit,d848c30f6d5419b9892433cf6b1062626d15340e,accessible_transport-conflict-2,accessible_transport-conflict-2--record_first,accessible_transport,record_first,conflict,HUMAN_REVIEW,evidence_checklist,recovered,INELIGIBLE,173,28,0,0,0,0,0,1,0,0,0,0,0,,,,
Phi-4-mini,mlx-community/Phi-4-mini-instruct-mlx-4Bit,d848c30f6d5419b9892433cf6b1062626d15340e,accessible_transport-conflict-2,accessible_transport-conflict-2--record_first,accessible_transport,record_first,conflict,HUMAN_REVIEW,commit_then_review,recovered,HUMAN_REVIEW,0,0,0,1,1,1,0,0,0,0,0,0,1,0,0,0,1
Phi-4-mini,mlx-community/Phi-4-mini-instruct-mlx-4Bit,d848c30f6d5419b9892433cf6b1062626d15340e,accessible_transport-conflict-3,accessible_transport-conflict-3--policy_first,accessible_transport,policy_first,conflict,HUMAN_REVIEW,independent_review,recovered,NEED_INFORMATION,0,0,0,0,0,1,0,0,0,0,0,0,0,,,,
Phi-4-mini,mlx-community/Phi-4-mini-instruct-mlx-4Bit,d848c30f6d5419b9892433cf6b1062626d15340e,accessible_transport-conflict-3,accessible_transport-conflict-3--policy_first,accessible_transport,policy_first,conflict,HUMAN_REVIEW,prior_rationale,recovered,ELIGIBLE,37,3,0,0,0,0,0,1,0,0,0,0,0,,,,
Phi-4-mini,mlx-community/Phi-4-mini-instruct-mlx-4Bit,d848c30f6d5419b9892433cf6b1062626d15340e,accessible_transport-conflict-3,accessible_transport-conflict-3--policy_first,accessible_transport,policy_first,conflict,HUMAN_REVIEW,evidence_checklist,recovered,ELIGIBLE,0,0,0,0,0,0,0,0,0,0,0,0,0,,,,
Phi-4-mini,mlx-community/Phi-4-mini-instruct-mlx-4Bit,d848c30f6d5419b9892433cf6b1062626d15340e,accessible_transport-conflict-3,accessible_transport-conflict-3--policy_first,accessible_transport,policy_first,conflict,HUMAN_REVIEW,commit_then_review,recovered,NEED_INFORMATION,0,0,0,0,0,1,0,0,0,0,0,0,0,0,0,0,0
Phi-4-mini,mlx-community/Phi-4-mini-instruct-mlx-4Bit,d848c30f6d5419b9892433cf6b1062626d15340e,accessible_transport-conflict-3,accessible_transport-conflict-3--record_first,accessible_transport,record_first,conflict,HUMAN_REVIEW,independent_review,recovered,HUMAN_REVIEW,0,0,0,1,1,1,0,0,0,0,0,0,1,,,,
Phi-4-mini,mlx-community/Phi-4-mini-instruct-mlx-4Bit,d848c30f6d5419b9892433cf6b1062626d15340e,accessible_transport-conflict-3,accessible_transport-conflict-3--record_first,accessible_transport,record_first,conflict,HUMAN_REVIEW,prior_rationale,recovered,HUMAN_REVIEW,0,0,0,1,1,0,0,0,0,0,0,0,1,,,,
Phi-4-mini,mlx-community/Phi-4-mini-instruct-mlx-4Bit,d848c30f6d5419b9892433cf6b1062626d15340e,accessible_transport-conflict-3,accessible_transport-conflict-3--record_first,accessible_transport,record_first,conflict,HUMAN_REVIEW,evidence_checklist,recovered,INELIGIBLE,173,28,0,0,0,0,0,1,0,0,0,0,0,,,,
Phi-4-mini,mlx-community/Phi-4-mini-instruct-mlx-4Bit,d848c30f6d5419b9892433cf6b1062626d15340e,accessible_transport-conflict-3,accessible_transport-conflict-3--record_first,accessible_transport,record_first,conflict,HUMAN_REVIEW,commit_then_review,recovered,HUMAN_REVIEW,0,0,0,1,1,1,0,0,0,0,0,0,1,0,0,0,1
Phi-4-mini,mlx-community/Phi-4-mini-instruct-mlx-4Bit,d848c30f6d5419b9892433cf6b1062626d15340e,document_support-valid-1,document_support-valid-1--policy_first,document_support,policy_first,valid,ELIGIBLE,independent_review,recovered,NEED_INFORMATION,0,0,0,0,0,1,0,0,0,1,0,0,0,,,,
Phi-4-mini,mlx-community/Phi-4-mini-instruct-mlx-4Bit,d848c30f6d5419b9892433cf6b1062626d15340e,document_support-valid-1,document_support-valid-1--policy_first,document_support,policy_first,valid,ELIGIBLE,prior_rationale,recovered,NEED_INFORMATION,0,0,0,0,0,1,0,0,0,1,0,0,0,,,,
Phi-4-mini,mlx-community/Phi-4-mini-instruct-mlx-4Bit,d848c30f6d5419b9892433cf6b1062626d15340e,document_support-valid-1,document_support-valid-1--policy_first,document_support,policy_first,valid,ELIGIBLE,evidence_checklist,recovered,INELIGIBLE,196,32,0,0,1,1,0,1,0,1,0,0,0,,,,
Phi-4-mini,mlx-community/Phi-4-mini-instruct-mlx-4Bit,d848c30f6d5419b9892433cf6b1062626d15340e,document_support-valid-1,document_support-valid-1--policy_first,document_support,policy_first,valid,ELIGIBLE,commit_then_review,recovered,NEED_INFORMATION,0,0,0,0,0,1,0,0,0,1,0,0,0,0,0,0,0
Phi-4-mini,mlx-community/Phi-4-mini-instruct-mlx-4Bit,d848c30f6d5419b9892433cf6b1062626d15340e,document_support-valid-1,document_support-valid-1--record_first,document_support,record_first,valid,ELIGIBLE,independent_review,recovered,ELIGIBLE,0,0,0,1,1,1,0,0,0,0,0,0,0,,,,
Phi-4-mini,mlx-community/Phi-4-mini-instruct-mlx-4Bit,d848c30f6d5419b9892433cf6b1062626d15340e,document_support-valid-1,document_support-valid-1--record_first,document_support,record_first,valid,ELIGIBLE,prior_rationale,recovered,ELIGIBLE,37,3,0,1,1,1,1,1,0,0,0,0,0,,,,
Phi-4-mini,mlx-community/Phi-4-mini-instruct-mlx-4Bit,d848c30f6d5419b9892433cf6b1062626d15340e,document_support-valid-1,document_support-valid-1--record_first,document_support,record_first,valid,ELIGIBLE,evidence_checklist,recovered,ELIGIBLE,0,0,0,1,1,1,0,0,0,0,0,0,0,,,,
Phi-4-mini,mlx-community/Phi-4-mini-instruct-mlx-4Bit,d848c30f6d5419b9892433cf6b1062626d15340e,document_support-valid-1,document_support-valid-1--record_first,document_support,record_first,valid,ELIGIBLE,commit_then_review,recovered,ELIGIBLE,0,0,0,1,1,1,0,0,0,0,0,0,0,0,0,0,1
Phi-4-mini,mlx-community/Phi-4-mini-instruct-mlx-4Bit,d848c30f6d5419b9892433cf6b1062626d15340e,document_support-valid-2,document_support-valid-2--policy_first,document_support,policy_first,valid,ELIGIBLE,independent_review,recovered,NEED_INFORMATION,0,0,0,0,0,1,0,0,0,1,0,0,0,,,,
Phi-4-mini,mlx-community/Phi-4-mini-instruct-mlx-4Bit,d848c30f6d5419b9892433cf6b1062626d15340e,document_support-valid-2,document_support-valid-2--policy_first,document_support,policy_first,valid,ELIGIBLE,prior_rationale,recovered,NEED_INFORMATION,0,0,0,0,0,1,0,0,0,1,0,0,0,,,,
Phi-4-mini,mlx-community/Phi-4-mini-instruct-mlx-4Bit,d848c30f6d5419b9892433cf6b1062626d15340e,document_support-valid-2,document_support-valid-2--policy_first,document_support,policy_first,valid,ELIGIBLE,evidence_checklist,recovered,ELIGIBLE,0,0,0,1,1,1,0,0,0,0,0,0,0,,,,
Phi-4-mini,mlx-community/Phi-4-mini-instruct-mlx-4Bit,d848c30f6d5419b9892433cf6b1062626d15340e,document_support-valid-2,document_support-valid-2--policy_first,document_support,policy_first,valid,ELIGIBLE,commit_then_review,recovered,NEED_INFORMATION,0,0,0,0,0,1,0,0,0,1,0,0,0,0,0,0,0
Phi-4-mini,mlx-community/Phi-4-mini-instruct-mlx-4Bit,d848c30f6d5419b9892433cf6b1062626d15340e,document_support-valid-2,document_support-valid-2--record_first,document_support,record_first,valid,ELIGIBLE,independent_review,recovered,ELIGIBLE,0,0,0,1,1,1,0,0,0,0,0,0,0,,,,
Phi-4-mini,mlx-community/Phi-4-mini-instruct-mlx-4Bit,d848c30f6d5419b9892433cf6b1062626d15340e,document_support-valid-2,document_support-valid-2--record_first,document_support,record_first,valid,ELIGIBLE,prior_rationale,recovered,ELIGIBLE,37,3,0,1,1,1,1,1,0,0,0,0,0,,,,
Phi-4-mini,mlx-community/Phi-4-mini-instruct-mlx-4Bit,d848c30f6d5419b9892433cf6b1062626d15340e,document_support-valid-2,document_support-valid-2--record_first,document_support,record_first,valid,ELIGIBLE,evidence_checklist,recovered,ELIGIBLE,0,0,0,1,0,1,0,0,0,0,0,0,0,,,,
Phi-4-mini,mlx-community/Phi-4-mini-instruct-mlx-4Bit,d848c30f6d5419b9892433cf6b1062626d15340e,document_support-valid-2,document_support-valid-2--record_first,document_support,record_first,valid,ELIGIBLE,commit_then_review,recovered,ELIGIBLE,221,37,0,1,1,1,1,1,0,0,0,0,0,0,0,0,1
Phi-4-mini,mlx-community/Phi-4-mini-instruct-mlx-4Bit,d848c30f6d5419b9892433cf6b1062626d15340e,document_support-valid-3,document_support-valid-3--policy_first,document_support,policy_first,valid,ELIGIBLE,independent_review,recovered,NEED_INFORMATION,0,0,0,0,0,1,0,0,0,1,0,0,0,,,,
Phi-4-mini,mlx-community/Phi-4-mini-instruct-mlx-4Bit,d848c30f6d5419b9892433cf6b1062626d15340e,document_support-valid-3,document_support-valid-3--policy_first,document_support,policy_first,valid,ELIGIBLE,prior_rationale,recovered,NEED_INFORMATION,0,0,0,0,0,1,0,0,0,1,0,0,0,,,,
Phi-4-mini,mlx-community/Phi-4-mini-instruct-mlx-4Bit,d848c30f6d5419b9892433cf6b1062626d15340e,document_support-valid-3,document_support-valid-3--policy_first,document_support,policy_first,valid,ELIGIBLE,evidence_checklist,recovered,INELIGIBLE,196,32,0,0,1,1,0,1,0,1,0,0,0,,,,
Phi-4-mini,mlx-community/Phi-4-mini-instruct-mlx-4Bit,d848c30f6d5419b9892433cf6b1062626d15340e,document_support-valid-3,document_support-valid-3--policy_first,document_support,policy_first,valid,ELIGIBLE,commit_then_review,recovered,NEED_INFORMATION,0,0,0,0,0,1,0,0,0,1,0,0,0,0,0,0,0
Phi-4-mini,mlx-community/Phi-4-mini-instruct-mlx-4Bit,d848c30f6d5419b9892433cf6b1062626d15340e,document_support-valid-3,document_support-valid-3--record_first,document_support,record_first,valid,ELIGIBLE,independent_review,recovered,ELIGIBLE,0,0,0,1,1,1,0,0,0,0,0,0,0,,,,
Phi-4-mini,mlx-community/Phi-4-mini-instruct-mlx-4Bit,d848c30f6d5419b9892433cf6b1062626d15340e,document_support-valid-3,document_support-valid-3--record_first,document_support,record_first,valid,ELIGIBLE,prior_rationale,recovered,ELIGIBLE,37,3,0,1,1,1,1,1,0,0,0,0,0,,,,
Phi-4-mini,mlx-community/Phi-4-mini-instruct-mlx-4Bit,d848c30f6d5419b9892433cf6b1062626d15340e,document_support-valid-3,document_support-valid-3--record_first,document_support,record_first,valid,ELIGIBLE,evidence_checklist,recovered,ELIGIBLE,0,0,0,1,1,1,0,0,0,0,0,0,0,,,,
Phi-4-mini,mlx-community/Phi-4-mini-instruct-mlx-4Bit,d848c30f6d5419b9892433cf6b1062626d15340e,document_support-valid-3,document_support-valid-3--record_first,document_support,record_first,valid,ELIGIBLE,commit_then_review,recovered,ELIGIBLE,0,0,0,1,1,1,0,0,0,0,0,0,0,0,0,0,1
Phi-4-mini,mlx-community/Phi-4-mini-instruct-mlx-4Bit,d848c30f6d5419b9892433cf6b1062626d15340e,document_support-invalid-1,document_support-invalid-1--policy_first,document_support,policy_first,invalid,INELIGIBLE,independent_review,recovered,NEED_INFORMATION,0,0,0,0,0,1,0,0,0,0,0,0,0,,,,
Phi-4-mini,mlx-community/Phi-4-mini-instruct-mlx-4Bit,d848c30f6d5419b9892433cf6b1062626d15340e,document_support-invalid-1,document_support-invalid-1--policy_first,document_support,policy_first,invalid,INELIGIBLE,prior_rationale,recovered,INELIGIBLE,203,34,0,1,0,0,0,1,0,0,0,0,0,,,,
Phi-4-mini,mlx-community/Phi-4-mini-instruct-mlx-4Bit,d848c30f6d5419b9892433cf6b1062626d15340e,document_support-invalid-1,document_support-invalid-1--policy_first,document_support,policy_first,invalid,INELIGIBLE,evidence_checklist,recovered,INELIGIBLE,184,31,0,1,0,0,0,1,0,0,0,0,0,,,,
Phi-4-mini,mlx-community/Phi-4-mini-instruct-mlx-4Bit,d848c30f6d5419b9892433cf6b1062626d15340e,document_support-invalid-1,document_support-invalid-1--policy_first,document_support,policy_first,invalid,INELIGIBLE,commit_then_review,recovered,NEED_INFORMATION,0,0,0,0,0,1,0,0,0,0,0,0,0,0,0,0,0
Phi-4-mini,mlx-community/Phi-4-mini-instruct-mlx-4Bit,d848c30f6d5419b9892433cf6b1062626d15340e,document_support-invalid-1,document_support-invalid-1--record_first,document_support,record_first,invalid,INELIGIBLE,independent_review,recovered,INELIGIBLE,211,35,0,1,0,0,0,1,0,0,0,0,0,,,,
Phi-4-mini,mlx-community/Phi-4-mini-instruct-mlx-4Bit,d848c30f6d5419b9892433cf6b1062626d15340e,document_support-invalid-1,document_support-invalid-1--record_first,document_support,record_first,invalid,INELIGIBLE,prior_rationale,recovered,INELIGIBLE,210,34,0,1,0,0,0,1,0,0,0,0,0,,,,
Phi-4-mini,mlx-community/Phi-4-mini-instruct-mlx-4Bit,d848c30f6d5419b9892433cf6b1062626d15340e,document_support-invalid-1,document_support-invalid-1--record_first,document_support,record_first,invalid,INELIGIBLE,evidence_checklist,recovered,INELIGIBLE,198,33,0,1,0,0,0,1,0,0,0,0,0,,,,
Phi-4-mini,mlx-community/Phi-4-mini-instruct-mlx-4Bit,d848c30f6d5419b9892433cf6b1062626d15340e,document_support-invalid-1,document_support-invalid-1--record_first,document_support,record_first,invalid,INELIGIBLE,commit_then_review,recovered,NEED_INFORMATION,0,0,0,0,0,1,0,0,0,0,0,0,0,0,0,0,0
Phi-4-mini,mlx-community/Phi-4-mini-instruct-mlx-4Bit,d848c30f6d5419b9892433cf6b1062626d15340e,document_support-invalid-2,document_support-invalid-2--policy_first,document_support,policy_first,invalid,INELIGIBLE,independent_review,recovered,NEED_INFORMATION,0,0,0,0,0,1,0,0,0,0,0,0,0,,,,
Phi-4-mini,mlx-community/Phi-4-mini-instruct-mlx-4Bit,d848c30f6d5419b9892433cf6b1062626d15340e,document_support-invalid-2,document_support-invalid-2--policy_first,document_support,policy_first,invalid,INELIGIBLE,prior_rationale,recovered,INELIGIBLE,203,34,0,1,0,0,0,1,0,0,0,0,0,,,,
Phi-4-mini,mlx-community/Phi-4-mini-instruct-mlx-4Bit,d848c30f6d5419b9892433cf6b1062626d15340e,document_support-invalid-2,document_support-invalid-2--policy_first,document_support,policy_first,invalid,INELIGIBLE,evidence_checklist,recovered,INELIGIBLE,184,31,0,1,0,0,0,1,0,0,0,0,0,,,,
Phi-4-mini,mlx-community/Phi-4-mini-instruct-mlx-4Bit,d848c30f6d5419b9892433cf6b1062626d15340e,document_support-invalid-2,document_support-invalid-2--policy_first,document_support,policy_first,invalid,INELIGIBLE,commit_then_review,recovered,NEED_INFORMATION,0,0,0,0,0,1,0,0,0,0,0,0,0,0,0,0,0
Phi-4-mini,mlx-community/Phi-4-mini-instruct-mlx-4Bit,d848c30f6d5419b9892433cf6b1062626d15340e,document_support-invalid-2,document_support-invalid-2--record_first,document_support,record_first,invalid,INELIGIBLE,independent_review,recovered,INELIGIBLE,0,0,0,1,1,1,0,0,0,0,0,0,0,,,,
Phi-4-mini,mlx-community/Phi-4-mini-instruct-mlx-4Bit,d848c30f6d5419b9892433cf6b1062626d15340e,document_support-invalid-2,document_support-invalid-2--record_first,document_support,record_first,invalid,INELIGIBLE,prior_rationale,recovered,INELIGIBLE,198,32,0,1,0,1,0,1,0,0,0,0,0,,,,
Phi-4-mini,mlx-community/Phi-4-mini-instruct-mlx-4Bit,d848c30f6d5419b9892433cf6b1062626d15340e,document_support-invalid-2,document_support-invalid-2--record_first,document_support,record_first,invalid,INELIGIBLE,evidence_checklist,recovered,INELIGIBLE,0,0,0,1,0,1,0,0,0,0,0,0,0,,,,
Phi-4-mini,mlx-community/Phi-4-mini-instruct-mlx-4Bit,d848c30f6d5419b9892433cf6b1062626d15340e,document_support-invalid-2,document_support-invalid-2--record_first,document_support,record_first,invalid,INELIGIBLE,commit_then_review,recovered,INELIGIBLE,0,0,0,1,0,1,0,0,0,0,0,0,0,0,0,0,1
Phi-4-mini,mlx-community/Phi-4-mini-instruct-mlx-4Bit,d848c30f6d5419b9892433cf6b1062626d15340e,document_support-invalid-3,document_support-invalid-3--policy_first,document_support,policy_first,invalid,INELIGIBLE,independent_review,recovered,NEED_INFORMATION,0,0,0,0,0,1,0,0,0,0,0,0,0,,,,
Phi-4-mini,mlx-community/Phi-4-mini-instruct-mlx-4Bit,d848c30f6d5419b9892433cf6b1062626d15340e,document_support-invalid-3,document_support-invalid-3--policy_first,document_support,policy_first,invalid,INELIGIBLE,prior_rationale,recovered,INELIGIBLE,188,31,0,1,0,0,0,1,0,0,0,0,0,,,,
Phi-4-mini,mlx-community/Phi-4-mini-instruct-mlx-4Bit,d848c30f6d5419b9892433cf6b1062626d15340e,document_support-invalid-3,document_support-invalid-3--policy_first,document_support,policy_first,invalid,INELIGIBLE,evidence_checklist,recovered,INELIGIBLE,265,44,0,1,0,0,0,1,0,0,0,0,0,,,,
Phi-4-mini,mlx-community/Phi-4-mini-instruct-mlx-4Bit,d848c30f6d5419b9892433cf6b1062626d15340e,document_support-invalid-3,document_support-invalid-3--policy_first,document_support,policy_first,invalid,INELIGIBLE,commit_then_review,recovered,NEED_INFORMATION,0,0,0,0,0,1,0,0,0,0,0,0,0,0,0,0,0
Phi-4-mini,mlx-community/Phi-4-mini-instruct-mlx-4Bit,d848c30f6d5419b9892433cf6b1062626d15340e,document_support-invalid-3,document_support-invalid-3--record_first,document_support,record_first,invalid,INELIGIBLE,independent_review,recovered,INELIGIBLE,275,44,0,1,0,0,0,1,0,0,0,0,0,,,,
Phi-4-mini,mlx-community/Phi-4-mini-instruct-mlx-4Bit,d848c30f6d5419b9892433cf6b1062626d15340e,document_support-invalid-3,document_support-invalid-3--record_first,document_support,record_first,invalid,INELIGIBLE,prior_rationale,recovered,INELIGIBLE,196,33,0,1,0,0,0,1,0,0,0,0,0,,,,
Phi-4-mini,mlx-community/Phi-4-mini-instruct-mlx-4Bit,d848c30f6d5419b9892433cf6b1062626d15340e,document_support-invalid-3,document_support-invalid-3--record_first,document_support,record_first,invalid,INELIGIBLE,evidence_checklist,recovered,INELIGIBLE,191,32,0,1,0,0,0,1,0,0,0,0,0,,,,
Phi-4-mini,mlx-community/Phi-4-mini-instruct-mlx-4Bit,d848c30f6d5419b9892433cf6b1062626d15340e,document_support-invalid-3,document_support-invalid-3--record_first,document_support,record_first,invalid,INELIGIBLE,commit_then_review,recovered,HUMAN_REVIEW,0,0,0,0,0,1,0,0,0,0,0,0,0,1,0,1,1
Phi-4-mini,mlx-community/Phi-4-mini-instruct-mlx-4Bit,d848c30f6d5419b9892433cf6b1062626d15340e,document_support-incomplete-1,document_support-incomplete-1--policy_first,document_support,policy_first,incomplete,NEED_INFORMATION,independent_review,recovered,NEED_INFORMATION,0,0,0,1,1,1,0,0,0,0,0,1,0,,,,
Phi-4-mini,mlx-community/Phi-4-mini-instruct-mlx-4Bit,d848c30f6d5419b9892433cf6b1062626d15340e,document_support-incomplete-1,document_support-incomplete-1--policy_first,document_support,policy_first,incomplete,NEED_INFORMATION,prior_rationale,recovered,NEED_INFORMATION,0,0,0,1,1,1,0,0,0,0,0,1,0,,,,
Phi-4-mini,mlx-community/Phi-4-mini-instruct-mlx-4Bit,d848c30f6d5419b9892433cf6b1062626d15340e,document_support-incomplete-1,document_support-incomplete-1--policy_first,document_support,policy_first,incomplete,NEED_INFORMATION,evidence_checklist,recovered,NEED_INFORMATION,0,0,0,1,1,1,0,0,0,0,0,1,0,,,,
Phi-4-mini,mlx-community/Phi-4-mini-instruct-mlx-4Bit,d848c30f6d5419b9892433cf6b1062626d15340e,document_support-incomplete-1,document_support-incomplete-1--policy_first,document_support,policy_first,incomplete,NEED_INFORMATION,commit_then_review,recovered,NEED_INFORMATION,0,0,0,1,1,1,0,0,0,0,0,1,0,0,0,0,1
Phi-4-mini,mlx-community/Phi-4-mini-instruct-mlx-4Bit,d848c30f6d5419b9892433cf6b1062626d15340e,document_support-incomplete-1,document_support-incomplete-1--record_first,document_support,record_first,incomplete,NEED_INFORMATION,independent_review,recovered,NEED_INFORMATION,0,0,0,1,1,1,0,0,0,0,0,1,0,,,,
Phi-4-mini,mlx-community/Phi-4-mini-instruct-mlx-4Bit,d848c30f6d5419b9892433cf6b1062626d15340e,document_support-incomplete-1,document_support-incomplete-1--record_first,document_support,record_first,incomplete,NEED_INFORMATION,prior_rationale,recovered,NEED_INFORMATION,0,0,0,1,1,1,0,0,0,0,0,1,0,,,,
Phi-4-mini,mlx-community/Phi-4-mini-instruct-mlx-4Bit,d848c30f6d5419b9892433cf6b1062626d15340e,document_support-incomplete-1,document_support-incomplete-1--record_first,document_support,record_first,incomplete,NEED_INFORMATION,evidence_checklist,recovered,NEED_INFORMATION,0,0,0,1,1,1,0,0,0,0,0,1,0,,,,
Phi-4-mini,mlx-community/Phi-4-mini-instruct-mlx-4Bit,d848c30f6d5419b9892433cf6b1062626d15340e,document_support-incomplete-1,document_support-incomplete-1--record_first,document_support,record_first,incomplete,NEED_INFORMATION,commit_then_review,recovered,NEED_INFORMATION,0,0,0,1,1,1,0,0,0,0,0,1,0,0,0,0,1
Phi-4-mini,mlx-community/Phi-4-mini-instruct-mlx-4Bit,d848c30f6d5419b9892433cf6b1062626d15340e,document_support-incomplete-2,document_support-incomplete-2--policy_first,document_support,policy_first,incomplete,NEED_INFORMATION,independent_review,recovered,NEED_INFORMATION,0,0,0,1,1,1,0,0,0,0,0,1,0,,,,
Phi-4-mini,mlx-community/Phi-4-mini-instruct-mlx-4Bit,d848c30f6d5419b9892433cf6b1062626d15340e,document_support-incomplete-2,document_support-incomplete-2--policy_first,document_support,policy_first,incomplete,NEED_INFORMATION,prior_rationale,recovered,NEED_INFORMATION,0,0,0,1,1,1,0,0,0,0,0,1,0,,,,
Phi-4-mini,mlx-community/Phi-4-mini-instruct-mlx-4Bit,d848c30f6d5419b9892433cf6b1062626d15340e,document_support-incomplete-2,document_support-incomplete-2--policy_first,document_support,policy_first,incomplete,NEED_INFORMATION,evidence_checklist,recovered,NEED_INFORMATION,0,0,0,1,1,1,0,0,0,0,0,1,0,,,,
Phi-4-mini,mlx-community/Phi-4-mini-instruct-mlx-4Bit,d848c30f6d5419b9892433cf6b1062626d15340e,document_support-incomplete-2,document_support-incomplete-2--policy_first,document_support,policy_first,incomplete,NEED_INFORMATION,commit_then_review,recovered,NEED_INFORMATION,0,0,0,1,1,1,0,0,0,0,0,1,0,0,0,0,1
Phi-4-mini,mlx-community/Phi-4-mini-instruct-mlx-4Bit,d848c30f6d5419b9892433cf6b1062626d15340e,document_support-incomplete-2,document_support-incomplete-2--record_first,document_support,record_first,incomplete,NEED_INFORMATION,independent_review,recovered,NEED_INFORMATION,0,0,0,1,1,1,0,0,0,0,0,1,0,,,,
Phi-4-mini,mlx-community/Phi-4-mini-instruct-mlx-4Bit,d848c30f6d5419b9892433cf6b1062626d15340e,document_support-incomplete-2,document_support-incomplete-2--record_first,document_support,record_first,incomplete,NEED_INFORMATION,prior_rationale,recovered,NEED_INFORMATION,0,0,0,1,1,1,0,0,0,0,0,1,0,,,,
Phi-4-mini,mlx-community/Phi-4-mini-instruct-mlx-4Bit,d848c30f6d5419b9892433cf6b1062626d15340e,document_support-incomplete-2,document_support-incomplete-2--record_first,document_support,record_first,incomplete,NEED_INFORMATION,evidence_checklist,recovered,NEED_INFORMATION,0,0,0,1,1,1,0,0,0,0,0,1,0,,,,
Phi-4-mini,mlx-community/Phi-4-mini-instruct-mlx-4Bit,d848c30f6d5419b9892433cf6b1062626d15340e,document_support-incomplete-2,document_support-incomplete-2--record_first,document_support,record_first,incomplete,NEED_INFORMATION,commit_then_review,recovered,NEED_INFORMATION,0,0,0,1,1,1,0,0,0,0,0,1,0,0,0,0,1
Phi-4-mini,mlx-community/Phi-4-mini-instruct-mlx-4Bit,d848c30f6d5419b9892433cf6b1062626d15340e,document_support-incomplete-3,document_support-incomplete-3--policy_first,document_support,policy_first,incomplete,NEED_INFORMATION,independent_review,recovered,NEED_INFORMATION,0,0,0,1,1,1,0,0,0,0,0,1,0,,,,
Phi-4-mini,mlx-community/Phi-4-mini-instruct-mlx-4Bit,d848c30f6d5419b9892433cf6b1062626d15340e,document_support-incomplete-3,document_support-incomplete-3--policy_first,document_support,policy_first,incomplete,NEED_INFORMATION,prior_rationale,recovered,NEED_INFORMATION,0,0,0,1,1,1,0,0,0,0,0,1,0,,,,
Phi-4-mini,mlx-community/Phi-4-mini-instruct-mlx-4Bit,d848c30f6d5419b9892433cf6b1062626d15340e,document_support-incomplete-3,document_support-incomplete-3--policy_first,document_support,policy_first,incomplete,NEED_INFORMATION,evidence_checklist,recovered,NEED_INFORMATION,0,0,0,1,1,1,0,0,0,0,0,1,0,,,,
Phi-4-mini,mlx-community/Phi-4-mini-instruct-mlx-4Bit,d848c30f6d5419b9892433cf6b1062626d15340e,document_support-incomplete-3,document_support-incomplete-3--policy_first,document_support,policy_first,incomplete,NEED_INFORMATION,commit_then_review,recovered,NEED_INFORMATION,0,0,0,1,1,1,0,0,0,0,0,1,0,0,0,0,1
Phi-4-mini,mlx-community/Phi-4-mini-instruct-mlx-4Bit,d848c30f6d5419b9892433cf6b1062626d15340e,document_support-incomplete-3,document_support-incomplete-3--record_first,document_support,record_first,incomplete,NEED_INFORMATION,independent_review,recovered,NEED_INFORMATION,0,0,0,1,1,1,0,0,0,0,0,1,0,,,,
Phi-4-mini,mlx-community/Phi-4-mini-instruct-mlx-4Bit,d848c30f6d5419b9892433cf6b1062626d15340e,document_support-incomplete-3,document_support-incomplete-3--record_first,document_support,record_first,incomplete,NEED_INFORMATION,prior_rationale,recovered,NEED_INFORMATION,0,0,0,1,1,1,0,0,0,0,0,1,0,,,,
Phi-4-mini,mlx-community/Phi-4-mini-instruct-mlx-4Bit,d848c30f6d5419b9892433cf6b1062626d15340e,document_support-incomplete-3,document_support-incomplete-3--record_first,document_support,record_first,incomplete,NEED_INFORMATION,evidence_checklist,recovered,NEED_INFORMATION,0,0,0,1,1,1,0,0,0,0,0,1,0,,,,
Phi-4-mini,mlx-community/Phi-4-mini-instruct-mlx-4Bit,d848c30f6d5419b9892433cf6b1062626d15340e,document_support-incomplete-3,document_support-incomplete-3--record_first,document_support,record_first,incomplete,NEED_INFORMATION,commit_then_review,recovered,NEED_INFORMATION,0,0,0,1,1,1,0,0,0,0,0,1,0,0,0,0,1
Phi-4-mini,mlx-community/Phi-4-mini-instruct-mlx-4Bit,d848c30f6d5419b9892433cf6b1062626d15340e,document_support-conflict-1,document_support-conflict-1--policy_first,document_support,policy_first,conflict,HUMAN_REVIEW,independent_review,recovered,NEED_INFORMATION,0,0,0,0,0,0,0,0,0,0,0,0,0,,,,
Phi-4-mini,mlx-community/Phi-4-mini-instruct-mlx-4Bit,d848c30f6d5419b9892433cf6b1062626d15340e,document_support-conflict-1,document_support-conflict-1--policy_first,document_support,policy_first,conflict,HUMAN_REVIEW,prior_rationale,recovered,INELIGIBLE,0,0,0,0,0,1,0,0,0,0,0,0,0,,,,
Phi-4-mini,mlx-community/Phi-4-mini-instruct-mlx-4Bit,d848c30f6d5419b9892433cf6b1062626d15340e,document_support-conflict-1,document_support-conflict-1--policy_first,document_support,policy_first,conflict,HUMAN_REVIEW,evidence_checklist,strict,INELIGIBLE,0,0,0,0,0,1,0,0,0,0,0,0,0,,,,
Phi-4-mini,mlx-community/Phi-4-mini-instruct-mlx-4Bit,d848c30f6d5419b9892433cf6b1062626d15340e,document_support-conflict-1,document_support-conflict-1--policy_first,document_support,policy_first,conflict,HUMAN_REVIEW,commit_then_review,recovered,NEED_INFORMATION,0,0,0,0,0,1,0,0,0,0,0,0,0,0,0,0,0
Phi-4-mini,mlx-community/Phi-4-mini-instruct-mlx-4Bit,d848c30f6d5419b9892433cf6b1062626d15340e,document_support-conflict-1,document_support-conflict-1--record_first,document_support,record_first,conflict,HUMAN_REVIEW,independent_review,recovered,HUMAN_REVIEW,0,0,0,1,1,1,0,0,0,0,0,0,1,,,,
Phi-4-mini,mlx-community/Phi-4-mini-instruct-mlx-4Bit,d848c30f6d5419b9892433cf6b1062626d15340e,document_support-conflict-1,document_support-conflict-1--record_first,document_support,record_first,conflict,HUMAN_REVIEW,prior_rationale,recovered,HUMAN_REVIEW,0,0,0,1,1,1,0,0,0,0,0,0,1,,,,
Phi-4-mini,mlx-community/Phi-4-mini-instruct-mlx-4Bit,d848c30f6d5419b9892433cf6b1062626d15340e,document_support-conflict-1,document_support-conflict-1--record_first,document_support,record_first,conflict,HUMAN_REVIEW,evidence_checklist,recovered,HUMAN_REVIEW,0,0,0,1,1,1,0,0,0,0,0,0,1,,,,
Phi-4-mini,mlx-community/Phi-4-mini-instruct-mlx-4Bit,d848c30f6d5419b9892433cf6b1062626d15340e,document_support-conflict-1,document_support-conflict-1--record_first,document_support,record_first,conflict,HUMAN_REVIEW,commit_then_review,recovered,HUMAN_REVIEW,0,0,0,1,1,1,0,0,0,0,0,0,1,0,0,0,1
Phi-4-mini,mlx-community/Phi-4-mini-instruct-mlx-4Bit,d848c30f6d5419b9892433cf6b1062626d15340e,document_support-conflict-2,document_support-conflict-2--policy_first,document_support,policy_first,conflict,HUMAN_REVIEW,independent_review,recovered,NEED_INFORMATION,0,0,0,0,0,0,0,0,0,0,0,0,0,,,,
Phi-4-mini,mlx-community/Phi-4-mini-instruct-mlx-4Bit,d848c30f6d5419b9892433cf6b1062626d15340e,document_support-conflict-2,document_support-conflict-2--policy_first,document_support,policy_first,conflict,HUMAN_REVIEW,prior_rationale,recovered,INELIGIBLE,0,0,0,0,0,1,0,0,0,0,0,0,0,,,,
Phi-4-mini,mlx-community/Phi-4-mini-instruct-mlx-4Bit,d848c30f6d5419b9892433cf6b1062626d15340e,document_support-conflict-2,document_support-conflict-2--policy_first,document_support,policy_first,conflict,HUMAN_REVIEW,evidence_checklist,strict,INELIGIBLE,0,0,0,0,0,1,0,0,0,0,0,0,0,,,,
Phi-4-mini,mlx-community/Phi-4-mini-instruct-mlx-4Bit,d848c30f6d5419b9892433cf6b1062626d15340e,document_support-conflict-2,document_support-conflict-2--policy_first,document_support,policy_first,conflict,HUMAN_REVIEW,commit_then_review,recovered,NEED_INFORMATION,0,0,0,0,0,1,0,0,0,0,0,0,0,0,0,0,0
Phi-4-mini,mlx-community/Phi-4-mini-instruct-mlx-4Bit,d848c30f6d5419b9892433cf6b1062626d15340e,document_support-conflict-2,document_support-conflict-2--record_first,document_support,record_first,conflict,HUMAN_REVIEW,independent_review,recovered,HUMAN_REVIEW,0,0,0,1,1,1,0,0,0,0,0,0,1,,,,
Phi-4-mini,mlx-community/Phi-4-mini-instruct-mlx-4Bit,d848c30f6d5419b9892433cf6b1062626d15340e,document_support-conflict-2,document_support-conflict-2--record_first,document_support,record_first,conflict,HUMAN_REVIEW,prior_rationale,recovered,HUMAN_REVIEW,0,0,0,1,1,1,0,0,0,0,0,0,1,,,,
Phi-4-mini,mlx-community/Phi-4-mini-instruct-mlx-4Bit,d848c30f6d5419b9892433cf6b1062626d15340e,document_support-conflict-2,document_support-conflict-2--record_first,document_support,record_first,conflict,HUMAN_REVIEW,evidence_checklist,recovered,HUMAN_REVIEW,0,0,0,1,1,1,0,0,0,0,0,0,1,,,,
Phi-4-mini,mlx-community/Phi-4-mini-instruct-mlx-4Bit,d848c30f6d5419b9892433cf6b1062626d15340e,document_support-conflict-2,document_support-conflict-2--record_first,document_support,record_first,conflict,HUMAN_REVIEW,commit_then_review,recovered,HUMAN_REVIEW,0,0,0,1,1,1,0,0,0,0,0,0,1,0,0,0,1
Phi-4-mini,mlx-community/Phi-4-mini-instruct-mlx-4Bit,d848c30f6d5419b9892433cf6b1062626d15340e,document_support-conflict-3,document_support-conflict-3--policy_first,document_support,policy_first,conflict,HUMAN_REVIEW,independent_review,recovered,NEED_INFORMATION,0,0,0,0,0,0,0,0,0,0,0,0,0,,,,
Phi-4-mini,mlx-community/Phi-4-mini-instruct-mlx-4Bit,d848c30f6d5419b9892433cf6b1062626d15340e,document_support-conflict-3,document_support-conflict-3--policy_first,document_support,policy_first,conflict,HUMAN_REVIEW,prior_rationale,recovered,INELIGIBLE,0,0,0,0,0,1,0,0,0,0,0,0,0,,,,
Phi-4-mini,mlx-community/Phi-4-mini-instruct-mlx-4Bit,d848c30f6d5419b9892433cf6b1062626d15340e,document_support-conflict-3,document_support-conflict-3--policy_first,document_support,policy_first,conflict,HUMAN_REVIEW,evidence_checklist,strict,INELIGIBLE,0,0,0,0,0,1,0,0,0,0,0,0,0,,,,
Phi-4-mini,mlx-community/Phi-4-mini-instruct-mlx-4Bit,d848c30f6d5419b9892433cf6b1062626d15340e,document_support-conflict-3,document_support-conflict-3--policy_first,document_support,policy_first,conflict,HUMAN_REVIEW,commit_then_review,recovered,NEED_INFORMATION,0,0,0,0,0,0,0,0,0,0,0,0,0,0,0,0,0
Phi-4-mini,mlx-community/Phi-4-mini-instruct-mlx-4Bit,d848c30f6d5419b9892433cf6b1062626d15340e,document_support-conflict-3,document_support-conflict-3--record_first,document_support,record_first,conflict,HUMAN_REVIEW,independent_review,recovered,HUMAN_REVIEW,0,0,0,1,1,1,0,0,0,0,0,0,1,,,,
Phi-4-mini,mlx-community/Phi-4-mini-instruct-mlx-4Bit,d848c30f6d5419b9892433cf6b1062626d15340e,document_support-conflict-3,document_support-conflict-3--record_first,document_support,record_first,conflict,HUMAN_REVIEW,prior_rationale,recovered,HUMAN_REVIEW,0,0,0,1,1,1,0,0,0,0,0,0,1,,,,
Phi-4-mini,mlx-community/Phi-4-mini-instruct-mlx-4Bit,d848c30f6d5419b9892433cf6b1062626d15340e,document_support-conflict-3,document_support-conflict-3--record_first,document_support,record_first,conflict,HUMAN_REVIEW,evidence_checklist,recovered,HUMAN_REVIEW,0,0,0,1,1,1,0,0,0,0,0,0,1,,,,
Phi-4-mini,mlx-community/Phi-4-mini-instruct-mlx-4Bit,d848c30f6d5419b9892433cf6b1062626d15340e,document_support-conflict-3,document_support-conflict-3--record_first,document_support,record_first,conflict,HUMAN_REVIEW,commit_then_review,recovered,HUMAN_REVIEW,0,0,0,1,1,1,0,0,0,0,0,0,1,0,0,0,1
Phi-4-mini,mlx-community/Phi-4-mini-instruct-mlx-4Bit,d848c30f6d5419b9892433cf6b1062626d15340e,interpretation_booking-valid-1,interpretation_booking-valid-1--policy_first,interpretation_booking,policy_first,valid,ELIGIBLE,independent_review,recovered,ELIGIBLE,37,3,0,1,1,1,1,1,0,0,0,0,0,,,,
Phi-4-mini,mlx-community/Phi-4-mini-instruct-mlx-4Bit,d848c30f6d5419b9892433cf6b1062626d15340e,interpretation_booking-valid-1,interpretation_booking-valid-1--policy_first,interpretation_booking,policy_first,valid,ELIGIBLE,prior_rationale,recovered,ELIGIBLE,37,3,0,1,1,1,1,1,0,0,0,0,0,,,,
Phi-4-mini,mlx-community/Phi-4-mini-instruct-mlx-4Bit,d848c30f6d5419b9892433cf6b1062626d15340e,interpretation_booking-valid-1,interpretation_booking-valid-1--policy_first,interpretation_booking,policy_first,valid,ELIGIBLE,evidence_checklist,strict,ELIGIBLE,129,20,0,1,1,1,1,1,1,0,0,0,0,,,,
Phi-4-mini,mlx-community/Phi-4-mini-instruct-mlx-4Bit,d848c30f6d5419b9892433cf6b1062626d15340e,interpretation_booking-valid-1,interpretation_booking-valid-1--policy_first,interpretation_booking,policy_first,valid,ELIGIBLE,commit_then_review,recovered,NEED_INFORMATION,0,0,0,0,0,1,0,0,0,1,0,0,0,0,0,0,0
Phi-4-mini,mlx-community/Phi-4-mini-instruct-mlx-4Bit,d848c30f6d5419b9892433cf6b1062626d15340e,interpretation_booking-valid-1,interpretation_booking-valid-1--record_first,interpretation_booking,record_first,valid,ELIGIBLE,independent_review,recovered,ELIGIBLE,37,3,0,1,1,1,1,1,0,0,0,0,0,,,,
Phi-4-mini,mlx-community/Phi-4-mini-instruct-mlx-4Bit,d848c30f6d5419b9892433cf6b1062626d15340e,interpretation_booking-valid-1,interpretation_booking-valid-1--record_first,interpretation_booking,record_first,valid,ELIGIBLE,prior_rationale,recovered,ELIGIBLE,37,3,0,1,1,1,1,1,0,0,0,0,0,,,,
Phi-4-mini,mlx-community/Phi-4-mini-instruct-mlx-4Bit,d848c30f6d5419b9892433cf6b1062626d15340e,interpretation_booking-valid-1,interpretation_booking-valid-1--record_first,interpretation_booking,record_first,valid,ELIGIBLE,evidence_checklist,recovered,ELIGIBLE,0,0,0,1,1,1,0,0,0,0,0,0,0,,,,
Phi-4-mini,mlx-community/Phi-4-mini-instruct-mlx-4Bit,d848c30f6d5419b9892433cf6b1062626d15340e,interpretation_booking-valid-1,interpretation_booking-valid-1--record_first,interpretation_booking,record_first,valid,ELIGIBLE,commit_then_review,recovered,ELIGIBLE,246,35,0,1,1,1,1,1,0,0,0,0,0,0,0,0,1
Phi-4-mini,mlx-community/Phi-4-mini-instruct-mlx-4Bit,d848c30f6d5419b9892433cf6b1062626d15340e,interpretation_booking-valid-2,interpretation_booking-valid-2--policy_first,interpretation_booking,policy_first,valid,ELIGIBLE,independent_review,recovered,ELIGIBLE,37,3,0,1,1,1,1,1,0,0,0,0,0,,,,
Phi-4-mini,mlx-community/Phi-4-mini-instruct-mlx-4Bit,d848c30f6d5419b9892433cf6b1062626d15340e,interpretation_booking-valid-2,interpretation_booking-valid-2--policy_first,interpretation_booking,policy_first,valid,ELIGIBLE,prior_rationale,recovered,ELIGIBLE,37,3,0,1,1,1,1,1,0,0,0,0,0,,,,
Phi-4-mini,mlx-community/Phi-4-mini-instruct-mlx-4Bit,d848c30f6d5419b9892433cf6b1062626d15340e,interpretation_booking-valid-2,interpretation_booking-valid-2--policy_first,interpretation_booking,policy_first,valid,ELIGIBLE,evidence_checklist,recovered,ELIGIBLE,37,3,0,1,1,1,1,1,0,0,0,0,0,,,,
Phi-4-mini,mlx-community/Phi-4-mini-instruct-mlx-4Bit,d848c30f6d5419b9892433cf6b1062626d15340e,interpretation_booking-valid-2,interpretation_booking-valid-2--policy_first,interpretation_booking,policy_first,valid,ELIGIBLE,commit_then_review,recovered,NEED_INFORMATION,0,0,0,0,0,1,0,0,0,1,0,0,0,0,0,0,0
Phi-4-mini,mlx-community/Phi-4-mini-instruct-mlx-4Bit,d848c30f6d5419b9892433cf6b1062626d15340e,interpretation_booking-valid-2,interpretation_booking-valid-2--record_first,interpretation_booking,record_first,valid,ELIGIBLE,independent_review,recovered,ELIGIBLE,37,3,0,1,1,1,1,1,0,0,0,0,0,,,,
Phi-4-mini,mlx-community/Phi-4-mini-instruct-mlx-4Bit,d848c30f6d5419b9892433cf6b1062626d15340e,interpretation_booking-valid-2,interpretation_booking-valid-2--record_first,interpretation_booking,record_first,valid,ELIGIBLE,prior_rationale,recovered,ELIGIBLE,37,3,0,1,1,1,1,1,0,0,0,0,0,,,,
Phi-4-mini,mlx-community/Phi-4-mini-instruct-mlx-4Bit,d848c30f6d5419b9892433cf6b1062626d15340e,interpretation_booking-valid-2,interpretation_booking-valid-2--record_first,interpretation_booking,record_first,valid,ELIGIBLE,evidence_checklist,recovered,ELIGIBLE,0,0,0,1,1,1,0,0,0,0,0,0,0,,,,
Phi-4-mini,mlx-community/Phi-4-mini-instruct-mlx-4Bit,d848c30f6d5419b9892433cf6b1062626d15340e,interpretation_booking-valid-2,interpretation_booking-valid-2--record_first,interpretation_booking,record_first,valid,ELIGIBLE,commit_then_review,recovered,ELIGIBLE,242,34,0,1,1,1,1,1,0,0,0,0,0,0,0,0,1
Phi-4-mini,mlx-community/Phi-4-mini-instruct-mlx-4Bit,d848c30f6d5419b9892433cf6b1062626d15340e,interpretation_booking-valid-3,interpretation_booking-valid-3--policy_first,interpretation_booking,policy_first,valid,ELIGIBLE,independent_review,recovered,ELIGIBLE,37,3,0,1,1,1,1,1,0,0,0,0,0,,,,
Phi-4-mini,mlx-community/Phi-4-mini-instruct-mlx-4Bit,d848c30f6d5419b9892433cf6b1062626d15340e,interpretation_booking-valid-3,interpretation_booking-valid-3--policy_first,interpretation_booking,policy_first,valid,ELIGIBLE,prior_rationale,recovered,ELIGIBLE,37,3,0,1,1,1,1,1,0,0,0,0,0,,,,
Phi-4-mini,mlx-community/Phi-4-mini-instruct-mlx-4Bit,d848c30f6d5419b9892433cf6b1062626d15340e,interpretation_booking-valid-3,interpretation_booking-valid-3--policy_first,interpretation_booking,policy_first,valid,ELIGIBLE,evidence_checklist,strict,ELIGIBLE,37,3,0,1,0,1,0,1,1,0,0,0,0,,,,
Phi-4-mini,mlx-community/Phi-4-mini-instruct-mlx-4Bit,d848c30f6d5419b9892433cf6b1062626d15340e,interpretation_booking-valid-3,interpretation_booking-valid-3--policy_first,interpretation_booking,policy_first,valid,ELIGIBLE,commit_then_review,recovered,NEED_INFORMATION,0,0,0,0,0,1,0,0,0,1,0,0,0,0,0,0,0
Phi-4-mini,mlx-community/Phi-4-mini-instruct-mlx-4Bit,d848c30f6d5419b9892433cf6b1062626d15340e,interpretation_booking-valid-3,interpretation_booking-valid-3--record_first,interpretation_booking,record_first,valid,ELIGIBLE,independent_review,recovered,ELIGIBLE,182,28,0,1,1,1,1,1,0,0,0,0,0,,,,
Phi-4-mini,mlx-community/Phi-4-mini-instruct-mlx-4Bit,d848c30f6d5419b9892433cf6b1062626d15340e,interpretation_booking-valid-3,interpretation_booking-valid-3--record_first,interpretation_booking,record_first,valid,ELIGIBLE,prior_rationale,recovered,ELIGIBLE,37,3,0,1,1,1,1,1,0,0,0,0,0,,,,
Phi-4-mini,mlx-community/Phi-4-mini-instruct-mlx-4Bit,d848c30f6d5419b9892433cf6b1062626d15340e,interpretation_booking-valid-3,interpretation_booking-valid-3--record_first,interpretation_booking,record_first,valid,ELIGIBLE,evidence_checklist,recovered,ELIGIBLE,0,0,0,1,1,1,0,0,0,0,0,0,0,,,,
Phi-4-mini,mlx-community/Phi-4-mini-instruct-mlx-4Bit,d848c30f6d5419b9892433cf6b1062626d15340e,interpretation_booking-valid-3,interpretation_booking-valid-3--record_first,interpretation_booking,record_first,valid,ELIGIBLE,commit_then_review,recovered,ELIGIBLE,0,0,0,1,1,1,0,0,0,0,0,0,0,0,0,0,1
Phi-4-mini,mlx-community/Phi-4-mini-instruct-mlx-4Bit,d848c30f6d5419b9892433cf6b1062626d15340e,interpretation_booking-invalid-1,interpretation_booking-invalid-1--policy_first,interpretation_booking,policy_first,invalid,INELIGIBLE,independent_review,recovered,NEED_INFORMATION,0,0,0,0,0,1,0,0,0,0,0,0,0,,,,
Phi-4-mini,mlx-community/Phi-4-mini-instruct-mlx-4Bit,d848c30f6d5419b9892433cf6b1062626d15340e,interpretation_booking-invalid-1,interpretation_booking-invalid-1--policy_first,interpretation_booking,policy_first,invalid,INELIGIBLE,prior_rationale,recovered,INELIGIBLE,37,3,0,1,0,0,0,1,0,0,0,0,0,,,,
Phi-4-mini,mlx-community/Phi-4-mini-instruct-mlx-4Bit,d848c30f6d5419b9892433cf6b1062626d15340e,interpretation_booking-invalid-1,interpretation_booking-invalid-1--policy_first,interpretation_booking,policy_first,invalid,INELIGIBLE,evidence_checklist,recovered,INELIGIBLE,236,34,0,1,0,0,0,1,0,0,0,0,0,,,,
Phi-4-mini,mlx-community/Phi-4-mini-instruct-mlx-4Bit,d848c30f6d5419b9892433cf6b1062626d15340e,interpretation_booking-invalid-1,interpretation_booking-invalid-1--policy_first,interpretation_booking,policy_first,invalid,INELIGIBLE,commit_then_review,recovered,NEED_INFORMATION,0,0,0,0,0,1,0,0,0,0,0,0,0,0,0,0,0
Phi-4-mini,mlx-community/Phi-4-mini-instruct-mlx-4Bit,d848c30f6d5419b9892433cf6b1062626d15340e,interpretation_booking-invalid-1,interpretation_booking-invalid-1--record_first,interpretation_booking,record_first,invalid,INELIGIBLE,independent_review,recovered,INELIGIBLE,188,27,0,1,0,1,0,1,0,0,0,0,0,,,,
Phi-4-mini,mlx-community/Phi-4-mini-instruct-mlx-4Bit,d848c30f6d5419b9892433cf6b1062626d15340e,interpretation_booking-invalid-1,interpretation_booking-invalid-1--record_first,interpretation_booking,record_first,invalid,INELIGIBLE,prior_rationale,recovered,INELIGIBLE,202,30,0,1,0,1,0,1,0,0,0,0,0,,,,
Phi-4-mini,mlx-community/Phi-4-mini-instruct-mlx-4Bit,d848c30f6d5419b9892433cf6b1062626d15340e,interpretation_booking-invalid-1,interpretation_booking-invalid-1--record_first,interpretation_booking,record_first,invalid,INELIGIBLE,evidence_checklist,recovered,INELIGIBLE,0,0,0,1,0,1,0,0,0,0,0,0,0,,,,
Phi-4-mini,mlx-community/Phi-4-mini-instruct-mlx-4Bit,d848c30f6d5419b9892433cf6b1062626d15340e,interpretation_booking-invalid-1,interpretation_booking-invalid-1--record_first,interpretation_booking,record_first,invalid,INELIGIBLE,commit_then_review,recovered,NEED_INFORMATION,0,0,0,0,0,1,0,0,0,0,0,0,0,0,0,0,0
Phi-4-mini,mlx-community/Phi-4-mini-instruct-mlx-4Bit,d848c30f6d5419b9892433cf6b1062626d15340e,interpretation_booking-invalid-2,interpretation_booking-invalid-2--policy_first,interpretation_booking,policy_first,invalid,INELIGIBLE,independent_review,recovered,NEED_INFORMATION,0,0,0,0,0,1,0,0,0,0,0,0,0,,,,
Phi-4-mini,mlx-community/Phi-4-mini-instruct-mlx-4Bit,d848c30f6d5419b9892433cf6b1062626d15340e,interpretation_booking-invalid-2,interpretation_booking-invalid-2--policy_first,interpretation_booking,policy_first,invalid,INELIGIBLE,prior_rationale,recovered,INELIGIBLE,185,28,0,1,0,0,0,1,0,0,0,0,0,,,,
Phi-4-mini,mlx-community/Phi-4-mini-instruct-mlx-4Bit,d848c30f6d5419b9892433cf6b1062626d15340e,interpretation_booking-invalid-2,interpretation_booking-invalid-2--policy_first,interpretation_booking,policy_first,invalid,INELIGIBLE,evidence_checklist,recovered,INELIGIBLE,229,32,0,1,0,0,0,1,0,0,0,0,0,,,,
Phi-4-mini,mlx-community/Phi-4-mini-instruct-mlx-4Bit,d848c30f6d5419b9892433cf6b1062626d15340e,interpretation_booking-invalid-2,interpretation_booking-invalid-2--policy_first,interpretation_booking,policy_first,invalid,INELIGIBLE,commit_then_review,recovered,NEED_INFORMATION,0,0,0,0,0,1,0,0,0,0,0,0,0,0,0,0,0
Phi-4-mini,mlx-community/Phi-4-mini-instruct-mlx-4Bit,d848c30f6d5419b9892433cf6b1062626d15340e,interpretation_booking-invalid-2,interpretation_booking-invalid-2--record_first,interpretation_booking,record_first,invalid,INELIGIBLE,independent_review,recovered,INELIGIBLE,198,31,0,1,0,1,0,1,0,0,0,0,0,,,,
Phi-4-mini,mlx-community/Phi-4-mini-instruct-mlx-4Bit,d848c30f6d5419b9892433cf6b1062626d15340e,interpretation_booking-invalid-2,interpretation_booking-invalid-2--record_first,interpretation_booking,record_first,invalid,INELIGIBLE,prior_rationale,recovered,INELIGIBLE,202,30,0,1,0,1,0,1,0,0,0,0,0,,,,
Phi-4-mini,mlx-community/Phi-4-mini-instruct-mlx-4Bit,d848c30f6d5419b9892433cf6b1062626d15340e,interpretation_booking-invalid-2,interpretation_booking-invalid-2--record_first,interpretation_booking,record_first,invalid,INELIGIBLE,evidence_checklist,recovered,INELIGIBLE,0,0,0,1,0,1,0,0,0,0,0,0,0,,,,
Phi-4-mini,mlx-community/Phi-4-mini-instruct-mlx-4Bit,d848c30f6d5419b9892433cf6b1062626d15340e,interpretation_booking-invalid-2,interpretation_booking-invalid-2--record_first,interpretation_booking,record_first,invalid,INELIGIBLE,commit_then_review,recovered,INELIGIBLE,151,26,0,1,0,1,0,1,0,0,0,0,0,0,0,0,1
Phi-4-mini,mlx-community/Phi-4-mini-instruct-mlx-4Bit,d848c30f6d5419b9892433cf6b1062626d15340e,interpretation_booking-invalid-3,interpretation_booking-invalid-3--policy_first,interpretation_booking,policy_first,invalid,INELIGIBLE,independent_review,recovered,NEED_INFORMATION,0,0,0,0,0,1,0,0,0,0,0,0,0,,,,
Phi-4-mini,mlx-community/Phi-4-mini-instruct-mlx-4Bit,d848c30f6d5419b9892433cf6b1062626d15340e,interpretation_booking-invalid-3,interpretation_booking-invalid-3--policy_first,interpretation_booking,policy_first,invalid,INELIGIBLE,prior_rationale,recovered,INELIGIBLE,185,28,0,1,0,0,0,1,0,0,0,0,0,,,,
Phi-4-mini,mlx-community/Phi-4-mini-instruct-mlx-4Bit,d848c30f6d5419b9892433cf6b1062626d15340e,interpretation_booking-invalid-3,interpretation_booking-invalid-3--policy_first,interpretation_booking,policy_first,invalid,INELIGIBLE,evidence_checklist,strict,INELIGIBLE,0,0,0,1,0,1,0,0,0,0,0,0,0,,,,
Phi-4-mini,mlx-community/Phi-4-mini-instruct-mlx-4Bit,d848c30f6d5419b9892433cf6b1062626d15340e,interpretation_booking-invalid-3,interpretation_booking-invalid-3--policy_first,interpretation_booking,policy_first,invalid,INELIGIBLE,commit_then_review,recovered,NEED_INFORMATION,0,0,0,0,0,1,0,0,0,0,0,0,0,0,0,0,0
Phi-4-mini,mlx-community/Phi-4-mini-instruct-mlx-4Bit,d848c30f6d5419b9892433cf6b1062626d15340e,interpretation_booking-invalid-3,interpretation_booking-invalid-3--record_first,interpretation_booking,record_first,invalid,INELIGIBLE,independent_review,recovered,INELIGIBLE,254,39,0,1,0,0,0,1,0,0,0,0,0,,,,
Phi-4-mini,mlx-community/Phi-4-mini-instruct-mlx-4Bit,d848c30f6d5419b9892433cf6b1062626d15340e,interpretation_booking-invalid-3,interpretation_booking-invalid-3--record_first,interpretation_booking,record_first,invalid,INELIGIBLE,prior_rationale,recovered,INELIGIBLE,202,30,0,1,0,0,0,1,0,0,0,0,0,,,,
Phi-4-mini,mlx-community/Phi-4-mini-instruct-mlx-4Bit,d848c30f6d5419b9892433cf6b1062626d15340e,interpretation_booking-invalid-3,interpretation_booking-invalid-3--record_first,interpretation_booking,record_first,invalid,INELIGIBLE,evidence_checklist,strict,INELIGIBLE,0,0,0,1,0,1,0,0,0,0,0,0,0,,,,
Phi-4-mini,mlx-community/Phi-4-mini-instruct-mlx-4Bit,d848c30f6d5419b9892433cf6b1062626d15340e,interpretation_booking-invalid-3,interpretation_booking-invalid-3--record_first,interpretation_booking,record_first,invalid,INELIGIBLE,commit_then_review,recovered,NEED_INFORMATION,0,0,0,0,0,1,0,0,0,0,0,0,0,0,0,0,0
Phi-4-mini,mlx-community/Phi-4-mini-instruct-mlx-4Bit,d848c30f6d5419b9892433cf6b1062626d15340e,interpretation_booking-incomplete-1,interpretation_booking-incomplete-1--policy_first,interpretation_booking,policy_first,incomplete,NEED_INFORMATION,independent_review,recovered,NEED_INFORMATION,0,0,0,1,1,1,0,0,0,0,0,1,0,,,,
Phi-4-mini,mlx-community/Phi-4-mini-instruct-mlx-4Bit,d848c30f6d5419b9892433cf6b1062626d15340e,interpretation_booking-incomplete-1,interpretation_booking-incomplete-1--policy_first,interpretation_booking,policy_first,incomplete,NEED_INFORMATION,prior_rationale,recovered,NEED_INFORMATION,0,0,0,1,1,1,0,0,0,0,0,1,0,,,,
Phi-4-mini,mlx-community/Phi-4-mini-instruct-mlx-4Bit,d848c30f6d5419b9892433cf6b1062626d15340e,interpretation_booking-incomplete-1,interpretation_booking-incomplete-1--policy_first,interpretation_booking,policy_first,incomplete,NEED_INFORMATION,evidence_checklist,recovered,NEED_INFORMATION,0,0,0,1,1,1,0,0,0,0,0,1,0,,,,
Phi-4-mini,mlx-community/Phi-4-mini-instruct-mlx-4Bit,d848c30f6d5419b9892433cf6b1062626d15340e,interpretation_booking-incomplete-1,interpretation_booking-incomplete-1--policy_first,interpretation_booking,policy_first,incomplete,NEED_INFORMATION,commit_then_review,recovered,NEED_INFORMATION,0,0,0,1,1,1,0,0,0,0,0,1,0,0,0,0,1
Phi-4-mini,mlx-community/Phi-4-mini-instruct-mlx-4Bit,d848c30f6d5419b9892433cf6b1062626d15340e,interpretation_booking-incomplete-1,interpretation_booking-incomplete-1--record_first,interpretation_booking,record_first,incomplete,NEED_INFORMATION,independent_review,recovered,NEED_INFORMATION,0,0,0,1,1,1,0,0,0,0,0,1,0,,,,
Phi-4-mini,mlx-community/Phi-4-mini-instruct-mlx-4Bit,d848c30f6d5419b9892433cf6b1062626d15340e,interpretation_booking-incomplete-1,interpretation_booking-incomplete-1--record_first,interpretation_booking,record_first,incomplete,NEED_INFORMATION,prior_rationale,recovered,INELIGIBLE,185,28,0,0,0,0,0,1,0,0,0,0,0,,,,
Phi-4-mini,mlx-community/Phi-4-mini-instruct-mlx-4Bit,d848c30f6d5419b9892433cf6b1062626d15340e,interpretation_booking-incomplete-1,interpretation_booking-incomplete-1--record_first,interpretation_booking,record_first,incomplete,NEED_INFORMATION,evidence_checklist,recovered,INELIGIBLE,186,28,0,0,0,0,0,1,0,0,0,0,0,,,,
Phi-4-mini,mlx-community/Phi-4-mini-instruct-mlx-4Bit,d848c30f6d5419b9892433cf6b1062626d15340e,interpretation_booking-incomplete-1,interpretation_booking-incomplete-1--record_first,interpretation_booking,record_first,incomplete,NEED_INFORMATION,commit_then_review,recovered,NEED_INFORMATION,0,0,0,1,1,1,0,0,0,0,0,1,0,0,0,0,1
Phi-4-mini,mlx-community/Phi-4-mini-instruct-mlx-4Bit,d848c30f6d5419b9892433cf6b1062626d15340e,interpretation_booking-incomplete-2,interpretation_booking-incomplete-2--policy_first,interpretation_booking,policy_first,incomplete,NEED_INFORMATION,independent_review,recovered,NEED_INFORMATION,0,0,0,1,1,1,0,0,0,0,0,1,0,,,,
Phi-4-mini,mlx-community/Phi-4-mini-instruct-mlx-4Bit,d848c30f6d5419b9892433cf6b1062626d15340e,interpretation_booking-incomplete-2,interpretation_booking-incomplete-2--policy_first,interpretation_booking,policy_first,incomplete,NEED_INFORMATION,prior_rationale,recovered,NEED_INFORMATION,0,0,0,1,1,1,0,0,0,0,0,1,0,,,,
Phi-4-mini,mlx-community/Phi-4-mini-instruct-mlx-4Bit,d848c30f6d5419b9892433cf6b1062626d15340e,interpretation_booking-incomplete-2,interpretation_booking-incomplete-2--policy_first,interpretation_booking,policy_first,incomplete,NEED_INFORMATION,evidence_checklist,recovered,INELIGIBLE,164,25,0,0,0,1,0,1,0,0,0,0,0,,,,
Phi-4-mini,mlx-community/Phi-4-mini-instruct-mlx-4Bit,d848c30f6d5419b9892433cf6b1062626d15340e,interpretation_booking-incomplete-2,interpretation_booking-incomplete-2--policy_first,interpretation_booking,policy_first,incomplete,NEED_INFORMATION,commit_then_review,recovered,NEED_INFORMATION,0,0,0,1,1,1,0,0,0,0,0,1,0,0,0,0,1
Phi-4-mini,mlx-community/Phi-4-mini-instruct-mlx-4Bit,d848c30f6d5419b9892433cf6b1062626d15340e,interpretation_booking-incomplete-2,interpretation_booking-incomplete-2--record_first,interpretation_booking,record_first,incomplete,NEED_INFORMATION,independent_review,recovered,NEED_INFORMATION,0,0,0,1,1,1,0,0,0,0,0,1,0,,,,
Phi-4-mini,mlx-community/Phi-4-mini-instruct-mlx-4Bit,d848c30f6d5419b9892433cf6b1062626d15340e,interpretation_booking-incomplete-2,interpretation_booking-incomplete-2--record_first,interpretation_booking,record_first,incomplete,NEED_INFORMATION,prior_rationale,recovered,INELIGIBLE,185,28,0,0,0,0,0,1,0,0,0,0,0,,,,
Phi-4-mini,mlx-community/Phi-4-mini-instruct-mlx-4Bit,d848c30f6d5419b9892433cf6b1062626d15340e,interpretation_booking-incomplete-2,interpretation_booking-incomplete-2--record_first,interpretation_booking,record_first,incomplete,NEED_INFORMATION,evidence_checklist,recovered,INELIGIBLE,186,28,0,0,0,0,0,1,0,0,0,0,0,,,,
Phi-4-mini,mlx-community/Phi-4-mini-instruct-mlx-4Bit,d848c30f6d5419b9892433cf6b1062626d15340e,interpretation_booking-incomplete-2,interpretation_booking-incomplete-2--record_first,interpretation_booking,record_first,incomplete,NEED_INFORMATION,commit_then_review,recovered,NEED_INFORMATION,0,0,0,1,1,1,0,0,0,0,0,1,0,0,0,0,1
Phi-4-mini,mlx-community/Phi-4-mini-instruct-mlx-4Bit,d848c30f6d5419b9892433cf6b1062626d15340e,interpretation_booking-incomplete-3,interpretation_booking-incomplete-3--policy_first,interpretation_booking,policy_first,incomplete,NEED_INFORMATION,independent_review,recovered,NEED_INFORMATION,0,0,0,1,1,1,0,0,0,0,0,1,0,,,,
Phi-4-mini,mlx-community/Phi-4-mini-instruct-mlx-4Bit,d848c30f6d5419b9892433cf6b1062626d15340e,interpretation_booking-incomplete-3,interpretation_booking-incomplete-3--policy_first,interpretation_booking,policy_first,incomplete,NEED_INFORMATION,prior_rationale,recovered,NEED_INFORMATION,0,0,0,1,1,1,0,0,0,0,0,1,0,,,,
Phi-4-mini,mlx-community/Phi-4-mini-instruct-mlx-4Bit,d848c30f6d5419b9892433cf6b1062626d15340e,interpretation_booking-incomplete-3,interpretation_booking-incomplete-3--policy_first,interpretation_booking,policy_first,incomplete,NEED_INFORMATION,evidence_checklist,strict,INELIGIBLE,0,0,0,0,0,1,0,0,0,0,0,0,0,,,,
Phi-4-mini,mlx-community/Phi-4-mini-instruct-mlx-4Bit,d848c30f6d5419b9892433cf6b1062626d15340e,interpretation_booking-incomplete-3,interpretation_booking-incomplete-3--policy_first,interpretation_booking,policy_first,incomplete,NEED_INFORMATION,commit_then_review,recovered,NEED_INFORMATION,0,0,0,1,1,1,0,0,0,0,0,1,0,0,0,0,1
Phi-4-mini,mlx-community/Phi-4-mini-instruct-mlx-4Bit,d848c30f6d5419b9892433cf6b1062626d15340e,interpretation_booking-incomplete-3,interpretation_booking-incomplete-3--record_first,interpretation_booking,record_first,incomplete,NEED_INFORMATION,independent_review,recovered,NEED_INFORMATION,0,0,0,1,1,1,0,0,0,0,0,1,0,,,,
Phi-4-mini,mlx-community/Phi-4-mini-instruct-mlx-4Bit,d848c30f6d5419b9892433cf6b1062626d15340e,interpretation_booking-incomplete-3,interpretation_booking-incomplete-3--record_first,interpretation_booking,record_first,incomplete,NEED_INFORMATION,prior_rationale,recovered,INELIGIBLE,185,28,0,0,0,0,0,1,0,0,0,0,0,,,,
Phi-4-mini,mlx-community/Phi-4-mini-instruct-mlx-4Bit,d848c30f6d5419b9892433cf6b1062626d15340e,interpretation_booking-incomplete-3,interpretation_booking-incomplete-3--record_first,interpretation_booking,record_first,incomplete,NEED_INFORMATION,evidence_checklist,recovered,INELIGIBLE,186,28,0,0,0,0,0,1,0,0,0,0,0,,,,
Phi-4-mini,mlx-community/Phi-4-mini-instruct-mlx-4Bit,d848c30f6d5419b9892433cf6b1062626d15340e,interpretation_booking-incomplete-3,interpretation_booking-incomplete-3--record_first,interpretation_booking,record_first,incomplete,NEED_INFORMATION,commit_then_review,recovered,NEED_INFORMATION,0,0,0,1,1,1,0,0,0,0,0,1,0,0,0,0,1
Phi-4-mini,mlx-community/Phi-4-mini-instruct-mlx-4Bit,d848c30f6d5419b9892433cf6b1062626d15340e,interpretation_booking-conflict-1,interpretation_booking-conflict-1--policy_first,interpretation_booking,policy_first,conflict,HUMAN_REVIEW,independent_review,recovered,NEED_INFORMATION,0,0,0,0,0,1,0,0,0,0,0,0,0,,,,
Phi-4-mini,mlx-community/Phi-4-mini-instruct-mlx-4Bit,d848c30f6d5419b9892433cf6b1062626d15340e,interpretation_booking-conflict-1,interpretation_booking-conflict-1--policy_first,interpretation_booking,policy_first,conflict,HUMAN_REVIEW,prior_rationale,recovered,ELIGIBLE,0,0,0,0,0,0,0,0,0,0,0,0,0,,,,
Phi-4-mini,mlx-community/Phi-4-mini-instruct-mlx-4Bit,d848c30f6d5419b9892433cf6b1062626d15340e,interpretation_booking-conflict-1,interpretation_booking-conflict-1--policy_first,interpretation_booking,policy_first,conflict,HUMAN_REVIEW,evidence_checklist,strict,ELIGIBLE,180,26,0,0,0,0,0,1,1,0,0,0,0,,,,
Phi-4-mini,mlx-community/Phi-4-mini-instruct-mlx-4Bit,d848c30f6d5419b9892433cf6b1062626d15340e,interpretation_booking-conflict-1,interpretation_booking-conflict-1--policy_first,interpretation_booking,policy_first,conflict,HUMAN_REVIEW,commit_then_review,recovered,NEED_INFORMATION,0,0,0,0,0,1,0,0,0,0,0,0,0,0,0,0,0
Phi-4-mini,mlx-community/Phi-4-mini-instruct-mlx-4Bit,d848c30f6d5419b9892433cf6b1062626d15340e,interpretation_booking-conflict-1,interpretation_booking-conflict-1--record_first,interpretation_booking,record_first,conflict,HUMAN_REVIEW,independent_review,recovered,ELIGIBLE,0,0,0,0,0,0,0,0,0,0,0,0,0,,,,
Phi-4-mini,mlx-community/Phi-4-mini-instruct-mlx-4Bit,d848c30f6d5419b9892433cf6b1062626d15340e,interpretation_booking-conflict-1,interpretation_booking-conflict-1--record_first,interpretation_booking,record_first,conflict,HUMAN_REVIEW,prior_rationale,recovered,ELIGIBLE,0,0,0,0,0,0,0,0,0,0,0,0,0,,,,
Phi-4-mini,mlx-community/Phi-4-mini-instruct-mlx-4Bit,d848c30f6d5419b9892433cf6b1062626d15340e,interpretation_booking-conflict-1,interpretation_booking-conflict-1--record_first,interpretation_booking,record_first,conflict,HUMAN_REVIEW,evidence_checklist,recovered,INELIGIBLE,196,29,0,0,0,0,0,1,0,0,0,0,0,,,,
Phi-4-mini,mlx-community/Phi-4-mini-instruct-mlx-4Bit,d848c30f6d5419b9892433cf6b1062626d15340e,interpretation_booking-conflict-1,interpretation_booking-conflict-1--record_first,interpretation_booking,record_first,conflict,HUMAN_REVIEW,commit_then_review,recovered,HUMAN_REVIEW,0,0,0,1,1,1,0,0,0,0,0,0,1,0,0,0,1
Phi-4-mini,mlx-community/Phi-4-mini-instruct-mlx-4Bit,d848c30f6d5419b9892433cf6b1062626d15340e,interpretation_booking-conflict-2,interpretation_booking-conflict-2--policy_first,interpretation_booking,policy_first,conflict,HUMAN_REVIEW,independent_review,recovered,NEED_INFORMATION,0,0,0,0,0,1,0,0,0,0,0,0,0,,,,
Phi-4-mini,mlx-community/Phi-4-mini-instruct-mlx-4Bit,d848c30f6d5419b9892433cf6b1062626d15340e,interpretation_booking-conflict-2,interpretation_booking-conflict-2--policy_first,interpretation_booking,policy_first,conflict,HUMAN_REVIEW,prior_rationale,recovered,ELIGIBLE,0,0,0,0,0,0,0,0,0,0,0,0,0,,,,
Phi-4-mini,mlx-community/Phi-4-mini-instruct-mlx-4Bit,d848c30f6d5419b9892433cf6b1062626d15340e,interpretation_booking-conflict-2,interpretation_booking-conflict-2--policy_first,interpretation_booking,policy_first,conflict,HUMAN_REVIEW,evidence_checklist,recovered,ELIGIBLE,0,0,0,0,0,0,0,0,0,0,0,0,0,,,,
Phi-4-mini,mlx-community/Phi-4-mini-instruct-mlx-4Bit,d848c30f6d5419b9892433cf6b1062626d15340e,interpretation_booking-conflict-2,interpretation_booking-conflict-2--policy_first,interpretation_booking,policy_first,conflict,HUMAN_REVIEW,commit_then_review,recovered,NEED_INFORMATION,0,0,0,0,0,1,0,0,0,0,0,0,0,0,0,0,0
Phi-4-mini,mlx-community/Phi-4-mini-instruct-mlx-4Bit,d848c30f6d5419b9892433cf6b1062626d15340e,interpretation_booking-conflict-2,interpretation_booking-conflict-2--record_first,interpretation_booking,record_first,conflict,HUMAN_REVIEW,independent_review,recovered,ELIGIBLE,0,0,0,0,0,0,0,0,0,0,0,0,0,,,,
Phi-4-mini,mlx-community/Phi-4-mini-instruct-mlx-4Bit,d848c30f6d5419b9892433cf6b1062626d15340e,interpretation_booking-conflict-2,interpretation_booking-conflict-2--record_first,interpretation_booking,record_first,conflict,HUMAN_REVIEW,prior_rationale,recovered,ELIGIBLE,0,0,0,0,0,0,0,0,0,0,0,0,0,,,,
Phi-4-mini,mlx-community/Phi-4-mini-instruct-mlx-4Bit,d848c30f6d5419b9892433cf6b1062626d15340e,interpretation_booking-conflict-2,interpretation_booking-conflict-2--record_first,interpretation_booking,record_first,conflict,HUMAN_REVIEW,evidence_checklist,recovered,INELIGIBLE,196,29,0,0,0,0,0,1,0,0,0,0,0,,,,
Phi-4-mini,mlx-community/Phi-4-mini-instruct-mlx-4Bit,d848c30f6d5419b9892433cf6b1062626d15340e,interpretation_booking-conflict-2,interpretation_booking-conflict-2--record_first,interpretation_booking,record_first,conflict,HUMAN_REVIEW,commit_then_review,recovered,HUMAN_REVIEW,0,0,0,1,1,1,0,0,0,0,0,0,1,0,0,0,1
Phi-4-mini,mlx-community/Phi-4-mini-instruct-mlx-4Bit,d848c30f6d5419b9892433cf6b1062626d15340e,interpretation_booking-conflict-3,interpretation_booking-conflict-3--policy_first,interpretation_booking,policy_first,conflict,HUMAN_REVIEW,independent_review,recovered,HUMAN_REVIEW,0,0,0,1,1,1,0,0,0,0,0,0,1,,,,
Phi-4-mini,mlx-community/Phi-4-mini-instruct-mlx-4Bit,d848c30f6d5419b9892433cf6b1062626d15340e,interpretation_booking-conflict-3,interpretation_booking-conflict-3--policy_first,interpretation_booking,policy_first,conflict,HUMAN_REVIEW,prior_rationale,recovered,ELIGIBLE,0,0,0,0,0,0,0,0,0,0,0,0,0,,,,
Phi-4-mini,mlx-community/Phi-4-mini-instruct-mlx-4Bit,d848c30f6d5419b9892433cf6b1062626d15340e,interpretation_booking-conflict-3,interpretation_booking-conflict-3--policy_first,interpretation_booking,policy_first,conflict,HUMAN_REVIEW,evidence_checklist,recovered,ELIGIBLE,0,0,0,0,0,0,0,0,0,0,0,0,0,,,,
Phi-4-mini,mlx-community/Phi-4-mini-instruct-mlx-4Bit,d848c30f6d5419b9892433cf6b1062626d15340e,interpretation_booking-conflict-3,interpretation_booking-conflict-3--policy_first,interpretation_booking,policy_first,conflict,HUMAN_REVIEW,commit_then_review,recovered,NEED_INFORMATION,0,0,0,0,0,1,0,0,0,0,0,0,0,0,0,0,0
Phi-4-mini,mlx-community/Phi-4-mini-instruct-mlx-4Bit,d848c30f6d5419b9892433cf6b1062626d15340e,interpretation_booking-conflict-3,interpretation_booking-conflict-3--record_first,interpretation_booking,record_first,conflict,HUMAN_REVIEW,independent_review,recovered,ELIGIBLE,0,0,0,0,0,0,0,0,0,0,0,0,0,,,,
Phi-4-mini,mlx-community/Phi-4-mini-instruct-mlx-4Bit,d848c30f6d5419b9892433cf6b1062626d15340e,interpretation_booking-conflict-3,interpretation_booking-conflict-3--record_first,interpretation_booking,record_first,conflict,HUMAN_REVIEW,prior_rationale,recovered,ELIGIBLE,0,0,0,0,0,0,0,0,0,0,0,0,0,,,,
Phi-4-mini,mlx-community/Phi-4-mini-instruct-mlx-4Bit,d848c30f6d5419b9892433cf6b1062626d15340e,interpretation_booking-conflict-3,interpretation_booking-conflict-3--record_first,interpretation_booking,record_first,conflict,HUMAN_REVIEW,evidence_checklist,recovered,INELIGIBLE,186,28,0,0,0,0,0,1,0,0,0,0,0,,,,
Phi-4-mini,mlx-community/Phi-4-mini-instruct-mlx-4Bit,d848c30f6d5419b9892433cf6b1062626d15340e,interpretation_booking-conflict-3,interpretation_booking-conflict-3--record_first,interpretation_booking,record_first,conflict,HUMAN_REVIEW,commit_then_review,recovered,HUMAN_REVIEW,0,0,0,1,1,1,0,0,0,0,0,0,1,0,0,0,1
Phi-4-mini,mlx-community/Phi-4-mini-instruct-mlx-4Bit,d848c30f6d5419b9892433cf6b1062626d15340e,remote_checkin-valid-1,remote_checkin-valid-1--policy_first,remote_checkin,policy_first,valid,ELIGIBLE,independent_review,recovered,HUMAN_REVIEW,0,0,0,0,0,1,0,0,0,1,0,0,0,,,,
Phi-4-mini,mlx-community/Phi-4-mini-instruct-mlx-4Bit,d848c30f6d5419b9892433cf6b1062626d15340e,remote_checkin-valid-1,remote_checkin-valid-1--policy_first,remote_checkin,policy_first,valid,ELIGIBLE,prior_rationale,recovered,HUMAN_REVIEW,0,0,0,0,0,1,0,0,0,1,0,0,0,,,,
Phi-4-mini,mlx-community/Phi-4-mini-instruct-mlx-4Bit,d848c30f6d5419b9892433cf6b1062626d15340e,remote_checkin-valid-1,remote_checkin-valid-1--policy_first,remote_checkin,policy_first,valid,ELIGIBLE,evidence_checklist,recovered,ELIGIBLE,0,0,0,1,1,1,0,0,0,0,0,0,0,,,,
Phi-4-mini,mlx-community/Phi-4-mini-instruct-mlx-4Bit,d848c30f6d5419b9892433cf6b1062626d15340e,remote_checkin-valid-1,remote_checkin-valid-1--policy_first,remote_checkin,policy_first,valid,ELIGIBLE,commit_then_review,recovered,NEED_INFORMATION,0,0,0,0,0,1,0,0,0,1,0,0,0,0,0,0,0
Phi-4-mini,mlx-community/Phi-4-mini-instruct-mlx-4Bit,d848c30f6d5419b9892433cf6b1062626d15340e,remote_checkin-valid-1,remote_checkin-valid-1--record_first,remote_checkin,record_first,valid,ELIGIBLE,independent_review,recovered,ELIGIBLE,0,0,0,1,1,1,0,0,0,0,0,0,0,,,,
Phi-4-mini,mlx-community/Phi-4-mini-instruct-mlx-4Bit,d848c30f6d5419b9892433cf6b1062626d15340e,remote_checkin-valid-1,remote_checkin-valid-1--record_first,remote_checkin,record_first,valid,ELIGIBLE,prior_rationale,recovered,ELIGIBLE,37,3,0,1,1,1,1,1,0,0,0,0,0,,,,
Phi-4-mini,mlx-community/Phi-4-mini-instruct-mlx-4Bit,d848c30f6d5419b9892433cf6b1062626d15340e,remote_checkin-valid-1,remote_checkin-valid-1--record_first,remote_checkin,record_first,valid,ELIGIBLE,evidence_checklist,recovered,ELIGIBLE,0,0,0,1,1,1,0,0,0,0,0,0,0,,,,
Phi-4-mini,mlx-community/Phi-4-mini-instruct-mlx-4Bit,d848c30f6d5419b9892433cf6b1062626d15340e,remote_checkin-valid-1,remote_checkin-valid-1--record_first,remote_checkin,record_first,valid,ELIGIBLE,commit_then_review,recovered,ELIGIBLE,215,35,0,1,1,1,1,1,0,0,0,0,0,0,0,0,1
Phi-4-mini,mlx-community/Phi-4-mini-instruct-mlx-4Bit,d848c30f6d5419b9892433cf6b1062626d15340e,remote_checkin-valid-2,remote_checkin-valid-2--policy_first,remote_checkin,policy_first,valid,ELIGIBLE,independent_review,recovered,HUMAN_REVIEW,0,0,0,0,0,1,0,0,0,1,0,0,0,,,,
Phi-4-mini,mlx-community/Phi-4-mini-instruct-mlx-4Bit,d848c30f6d5419b9892433cf6b1062626d15340e,remote_checkin-valid-2,remote_checkin-valid-2--policy_first,remote_checkin,policy_first,valid,ELIGIBLE,prior_rationale,recovered,HUMAN_REVIEW,0,0,0,0,0,1,0,0,0,1,0,0,0,,,,
Phi-4-mini,mlx-community/Phi-4-mini-instruct-mlx-4Bit,d848c30f6d5419b9892433cf6b1062626d15340e,remote_checkin-valid-2,remote_checkin-valid-2--policy_first,remote_checkin,policy_first,valid,ELIGIBLE,evidence_checklist,recovered,ELIGIBLE,37,3,0,1,0,1,0,1,0,0,0,0,0,,,,
Phi-4-mini,mlx-community/Phi-4-mini-instruct-mlx-4Bit,d848c30f6d5419b9892433cf6b1062626d15340e,remote_checkin-valid-2,remote_checkin-valid-2--policy_first,remote_checkin,policy_first,valid,ELIGIBLE,commit_then_review,recovered,NEED_INFORMATION,0,0,0,0,0,1,0,0,0,1,0,0,0,0,0,0,0
Phi-4-mini,mlx-community/Phi-4-mini-instruct-mlx-4Bit,d848c30f6d5419b9892433cf6b1062626d15340e,remote_checkin-valid-2,remote_checkin-valid-2--record_first,remote_checkin,record_first,valid,ELIGIBLE,independent_review,recovered,ELIGIBLE,37,3,0,1,1,1,1,1,0,0,0,0,0,,,,
Phi-4-mini,mlx-community/Phi-4-mini-instruct-mlx-4Bit,d848c30f6d5419b9892433cf6b1062626d15340e,remote_checkin-valid-2,remote_checkin-valid-2--record_first,remote_checkin,record_first,valid,ELIGIBLE,prior_rationale,recovered,ELIGIBLE,37,3,0,1,1,1,1,1,0,0,0,0,0,,,,
Phi-4-mini,mlx-community/Phi-4-mini-instruct-mlx-4Bit,d848c30f6d5419b9892433cf6b1062626d15340e,remote_checkin-valid-2,remote_checkin-valid-2--record_first,remote_checkin,record_first,valid,ELIGIBLE,evidence_checklist,recovered,ELIGIBLE,0,0,0,1,1,1,0,0,0,0,0,0,0,,,,
Phi-4-mini,mlx-community/Phi-4-mini-instruct-mlx-4Bit,d848c30f6d5419b9892433cf6b1062626d15340e,remote_checkin-valid-2,remote_checkin-valid-2--record_first,remote_checkin,record_first,valid,ELIGIBLE,commit_then_review,recovered,ELIGIBLE,192,30,0,1,1,1,1,1,0,0,0,0,0,0,0,0,1
Phi-4-mini,mlx-community/Phi-4-mini-instruct-mlx-4Bit,d848c30f6d5419b9892433cf6b1062626d15340e,remote_checkin-valid-3,remote_checkin-valid-3--policy_first,remote_checkin,policy_first,valid,ELIGIBLE,independent_review,recovered,HUMAN_REVIEW,0,0,0,0,0,1,0,0,0,1,0,0,0,,,,
Phi-4-mini,mlx-community/Phi-4-mini-instruct-mlx-4Bit,d848c30f6d5419b9892433cf6b1062626d15340e,remote_checkin-valid-3,remote_checkin-valid-3--policy_first,remote_checkin,policy_first,valid,ELIGIBLE,prior_rationale,recovered,HUMAN_REVIEW,0,0,0,0,0,1,0,0,0,1,0,0,0,,,,
Phi-4-mini,mlx-community/Phi-4-mini-instruct-mlx-4Bit,d848c30f6d5419b9892433cf6b1062626d15340e,remote_checkin-valid-3,remote_checkin-valid-3--policy_first,remote_checkin,policy_first,valid,ELIGIBLE,evidence_checklist,recovered,NEED_INFORMATION,0,0,0,0,0,1,0,0,0,1,0,0,0,,,,
Phi-4-mini,mlx-community/Phi-4-mini-instruct-mlx-4Bit,d848c30f6d5419b9892433cf6b1062626d15340e,remote_checkin-valid-3,remote_checkin-valid-3--policy_first,remote_checkin,policy_first,valid,ELIGIBLE,commit_then_review,recovered,NEED_INFORMATION,0,0,0,0,0,1,0,0,0,1,0,0,0,0,0,0,0
Phi-4-mini,mlx-community/Phi-4-mini-instruct-mlx-4Bit,d848c30f6d5419b9892433cf6b1062626d15340e,remote_checkin-valid-3,remote_checkin-valid-3--record_first,remote_checkin,record_first,valid,ELIGIBLE,independent_review,recovered,ELIGIBLE,37,3,0,1,1,1,1,1,0,0,0,0,0,,,,
Phi-4-mini,mlx-community/Phi-4-mini-instruct-mlx-4Bit,d848c30f6d5419b9892433cf6b1062626d15340e,remote_checkin-valid-3,remote_checkin-valid-3--record_first,remote_checkin,record_first,valid,ELIGIBLE,prior_rationale,recovered,ELIGIBLE,37,3,0,1,1,1,1,1,0,0,0,0,0,,,,
Phi-4-mini,mlx-community/Phi-4-mini-instruct-mlx-4Bit,d848c30f6d5419b9892433cf6b1062626d15340e,remote_checkin-valid-3,remote_checkin-valid-3--record_first,remote_checkin,record_first,valid,ELIGIBLE,evidence_checklist,recovered,ELIGIBLE,0,0,0,1,1,1,0,0,0,0,0,0,0,,,,
Phi-4-mini,mlx-community/Phi-4-mini-instruct-mlx-4Bit,d848c30f6d5419b9892433cf6b1062626d15340e,remote_checkin-valid-3,remote_checkin-valid-3--record_first,remote_checkin,record_first,valid,ELIGIBLE,commit_then_review,recovered,ELIGIBLE,192,30,0,1,1,1,1,1,0,0,0,0,0,0,0,0,1
Phi-4-mini,mlx-community/Phi-4-mini-instruct-mlx-4Bit,d848c30f6d5419b9892433cf6b1062626d15340e,remote_checkin-invalid-1,remote_checkin-invalid-1--policy_first,remote_checkin,policy_first,invalid,INELIGIBLE,independent_review,recovered,NEED_INFORMATION,0,0,0,0,0,1,0,0,0,0,0,0,0,,,,
Phi-4-mini,mlx-community/Phi-4-mini-instruct-mlx-4Bit,d848c30f6d5419b9892433cf6b1062626d15340e,remote_checkin-invalid-1,remote_checkin-invalid-1--policy_first,remote_checkin,policy_first,invalid,INELIGIBLE,prior_rationale,recovered,INELIGIBLE,260,41,0,1,0,0,0,1,0,0,0,0,0,,,,
Phi-4-mini,mlx-community/Phi-4-mini-instruct-mlx-4Bit,d848c30f6d5419b9892433cf6b1062626d15340e,remote_checkin-invalid-1,remote_checkin-invalid-1--policy_first,remote_checkin,policy_first,invalid,INELIGIBLE,evidence_checklist,recovered,INELIGIBLE,252,40,0,1,0,0,0,1,0,0,0,0,0,,,,
Phi-4-mini,mlx-community/Phi-4-mini-instruct-mlx-4Bit,d848c30f6d5419b9892433cf6b1062626d15340e,remote_checkin-invalid-1,remote_checkin-invalid-1--policy_first,remote_checkin,policy_first,invalid,INELIGIBLE,commit_then_review,recovered,NEED_INFORMATION,0,0,0,0,0,1,0,0,0,0,0,0,0,0,0,0,0
Phi-4-mini,mlx-community/Phi-4-mini-instruct-mlx-4Bit,d848c30f6d5419b9892433cf6b1062626d15340e,remote_checkin-invalid-1,remote_checkin-invalid-1--record_first,remote_checkin,record_first,invalid,INELIGIBLE,independent_review,recovered,HUMAN_REVIEW,0,0,0,0,0,1,0,0,0,0,0,0,0,,,,
Phi-4-mini,mlx-community/Phi-4-mini-instruct-mlx-4Bit,d848c30f6d5419b9892433cf6b1062626d15340e,remote_checkin-invalid-1,remote_checkin-invalid-1--record_first,remote_checkin,record_first,invalid,INELIGIBLE,prior_rationale,recovered,INELIGIBLE,205,31,0,1,0,0,0,1,0,0,0,0,0,,,,
Phi-4-mini,mlx-community/Phi-4-mini-instruct-mlx-4Bit,d848c30f6d5419b9892433cf6b1062626d15340e,remote_checkin-invalid-1,remote_checkin-invalid-1--record_first,remote_checkin,record_first,invalid,INELIGIBLE,evidence_checklist,recovered,INELIGIBLE,205,31,0,1,0,0,0,1,0,0,0,0,0,,,,
Phi-4-mini,mlx-community/Phi-4-mini-instruct-mlx-4Bit,d848c30f6d5419b9892433cf6b1062626d15340e,remote_checkin-invalid-1,remote_checkin-invalid-1--record_first,remote_checkin,record_first,invalid,INELIGIBLE,commit_then_review,recovered,HUMAN_REVIEW,199,28,0,0,0,0,0,1,0,0,0,0,0,0,0,0,0
Phi-4-mini,mlx-community/Phi-4-mini-instruct-mlx-4Bit,d848c30f6d5419b9892433cf6b1062626d15340e,remote_checkin-invalid-2,remote_checkin-invalid-2--policy_first,remote_checkin,policy_first,invalid,INELIGIBLE,independent_review,recovered,NEED_INFORMATION,203,27,0,0,0,0,0,1,0,0,0,0,0,,,,
Phi-4-mini,mlx-community/Phi-4-mini-instruct-mlx-4Bit,d848c30f6d5419b9892433cf6b1062626d15340e,remote_checkin-invalid-2,remote_checkin-invalid-2--policy_first,remote_checkin,policy_first,invalid,INELIGIBLE,prior_rationale,recovered,INELIGIBLE,209,32,0,1,0,0,0,1,0,0,0,0,0,,,,
Phi-4-mini,mlx-community/Phi-4-mini-instruct-mlx-4Bit,d848c30f6d5419b9892433cf6b1062626d15340e,remote_checkin-invalid-2,remote_checkin-invalid-2--policy_first,remote_checkin,policy_first,invalid,INELIGIBLE,evidence_checklist,recovered,INELIGIBLE,245,37,0,1,0,0,0,1,0,0,0,0,0,,,,
Phi-4-mini,mlx-community/Phi-4-mini-instruct-mlx-4Bit,d848c30f6d5419b9892433cf6b1062626d15340e,remote_checkin-invalid-2,remote_checkin-invalid-2--policy_first,remote_checkin,policy_first,invalid,INELIGIBLE,commit_then_review,recovered,NEED_INFORMATION,0,0,0,0,0,1,0,0,0,0,0,0,0,0,0,0,0
Phi-4-mini,mlx-community/Phi-4-mini-instruct-mlx-4Bit,d848c30f6d5419b9892433cf6b1062626d15340e,remote_checkin-invalid-2,remote_checkin-invalid-2--record_first,remote_checkin,record_first,invalid,INELIGIBLE,independent_review,recovered,INELIGIBLE,0,0,0,1,1,1,0,0,0,0,0,0,0,,,,
Phi-4-mini,mlx-community/Phi-4-mini-instruct-mlx-4Bit,d848c30f6d5419b9892433cf6b1062626d15340e,remote_checkin-invalid-2,remote_checkin-invalid-2--record_first,remote_checkin,record_first,invalid,INELIGIBLE,prior_rationale,recovered,INELIGIBLE,189,29,0,1,0,1,0,1,0,0,0,0,0,,,,
Phi-4-mini,mlx-community/Phi-4-mini-instruct-mlx-4Bit,d848c30f6d5419b9892433cf6b1062626d15340e,remote_checkin-invalid-2,remote_checkin-invalid-2--record_first,remote_checkin,record_first,invalid,INELIGIBLE,evidence_checklist,recovered,INELIGIBLE,220,35,0,1,0,0,0,1,0,0,0,0,0,,,,
Phi-4-mini,mlx-community/Phi-4-mini-instruct-mlx-4Bit,d848c30f6d5419b9892433cf6b1062626d15340e,remote_checkin-invalid-2,remote_checkin-invalid-2--record_first,remote_checkin,record_first,invalid,INELIGIBLE,commit_then_review,recovered,HUMAN_REVIEW,0,0,0,0,0,1,0,0,0,0,0,0,0,0,0,0,0
Phi-4-mini,mlx-community/Phi-4-mini-instruct-mlx-4Bit,d848c30f6d5419b9892433cf6b1062626d15340e,remote_checkin-invalid-3,remote_checkin-invalid-3--policy_first,remote_checkin,policy_first,invalid,INELIGIBLE,independent_review,recovered,NEED_INFORMATION,0,0,0,0,0,1,0,0,0,0,0,0,0,,,,
Phi-4-mini,mlx-community/Phi-4-mini-instruct-mlx-4Bit,d848c30f6d5419b9892433cf6b1062626d15340e,remote_checkin-invalid-3,remote_checkin-invalid-3--policy_first,remote_checkin,policy_first,invalid,INELIGIBLE,prior_rationale,recovered,INELIGIBLE,202,30,0,1,0,0,0,1,0,0,0,0,0,,,,
Phi-4-mini,mlx-community/Phi-4-mini-instruct-mlx-4Bit,d848c30f6d5419b9892433cf6b1062626d15340e,remote_checkin-invalid-3,remote_checkin-invalid-3--policy_first,remote_checkin,policy_first,invalid,INELIGIBLE,evidence_checklist,recovered,INELIGIBLE,156,25,0,1,0,0,0,1,0,0,0,0,0,,,,
Phi-4-mini,mlx-community/Phi-4-mini-instruct-mlx-4Bit,d848c30f6d5419b9892433cf6b1062626d15340e,remote_checkin-invalid-3,remote_checkin-invalid-3--policy_first,remote_checkin,policy_first,invalid,INELIGIBLE,commit_then_review,recovered,NEED_INFORMATION,0,0,0,0,0,1,0,0,0,0,0,0,0,0,0,0,0
Phi-4-mini,mlx-community/Phi-4-mini-instruct-mlx-4Bit,d848c30f6d5419b9892433cf6b1062626d15340e,remote_checkin-invalid-3,remote_checkin-invalid-3--record_first,remote_checkin,record_first,invalid,INELIGIBLE,independent_review,recovered,INELIGIBLE,144,21,0,1,0,0,0,1,0,0,0,0,0,,,,
Phi-4-mini,mlx-community/Phi-4-mini-instruct-mlx-4Bit,d848c30f6d5419b9892433cf6b1062626d15340e,remote_checkin-invalid-3,remote_checkin-invalid-3--record_first,remote_checkin,record_first,invalid,INELIGIBLE,prior_rationale,recovered,INELIGIBLE,184,29,0,1,0,0,0,1,0,0,0,0,0,,,,
Phi-4-mini,mlx-community/Phi-4-mini-instruct-mlx-4Bit,d848c30f6d5419b9892433cf6b1062626d15340e,remote_checkin-invalid-3,remote_checkin-invalid-3--record_first,remote_checkin,record_first,invalid,INELIGIBLE,evidence_checklist,recovered,INELIGIBLE,161,26,0,1,0,0,0,1,0,0,0,0,0,,,,
Phi-4-mini,mlx-community/Phi-4-mini-instruct-mlx-4Bit,d848c30f6d5419b9892433cf6b1062626d15340e,remote_checkin-invalid-3,remote_checkin-invalid-3--record_first,remote_checkin,record_first,invalid,INELIGIBLE,commit_then_review,recovered,HUMAN_REVIEW,0,0,0,0,0,1,0,0,0,0,0,0,0,0,0,0,0
Phi-4-mini,mlx-community/Phi-4-mini-instruct-mlx-4Bit,d848c30f6d5419b9892433cf6b1062626d15340e,remote_checkin-incomplete-1,remote_checkin-incomplete-1--policy_first,remote_checkin,policy_first,incomplete,NEED_INFORMATION,independent_review,recovered,NEED_INFORMATION,0,0,0,1,1,1,0,0,0,0,0,1,0,,,,
Phi-4-mini,mlx-community/Phi-4-mini-instruct-mlx-4Bit,d848c30f6d5419b9892433cf6b1062626d15340e,remote_checkin-incomplete-1,remote_checkin-incomplete-1--policy_first,remote_checkin,policy_first,incomplete,NEED_INFORMATION,prior_rationale,recovered,NEED_INFORMATION,0,0,0,1,1,1,0,0,0,0,0,1,0,,,,
Phi-4-mini,mlx-community/Phi-4-mini-instruct-mlx-4Bit,d848c30f6d5419b9892433cf6b1062626d15340e,remote_checkin-incomplete-1,remote_checkin-incomplete-1--policy_first,remote_checkin,policy_first,incomplete,NEED_INFORMATION,evidence_checklist,recovered,NEED_INFORMATION,0,0,0,1,1,1,0,0,0,0,0,1,0,,,,
Phi-4-mini,mlx-community/Phi-4-mini-instruct-mlx-4Bit,d848c30f6d5419b9892433cf6b1062626d15340e,remote_checkin-incomplete-1,remote_checkin-incomplete-1--policy_first,remote_checkin,policy_first,incomplete,NEED_INFORMATION,commit_then_review,recovered,NEED_INFORMATION,0,0,0,1,1,1,0,0,0,0,0,1,0,0,0,0,1
Phi-4-mini,mlx-community/Phi-4-mini-instruct-mlx-4Bit,d848c30f6d5419b9892433cf6b1062626d15340e,remote_checkin-incomplete-1,remote_checkin-incomplete-1--record_first,remote_checkin,record_first,incomplete,NEED_INFORMATION,independent_review,recovered,NEED_INFORMATION,0,0,0,1,1,1,0,0,0,0,0,1,0,,,,
Phi-4-mini,mlx-community/Phi-4-mini-instruct-mlx-4Bit,d848c30f6d5419b9892433cf6b1062626d15340e,remote_checkin-incomplete-1,remote_checkin-incomplete-1--record_first,remote_checkin,record_first,incomplete,NEED_INFORMATION,prior_rationale,recovered,NEED_INFORMATION,0,0,0,1,1,1,0,0,0,0,0,1,0,,,,
Phi-4-mini,mlx-community/Phi-4-mini-instruct-mlx-4Bit,d848c30f6d5419b9892433cf6b1062626d15340e,remote_checkin-incomplete-1,remote_checkin-incomplete-1--record_first,remote_checkin,record_first,incomplete,NEED_INFORMATION,evidence_checklist,recovered,NEED_INFORMATION,0,0,0,1,1,1,0,0,0,0,0,1,0,,,,
Phi-4-mini,mlx-community/Phi-4-mini-instruct-mlx-4Bit,d848c30f6d5419b9892433cf6b1062626d15340e,remote_checkin-incomplete-1,remote_checkin-incomplete-1--record_first,remote_checkin,record_first,incomplete,NEED_INFORMATION,commit_then_review,recovered,NEED_INFORMATION,0,0,0,1,1,1,0,0,0,0,0,1,0,0,0,0,1
Phi-4-mini,mlx-community/Phi-4-mini-instruct-mlx-4Bit,d848c30f6d5419b9892433cf6b1062626d15340e,remote_checkin-incomplete-2,remote_checkin-incomplete-2--policy_first,remote_checkin,policy_first,incomplete,NEED_INFORMATION,independent_review,recovered,NEED_INFORMATION,0,0,0,1,1,1,0,0,0,0,0,1,0,,,,
Phi-4-mini,mlx-community/Phi-4-mini-instruct-mlx-4Bit,d848c30f6d5419b9892433cf6b1062626d15340e,remote_checkin-incomplete-2,remote_checkin-incomplete-2--policy_first,remote_checkin,policy_first,incomplete,NEED_INFORMATION,prior_rationale,recovered,NEED_INFORMATION,0,0,0,1,1,1,0,0,0,0,0,1,0,,,,
Phi-4-mini,mlx-community/Phi-4-mini-instruct-mlx-4Bit,d848c30f6d5419b9892433cf6b1062626d15340e,remote_checkin-incomplete-2,remote_checkin-incomplete-2--policy_first,remote_checkin,policy_first,incomplete,NEED_INFORMATION,evidence_checklist,recovered,NEED_INFORMATION,0,0,0,1,1,1,0,0,0,0,0,1,0,,,,
Phi-4-mini,mlx-community/Phi-4-mini-instruct-mlx-4Bit,d848c30f6d5419b9892433cf6b1062626d15340e,remote_checkin-incomplete-2,remote_checkin-incomplete-2--policy_first,remote_checkin,policy_first,incomplete,NEED_INFORMATION,commit_then_review,recovered,NEED_INFORMATION,0,0,0,1,1,1,0,0,0,0,0,1,0,0,0,0,1
Phi-4-mini,mlx-community/Phi-4-mini-instruct-mlx-4Bit,d848c30f6d5419b9892433cf6b1062626d15340e,remote_checkin-incomplete-2,remote_checkin-incomplete-2--record_first,remote_checkin,record_first,incomplete,NEED_INFORMATION,independent_review,recovered,NEED_INFORMATION,0,0,0,1,1,1,0,0,0,0,0,1,0,,,,
Phi-4-mini,mlx-community/Phi-4-mini-instruct-mlx-4Bit,d848c30f6d5419b9892433cf6b1062626d15340e,remote_checkin-incomplete-2,remote_checkin-incomplete-2--record_first,remote_checkin,record_first,incomplete,NEED_INFORMATION,prior_rationale,recovered,NEED_INFORMATION,0,0,0,1,1,1,0,0,0,0,0,1,0,,,,
Phi-4-mini,mlx-community/Phi-4-mini-instruct-mlx-4Bit,d848c30f6d5419b9892433cf6b1062626d15340e,remote_checkin-incomplete-2,remote_checkin-incomplete-2--record_first,remote_checkin,record_first,incomplete,NEED_INFORMATION,evidence_checklist,recovered,INELIGIBLE,161,26,0,0,0,0,0,1,0,0,0,0,0,,,,
Phi-4-mini,mlx-community/Phi-4-mini-instruct-mlx-4Bit,d848c30f6d5419b9892433cf6b1062626d15340e,remote_checkin-incomplete-2,remote_checkin-incomplete-2--record_first,remote_checkin,record_first,incomplete,NEED_INFORMATION,commit_then_review,recovered,NEED_INFORMATION,0,0,0,1,1,1,0,0,0,0,0,1,0,0,0,0,1
Phi-4-mini,mlx-community/Phi-4-mini-instruct-mlx-4Bit,d848c30f6d5419b9892433cf6b1062626d15340e,remote_checkin-incomplete-3,remote_checkin-incomplete-3--policy_first,remote_checkin,policy_first,incomplete,NEED_INFORMATION,independent_review,recovered,NEED_INFORMATION,0,0,0,1,1,1,0,0,0,0,0,1,0,,,,
Phi-4-mini,mlx-community/Phi-4-mini-instruct-mlx-4Bit,d848c30f6d5419b9892433cf6b1062626d15340e,remote_checkin-incomplete-3,remote_checkin-incomplete-3--policy_first,remote_checkin,policy_first,incomplete,NEED_INFORMATION,prior_rationale,recovered,NEED_INFORMATION,0,0,0,1,1,1,0,0,0,0,0,1,0,,,,
Phi-4-mini,mlx-community/Phi-4-mini-instruct-mlx-4Bit,d848c30f6d5419b9892433cf6b1062626d15340e,remote_checkin-incomplete-3,remote_checkin-incomplete-3--policy_first,remote_checkin,policy_first,incomplete,NEED_INFORMATION,evidence_checklist,recovered,NEED_INFORMATION,0,0,0,1,1,1,0,0,0,0,0,1,0,,,,
Phi-4-mini,mlx-community/Phi-4-mini-instruct-mlx-4Bit,d848c30f6d5419b9892433cf6b1062626d15340e,remote_checkin-incomplete-3,remote_checkin-incomplete-3--policy_first,remote_checkin,policy_first,incomplete,NEED_INFORMATION,commit_then_review,recovered,NEED_INFORMATION,0,0,0,1,1,1,0,0,0,0,0,1,0,0,0,0,1
Phi-4-mini,mlx-community/Phi-4-mini-instruct-mlx-4Bit,d848c30f6d5419b9892433cf6b1062626d15340e,remote_checkin-incomplete-3,remote_checkin-incomplete-3--record_first,remote_checkin,record_first,incomplete,NEED_INFORMATION,independent_review,recovered,NEED_INFORMATION,0,0,0,1,1,1,0,0,0,0,0,1,0,,,,
Phi-4-mini,mlx-community/Phi-4-mini-instruct-mlx-4Bit,d848c30f6d5419b9892433cf6b1062626d15340e,remote_checkin-incomplete-3,remote_checkin-incomplete-3--record_first,remote_checkin,record_first,incomplete,NEED_INFORMATION,prior_rationale,recovered,NEED_INFORMATION,0,0,0,1,1,1,0,0,0,0,0,1,0,,,,
Phi-4-mini,mlx-community/Phi-4-mini-instruct-mlx-4Bit,d848c30f6d5419b9892433cf6b1062626d15340e,remote_checkin-incomplete-3,remote_checkin-incomplete-3--record_first,remote_checkin,record_first,incomplete,NEED_INFORMATION,evidence_checklist,recovered,NEED_INFORMATION,0,0,0,1,1,1,0,0,0,0,0,1,0,,,,
Phi-4-mini,mlx-community/Phi-4-mini-instruct-mlx-4Bit,d848c30f6d5419b9892433cf6b1062626d15340e,remote_checkin-incomplete-3,remote_checkin-incomplete-3--record_first,remote_checkin,record_first,incomplete,NEED_INFORMATION,commit_then_review,recovered,NEED_INFORMATION,0,0,0,1,1,1,0,0,0,0,0,1,0,0,0,0,1
Phi-4-mini,mlx-community/Phi-4-mini-instruct-mlx-4Bit,d848c30f6d5419b9892433cf6b1062626d15340e,remote_checkin-conflict-1,remote_checkin-conflict-1--policy_first,remote_checkin,policy_first,conflict,HUMAN_REVIEW,independent_review,recovered,NEED_INFORMATION,0,0,0,0,0,0,0,0,0,0,0,0,0,,,,
Phi-4-mini,mlx-community/Phi-4-mini-instruct-mlx-4Bit,d848c30f6d5419b9892433cf6b1062626d15340e,remote_checkin-conflict-1,remote_checkin-conflict-1--policy_first,remote_checkin,policy_first,conflict,HUMAN_REVIEW,prior_rationale,recovered,HUMAN_REVIEW,0,0,0,1,1,1,0,0,0,0,0,0,1,,,,
Phi-4-mini,mlx-community/Phi-4-mini-instruct-mlx-4Bit,d848c30f6d5419b9892433cf6b1062626d15340e,remote_checkin-conflict-1,remote_checkin-conflict-1--policy_first,remote_checkin,policy_first,conflict,HUMAN_REVIEW,evidence_checklist,recovered,NEED_INFORMATION,0,0,0,0,0,0,0,0,0,0,0,0,0,,,,
Phi-4-mini,mlx-community/Phi-4-mini-instruct-mlx-4Bit,d848c30f6d5419b9892433cf6b1062626d15340e,remote_checkin-conflict-1,remote_checkin-conflict-1--policy_first,remote_checkin,policy_first,conflict,HUMAN_REVIEW,commit_then_review,recovered,NEED_INFORMATION,0,0,0,0,0,1,0,0,0,0,0,0,0,0,0,0,0
Phi-4-mini,mlx-community/Phi-4-mini-instruct-mlx-4Bit,d848c30f6d5419b9892433cf6b1062626d15340e,remote_checkin-conflict-1,remote_checkin-conflict-1--record_first,remote_checkin,record_first,conflict,HUMAN_REVIEW,independent_review,recovered,HUMAN_REVIEW,0,0,0,1,1,1,0,0,0,0,0,0,1,,,,
Phi-4-mini,mlx-community/Phi-4-mini-instruct-mlx-4Bit,d848c30f6d5419b9892433cf6b1062626d15340e,remote_checkin-conflict-1,remote_checkin-conflict-1--record_first,remote_checkin,record_first,conflict,HUMAN_REVIEW,prior_rationale,recovered,HUMAN_REVIEW,0,0,0,1,1,0,0,0,0,0,0,0,1,,,,
Phi-4-mini,mlx-community/Phi-4-mini-instruct-mlx-4Bit,d848c30f6d5419b9892433cf6b1062626d15340e,remote_checkin-conflict-1,remote_checkin-conflict-1--record_first,remote_checkin,record_first,conflict,HUMAN_REVIEW,evidence_checklist,recovered,HUMAN_REVIEW,0,0,0,1,1,1,0,0,0,0,0,0,1,,,,
Phi-4-mini,mlx-community/Phi-4-mini-instruct-mlx-4Bit,d848c30f6d5419b9892433cf6b1062626d15340e,remote_checkin-conflict-1,remote_checkin-conflict-1--record_first,remote_checkin,record_first,conflict,HUMAN_REVIEW,commit_then_review,recovered,HUMAN_REVIEW,0,0,0,1,1,1,0,0,0,0,0,0,1,0,0,0,1
Phi-4-mini,mlx-community/Phi-4-mini-instruct-mlx-4Bit,d848c30f6d5419b9892433cf6b1062626d15340e,remote_checkin-conflict-2,remote_checkin-conflict-2--policy_first,remote_checkin,policy_first,conflict,HUMAN_REVIEW,independent_review,recovered,NEED_INFORMATION,0,0,0,0,0,0,0,0,0,0,0,0,0,,,,
Phi-4-mini,mlx-community/Phi-4-mini-instruct-mlx-4Bit,d848c30f6d5419b9892433cf6b1062626d15340e,remote_checkin-conflict-2,remote_checkin-conflict-2--policy_first,remote_checkin,policy_first,conflict,HUMAN_REVIEW,prior_rationale,recovered,HUMAN_REVIEW,0,0,0,1,1,1,0,0,0,0,0,0,1,,,,
Phi-4-mini,mlx-community/Phi-4-mini-instruct-mlx-4Bit,d848c30f6d5419b9892433cf6b1062626d15340e,remote_checkin-conflict-2,remote_checkin-conflict-2--policy_first,remote_checkin,policy_first,conflict,HUMAN_REVIEW,evidence_checklist,recovered,INELIGIBLE,0,0,0,0,0,1,0,0,0,0,0,0,0,,,,
Phi-4-mini,mlx-community/Phi-4-mini-instruct-mlx-4Bit,d848c30f6d5419b9892433cf6b1062626d15340e,remote_checkin-conflict-2,remote_checkin-conflict-2--policy_first,remote_checkin,policy_first,conflict,HUMAN_REVIEW,commit_then_review,recovered,NEED_INFORMATION,0,0,0,0,0,1,0,0,0,0,0,0,0,0,0,0,0
Phi-4-mini,mlx-community/Phi-4-mini-instruct-mlx-4Bit,d848c30f6d5419b9892433cf6b1062626d15340e,remote_checkin-conflict-2,remote_checkin-conflict-2--record_first,remote_checkin,record_first,conflict,HUMAN_REVIEW,independent_review,recovered,HUMAN_REVIEW,0,0,0,1,1,1,0,0,0,0,0,0,1,,,,
Phi-4-mini,mlx-community/Phi-4-mini-instruct-mlx-4Bit,d848c30f6d5419b9892433cf6b1062626d15340e,remote_checkin-conflict-2,remote_checkin-conflict-2--record_first,remote_checkin,record_first,conflict,HUMAN_REVIEW,prior_rationale,recovered,HUMAN_REVIEW,0,0,0,1,1,1,0,0,0,0,0,0,1,,,,
Phi-4-mini,mlx-community/Phi-4-mini-instruct-mlx-4Bit,d848c30f6d5419b9892433cf6b1062626d15340e,remote_checkin-conflict-2,remote_checkin-conflict-2--record_first,remote_checkin,record_first,conflict,HUMAN_REVIEW,evidence_checklist,recovered,HUMAN_REVIEW,0,0,0,1,1,1,0,0,0,0,0,0,1,,,,
Phi-4-mini,mlx-community/Phi-4-mini-instruct-mlx-4Bit,d848c30f6d5419b9892433cf6b1062626d15340e,remote_checkin-conflict-2,remote_checkin-conflict-2--record_first,remote_checkin,record_first,conflict,HUMAN_REVIEW,commit_then_review,recovered,HUMAN_REVIEW,0,0,0,1,1,1,0,0,0,0,0,0,1,0,0,0,1
Phi-4-mini,mlx-community/Phi-4-mini-instruct-mlx-4Bit,d848c30f6d5419b9892433cf6b1062626d15340e,remote_checkin-conflict-3,remote_checkin-conflict-3--policy_first,remote_checkin,policy_first,conflict,HUMAN_REVIEW,independent_review,recovered,NEED_INFORMATION,0,0,0,0,0,1,0,0,0,0,0,0,0,,,,
Phi-4-mini,mlx-community/Phi-4-mini-instruct-mlx-4Bit,d848c30f6d5419b9892433cf6b1062626d15340e,remote_checkin-conflict-3,remote_checkin-conflict-3--policy_first,remote_checkin,policy_first,conflict,HUMAN_REVIEW,prior_rationale,recovered,HUMAN_REVIEW,0,0,0,1,1,1,0,0,0,0,0,0,1,,,,
Phi-4-mini,mlx-community/Phi-4-mini-instruct-mlx-4Bit,d848c30f6d5419b9892433cf6b1062626d15340e,remote_checkin-conflict-3,remote_checkin-conflict-3--policy_first,remote_checkin,policy_first,conflict,HUMAN_REVIEW,evidence_checklist,recovered,INELIGIBLE,0,0,0,0,0,1,0,0,0,0,0,0,0,,,,
Phi-4-mini,mlx-community/Phi-4-mini-instruct-mlx-4Bit,d848c30f6d5419b9892433cf6b1062626d15340e,remote_checkin-conflict-3,remote_checkin-conflict-3--policy_first,remote_checkin,policy_first,conflict,HUMAN_REVIEW,commit_then_review,recovered,NEED_INFORMATION,0,0,0,0,0,1,0,0,0,0,0,0,0,0,0,0,0
Phi-4-mini,mlx-community/Phi-4-mini-instruct-mlx-4Bit,d848c30f6d5419b9892433cf6b1062626d15340e,remote_checkin-conflict-3,remote_checkin-conflict-3--record_first,remote_checkin,record_first,conflict,HUMAN_REVIEW,independent_review,recovered,HUMAN_REVIEW,0,0,0,1,1,1,0,0,0,0,0,0,1,,,,
Phi-4-mini,mlx-community/Phi-4-mini-instruct-mlx-4Bit,d848c30f6d5419b9892433cf6b1062626d15340e,remote_checkin-conflict-3,remote_checkin-conflict-3--record_first,remote_checkin,record_first,conflict,HUMAN_REVIEW,prior_rationale,recovered,HUMAN_REVIEW,0,0,0,1,1,1,0,0,0,0,0,0,1,,,,
Phi-4-mini,mlx-community/Phi-4-mini-instruct-mlx-4Bit,d848c30f6d5419b9892433cf6b1062626d15340e,remote_checkin-conflict-3,remote_checkin-conflict-3--record_first,remote_checkin,record_first,conflict,HUMAN_REVIEW,evidence_checklist,recovered,HUMAN_REVIEW,0,0,0,1,1,1,0,0,0,0,0,0,1,,,,
Phi-4-mini,mlx-community/Phi-4-mini-instruct-mlx-4Bit,d848c30f6d5419b9892433cf6b1062626d15340e,remote_checkin-conflict-3,remote_checkin-conflict-3--record_first,remote_checkin,record_first,conflict,HUMAN_REVIEW,commit_then_review,recovered,HUMAN_REVIEW,0,0,0,1,1,1,0,0,0,0,0,0,1,0,0,0,1
Phi-4-mini,mlx-community/Phi-4-mini-instruct-mlx-4Bit,d848c30f6d5419b9892433cf6b1062626d15340e,legal_information-valid-1,legal_information-valid-1--policy_first,legal_information,policy_first,valid,ELIGIBLE,independent_review,recovered,NEED_INFORMATION,0,0,0,0,0,1,0,0,0,1,0,0,0,,,,
Phi-4-mini,mlx-community/Phi-4-mini-instruct-mlx-4Bit,d848c30f6d5419b9892433cf6b1062626d15340e,legal_information-valid-1,legal_information-valid-1--policy_first,legal_information,policy_first,valid,ELIGIBLE,prior_rationale,recovered,HUMAN_REVIEW,0,0,0,0,0,1,0,0,0,1,0,0,0,,,,
Phi-4-mini,mlx-community/Phi-4-mini-instruct-mlx-4Bit,d848c30f6d5419b9892433cf6b1062626d15340e,legal_information-valid-1,legal_information-valid-1--policy_first,legal_information,policy_first,valid,ELIGIBLE,evidence_checklist,recovered,INELIGIBLE,182,29,0,0,1,1,0,1,0,1,0,0,0,,,,
Phi-4-mini,mlx-community/Phi-4-mini-instruct-mlx-4Bit,d848c30f6d5419b9892433cf6b1062626d15340e,legal_information-valid-1,legal_information-valid-1--policy_first,legal_information,policy_first,valid,ELIGIBLE,commit_then_review,recovered,NEED_INFORMATION,0,0,0,0,0,1,0,0,0,1,0,0,0,0,0,0,0
Phi-4-mini,mlx-community/Phi-4-mini-instruct-mlx-4Bit,d848c30f6d5419b9892433cf6b1062626d15340e,legal_information-valid-1,legal_information-valid-1--record_first,legal_information,record_first,valid,ELIGIBLE,independent_review,recovered,ELIGIBLE,37,3,0,1,1,1,1,1,0,0,0,0,0,,,,
Phi-4-mini,mlx-community/Phi-4-mini-instruct-mlx-4Bit,d848c30f6d5419b9892433cf6b1062626d15340e,legal_information-valid-1,legal_information-valid-1--record_first,legal_information,record_first,valid,ELIGIBLE,prior_rationale,recovered,ELIGIBLE,37,3,0,1,1,1,1,1,0,0,0,0,0,,,,
Phi-4-mini,mlx-community/Phi-4-mini-instruct-mlx-4Bit,d848c30f6d5419b9892433cf6b1062626d15340e,legal_information-valid-1,legal_information-valid-1--record_first,legal_information,record_first,valid,ELIGIBLE,evidence_checklist,recovered,HUMAN_REVIEW,0,0,0,0,0,1,0,0,0,1,0,0,0,,,,
Phi-4-mini,mlx-community/Phi-4-mini-instruct-mlx-4Bit,d848c30f6d5419b9892433cf6b1062626d15340e,legal_information-valid-1,legal_information-valid-1--record_first,legal_information,record_first,valid,ELIGIBLE,commit_then_review,recovered,ELIGIBLE,37,3,0,1,1,1,1,1,0,0,0,0,0,0,0,0,1
Phi-4-mini,mlx-community/Phi-4-mini-instruct-mlx-4Bit,d848c30f6d5419b9892433cf6b1062626d15340e,legal_information-valid-2,legal_information-valid-2--policy_first,legal_information,policy_first,valid,ELIGIBLE,independent_review,recovered,NEED_INFORMATION,0,0,0,0,0,1,0,0,0,1,0,0,0,,,,
Phi-4-mini,mlx-community/Phi-4-mini-instruct-mlx-4Bit,d848c30f6d5419b9892433cf6b1062626d15340e,legal_information-valid-2,legal_information-valid-2--policy_first,legal_information,policy_first,valid,ELIGIBLE,prior_rationale,recovered,HUMAN_REVIEW,0,0,0,0,0,1,0,0,0,1,0,0,0,,,,
Phi-4-mini,mlx-community/Phi-4-mini-instruct-mlx-4Bit,d848c30f6d5419b9892433cf6b1062626d15340e,legal_information-valid-2,legal_information-valid-2--policy_first,legal_information,policy_first,valid,ELIGIBLE,evidence_checklist,recovered,INELIGIBLE,219,31,0,0,1,1,0,1,0,1,0,0,0,,,,
Phi-4-mini,mlx-community/Phi-4-mini-instruct-mlx-4Bit,d848c30f6d5419b9892433cf6b1062626d15340e,legal_information-valid-2,legal_information-valid-2--policy_first,legal_information,policy_first,valid,ELIGIBLE,commit_then_review,recovered,NEED_INFORMATION,0,0,0,0,0,1,0,0,0,1,0,0,0,0,0,0,0
Phi-4-mini,mlx-community/Phi-4-mini-instruct-mlx-4Bit,d848c30f6d5419b9892433cf6b1062626d15340e,legal_information-valid-2,legal_information-valid-2--record_first,legal_information,record_first,valid,ELIGIBLE,independent_review,recovered,ELIGIBLE,37,3,0,1,1,1,1,1,0,0,0,0,0,,,,
Phi-4-mini,mlx-community/Phi-4-mini-instruct-mlx-4Bit,d848c30f6d5419b9892433cf6b1062626d15340e,legal_information-valid-2,legal_information-valid-2--record_first,legal_information,record_first,valid,ELIGIBLE,prior_rationale,recovered,ELIGIBLE,37,3,0,1,1,1,1,1,0,0,0,0,0,,,,
Phi-4-mini,mlx-community/Phi-4-mini-instruct-mlx-4Bit,d848c30f6d5419b9892433cf6b1062626d15340e,legal_information-valid-2,legal_information-valid-2--record_first,legal_information,record_first,valid,ELIGIBLE,evidence_checklist,recovered,HUMAN_REVIEW,0,0,0,0,0,1,0,0,0,1,0,0,0,,,,
Phi-4-mini,mlx-community/Phi-4-mini-instruct-mlx-4Bit,d848c30f6d5419b9892433cf6b1062626d15340e,legal_information-valid-2,legal_information-valid-2--record_first,legal_information,record_first,valid,ELIGIBLE,commit_then_review,recovered,ELIGIBLE,37,3,0,1,1,1,1,1,0,0,0,0,0,0,0,0,1
Phi-4-mini,mlx-community/Phi-4-mini-instruct-mlx-4Bit,d848c30f6d5419b9892433cf6b1062626d15340e,legal_information-valid-3,legal_information-valid-3--policy_first,legal_information,policy_first,valid,ELIGIBLE,independent_review,recovered,NEED_INFORMATION,0,0,0,0,0,1,0,0,0,1,0,0,0,,,,
Phi-4-mini,mlx-community/Phi-4-mini-instruct-mlx-4Bit,d848c30f6d5419b9892433cf6b1062626d15340e,legal_information-valid-3,legal_information-valid-3--policy_first,legal_information,policy_first,valid,ELIGIBLE,prior_rationale,recovered,HUMAN_REVIEW,0,0,0,0,0,1,0,0,0,1,0,0,0,,,,
Phi-4-mini,mlx-community/Phi-4-mini-instruct-mlx-4Bit,d848c30f6d5419b9892433cf6b1062626d15340e,legal_information-valid-3,legal_information-valid-3--policy_first,legal_information,policy_first,valid,ELIGIBLE,evidence_checklist,strict,INELIGIBLE,0,0,0,0,1,1,0,0,0,1,0,0,0,,,,
Phi-4-mini,mlx-community/Phi-4-mini-instruct-mlx-4Bit,d848c30f6d5419b9892433cf6b1062626d15340e,legal_information-valid-3,legal_information-valid-3--policy_first,legal_information,policy_first,valid,ELIGIBLE,commit_then_review,recovered,NEED_INFORMATION,0,0,0,0,0,1,0,0,0,1,0,0,0,0,0,0,0
Phi-4-mini,mlx-community/Phi-4-mini-instruct-mlx-4Bit,d848c30f6d5419b9892433cf6b1062626d15340e,legal_information-valid-3,legal_information-valid-3--record_first,legal_information,record_first,valid,ELIGIBLE,independent_review,recovered,ELIGIBLE,37,3,0,1,1,1,1,1,0,0,0,0,0,,,,
Phi-4-mini,mlx-community/Phi-4-mini-instruct-mlx-4Bit,d848c30f6d5419b9892433cf6b1062626d15340e,legal_information-valid-3,legal_information-valid-3--record_first,legal_information,record_first,valid,ELIGIBLE,prior_rationale,recovered,ELIGIBLE,37,3,0,1,1,1,1,1,0,0,0,0,0,,,,
Phi-4-mini,mlx-community/Phi-4-mini-instruct-mlx-4Bit,d848c30f6d5419b9892433cf6b1062626d15340e,legal_information-valid-3,legal_information-valid-3--record_first,legal_information,record_first,valid,ELIGIBLE,evidence_checklist,recovered,HUMAN_REVIEW,0,0,0,0,0,1,0,0,0,1,0,0,0,,,,
Phi-4-mini,mlx-community/Phi-4-mini-instruct-mlx-4Bit,d848c30f6d5419b9892433cf6b1062626d15340e,legal_information-valid-3,legal_information-valid-3--record_first,legal_information,record_first,valid,ELIGIBLE,commit_then_review,recovered,ELIGIBLE,37,3,0,1,1,1,1,1,0,0,0,0,0,0,0,0,1
Phi-4-mini,mlx-community/Phi-4-mini-instruct-mlx-4Bit,d848c30f6d5419b9892433cf6b1062626d15340e,legal_information-invalid-1,legal_information-invalid-1--policy_first,legal_information,policy_first,invalid,INELIGIBLE,independent_review,recovered,NEED_INFORMATION,0,0,0,0,0,1,0,0,0,0,0,0,0,,,,
Phi-4-mini,mlx-community/Phi-4-mini-instruct-mlx-4Bit,d848c30f6d5419b9892433cf6b1062626d15340e,legal_information-invalid-1,legal_information-invalid-1--policy_first,legal_information,policy_first,invalid,INELIGIBLE,prior_rationale,recovered,INELIGIBLE,178,29,0,1,0,0,0,1,0,0,0,0,0,,,,
Phi-4-mini,mlx-community/Phi-4-mini-instruct-mlx-4Bit,d848c30f6d5419b9892433cf6b1062626d15340e,legal_information-invalid-1,legal_information-invalid-1--policy_first,legal_information,policy_first,invalid,INELIGIBLE,evidence_checklist,recovered,INELIGIBLE,171,28,0,1,0,0,0,1,0,0,0,0,0,,,,
Phi-4-mini,mlx-community/Phi-4-mini-instruct-mlx-4Bit,d848c30f6d5419b9892433cf6b1062626d15340e,legal_information-invalid-1,legal_information-invalid-1--policy_first,legal_information,policy_first,invalid,INELIGIBLE,commit_then_review,recovered,NEED_INFORMATION,0,0,0,0,0,1,0,0,0,0,0,0,0,0,0,0,0
Phi-4-mini,mlx-community/Phi-4-mini-instruct-mlx-4Bit,d848c30f6d5419b9892433cf6b1062626d15340e,legal_information-invalid-1,legal_information-invalid-1--record_first,legal_information,record_first,invalid,INELIGIBLE,independent_review,unparsed,,0,0,0,0,0,0,0,0,0,0,0,0,0,,,,
Phi-4-mini,mlx-community/Phi-4-mini-instruct-mlx-4Bit,d848c30f6d5419b9892433cf6b1062626d15340e,legal_information-invalid-1,legal_information-invalid-1--record_first,legal_information,record_first,invalid,INELIGIBLE,prior_rationale,recovered,INELIGIBLE,37,3,0,1,0,1,0,1,0,0,0,0,0,,,,
Phi-4-mini,mlx-community/Phi-4-mini-instruct-mlx-4Bit,d848c30f6d5419b9892433cf6b1062626d15340e,legal_information-invalid-1,legal_information-invalid-1--record_first,legal_information,record_first,invalid,INELIGIBLE,evidence_checklist,recovered,INELIGIBLE,0,0,0,1,0,1,0,0,0,0,0,0,0,,,,
Phi-4-mini,mlx-community/Phi-4-mini-instruct-mlx-4Bit,d848c30f6d5419b9892433cf6b1062626d15340e,legal_information-invalid-1,legal_information-invalid-1--record_first,legal_information,record_first,invalid,INELIGIBLE,commit_then_review,recovered,NEED_INFORMATION,0,0,0,0,0,1,0,0,0,0,0,0,0,0,0,0,0
Phi-4-mini,mlx-community/Phi-4-mini-instruct-mlx-4Bit,d848c30f6d5419b9892433cf6b1062626d15340e,legal_information-invalid-2,legal_information-invalid-2--policy_first,legal_information,policy_first,invalid,INELIGIBLE,independent_review,recovered,NEED_INFORMATION,0,0,0,0,0,1,0,0,0,0,0,0,0,,,,
Phi-4-mini,mlx-community/Phi-4-mini-instruct-mlx-4Bit,d848c30f6d5419b9892433cf6b1062626d15340e,legal_information-invalid-2,legal_information-invalid-2--policy_first,legal_information,policy_first,invalid,INELIGIBLE,prior_rationale,recovered,INELIGIBLE,178,29,0,1,0,0,0,1,0,0,0,0,0,,,,
Phi-4-mini,mlx-community/Phi-4-mini-instruct-mlx-4Bit,d848c30f6d5419b9892433cf6b1062626d15340e,legal_information-invalid-2,legal_information-invalid-2--policy_first,legal_information,policy_first,invalid,INELIGIBLE,evidence_checklist,strict,INELIGIBLE,0,0,0,1,0,1,0,0,0,0,0,0,0,,,,
Phi-4-mini,mlx-community/Phi-4-mini-instruct-mlx-4Bit,d848c30f6d5419b9892433cf6b1062626d15340e,legal_information-invalid-2,legal_information-invalid-2--policy_first,legal_information,policy_first,invalid,INELIGIBLE,commit_then_review,recovered,NEED_INFORMATION,0,0,0,0,0,1,0,0,0,0,0,0,0,0,0,0,0
Phi-4-mini,mlx-community/Phi-4-mini-instruct-mlx-4Bit,d848c30f6d5419b9892433cf6b1062626d15340e,legal_information-invalid-2,legal_information-invalid-2--record_first,legal_information,record_first,invalid,INELIGIBLE,independent_review,recovered,INELIGIBLE,239,36,0,1,0,1,0,1,0,0,0,0,0,,,,
Phi-4-mini,mlx-community/Phi-4-mini-instruct-mlx-4Bit,d848c30f6d5419b9892433cf6b1062626d15340e,legal_information-invalid-2,legal_information-invalid-2--record_first,legal_information,record_first,invalid,INELIGIBLE,prior_rationale,recovered,INELIGIBLE,449,73,0,1,0,1,0,1,0,0,0,0,0,,,,
Phi-4-mini,mlx-community/Phi-4-mini-instruct-mlx-4Bit,d848c30f6d5419b9892433cf6b1062626d15340e,legal_information-invalid-2,legal_information-invalid-2--record_first,legal_information,record_first,invalid,INELIGIBLE,evidence_checklist,recovered,INELIGIBLE,0,0,0,1,0,1,0,0,0,0,0,0,0,,,,
Phi-4-mini,mlx-community/Phi-4-mini-instruct-mlx-4Bit,d848c30f6d5419b9892433cf6b1062626d15340e,legal_information-invalid-2,legal_information-invalid-2--record_first,legal_information,record_first,invalid,INELIGIBLE,commit_then_review,recovered,INELIGIBLE,226,35,0,1,0,1,0,1,0,0,0,0,0,0,0,0,1
Phi-4-mini,mlx-community/Phi-4-mini-instruct-mlx-4Bit,d848c30f6d5419b9892433cf6b1062626d15340e,legal_information-invalid-3,legal_information-invalid-3--policy_first,legal_information,policy_first,invalid,INELIGIBLE,independent_review,recovered,NEED_INFORMATION,0,0,0,0,0,1,0,0,0,0,0,0,0,,,,
Phi-4-mini,mlx-community/Phi-4-mini-instruct-mlx-4Bit,d848c30f6d5419b9892433cf6b1062626d15340e,legal_information-invalid-3,legal_information-invalid-3--policy_first,legal_information,policy_first,invalid,INELIGIBLE,prior_rationale,recovered,INELIGIBLE,246,39,0,1,0,0,0,1,0,0,0,0,0,,,,
Phi-4-mini,mlx-community/Phi-4-mini-instruct-mlx-4Bit,d848c30f6d5419b9892433cf6b1062626d15340e,legal_information-invalid-3,legal_information-invalid-3--policy_first,legal_information,policy_first,invalid,INELIGIBLE,evidence_checklist,strict,INELIGIBLE,0,0,0,1,0,1,0,0,0,0,0,0,0,,,,
Phi-4-mini,mlx-community/Phi-4-mini-instruct-mlx-4Bit,d848c30f6d5419b9892433cf6b1062626d15340e,legal_information-invalid-3,legal_information-invalid-3--policy_first,legal_information,policy_first,invalid,INELIGIBLE,commit_then_review,recovered,NEED_INFORMATION,0,0,0,0,0,1,0,0,0,0,0,0,0,0,0,0,0
Phi-4-mini,mlx-community/Phi-4-mini-instruct-mlx-4Bit,d848c30f6d5419b9892433cf6b1062626d15340e,legal_information-invalid-3,legal_information-invalid-3--record_first,legal_information,record_first,invalid,INELIGIBLE,independent_review,recovered,INELIGIBLE,147,23,0,1,0,0,0,1,0,0,0,0,0,,,,
Phi-4-mini,mlx-community/Phi-4-mini-instruct-mlx-4Bit,d848c30f6d5419b9892433cf6b1062626d15340e,legal_information-invalid-3,legal_information-invalid-3--record_first,legal_information,record_first,invalid,INELIGIBLE,prior_rationale,recovered,INELIGIBLE,176,28,0,1,0,0,0,1,0,0,0,0,0,,,,
Phi-4-mini,mlx-community/Phi-4-mini-instruct-mlx-4Bit,d848c30f6d5419b9892433cf6b1062626d15340e,legal_information-invalid-3,legal_information-invalid-3--record_first,legal_information,record_first,invalid,INELIGIBLE,evidence_checklist,recovered,INELIGIBLE,0,0,0,1,0,1,0,0,0,0,0,0,0,,,,
Phi-4-mini,mlx-community/Phi-4-mini-instruct-mlx-4Bit,d848c30f6d5419b9892433cf6b1062626d15340e,legal_information-invalid-3,legal_information-invalid-3--record_first,legal_information,record_first,invalid,INELIGIBLE,commit_then_review,recovered,HUMAN_REVIEW,0,0,0,0,0,1,0,0,0,0,0,0,0,1,0,1,1
Phi-4-mini,mlx-community/Phi-4-mini-instruct-mlx-4Bit,d848c30f6d5419b9892433cf6b1062626d15340e,legal_information-incomplete-1,legal_information-incomplete-1--policy_first,legal_information,policy_first,incomplete,NEED_INFORMATION,independent_review,recovered,NEED_INFORMATION,0,0,0,1,1,1,0,0,0,0,0,1,0,,,,
Phi-4-mini,mlx-community/Phi-4-mini-instruct-mlx-4Bit,d848c30f6d5419b9892433cf6b1062626d15340e,legal_information-incomplete-1,legal_information-incomplete-1--policy_first,legal_information,policy_first,incomplete,NEED_INFORMATION,prior_rationale,recovered,NEED_INFORMATION,0,0,0,1,1,1,0,0,0,0,0,1,0,,,,
Phi-4-mini,mlx-community/Phi-4-mini-instruct-mlx-4Bit,d848c30f6d5419b9892433cf6b1062626d15340e,legal_information-incomplete-1,legal_information-incomplete-1--policy_first,legal_information,policy_first,incomplete,NEED_INFORMATION,evidence_checklist,strict,HUMAN_REVIEW,0,0,0,0,0,1,0,0,0,0,0,0,0,,,,
Phi-4-mini,mlx-community/Phi-4-mini-instruct-mlx-4Bit,d848c30f6d5419b9892433cf6b1062626d15340e,legal_information-incomplete-1,legal_information-incomplete-1--policy_first,legal_information,policy_first,incomplete,NEED_INFORMATION,commit_then_review,recovered,NEED_INFORMATION,0,0,0,1,1,1,0,0,0,0,0,1,0,0,0,0,1
Phi-4-mini,mlx-community/Phi-4-mini-instruct-mlx-4Bit,d848c30f6d5419b9892433cf6b1062626d15340e,legal_information-incomplete-1,legal_information-incomplete-1--record_first,legal_information,record_first,incomplete,NEED_INFORMATION,independent_review,recovered,NEED_INFORMATION,237,33,0,1,1,1,1,1,0,0,0,1,0,,,,
Phi-4-mini,mlx-community/Phi-4-mini-instruct-mlx-4Bit,d848c30f6d5419b9892433cf6b1062626d15340e,legal_information-incomplete-1,legal_information-incomplete-1--record_first,legal_information,record_first,incomplete,NEED_INFORMATION,prior_rationale,recovered,NEED_INFORMATION,275,38,0,1,1,1,1,1,0,0,0,1,0,,,,
Phi-4-mini,mlx-community/Phi-4-mini-instruct-mlx-4Bit,d848c30f6d5419b9892433cf6b1062626d15340e,legal_information-incomplete-1,legal_information-incomplete-1--record_first,legal_information,record_first,incomplete,NEED_INFORMATION,evidence_checklist,recovered,INELIGIBLE,164,26,0,0,0,0,0,1,0,0,0,0,0,,,,
Phi-4-mini,mlx-community/Phi-4-mini-instruct-mlx-4Bit,d848c30f6d5419b9892433cf6b1062626d15340e,legal_information-incomplete-1,legal_information-incomplete-1--record_first,legal_information,record_first,incomplete,NEED_INFORMATION,commit_then_review,recovered,NEED_INFORMATION,0,0,0,1,1,1,0,0,0,0,0,1,0,0,0,0,1
Phi-4-mini,mlx-community/Phi-4-mini-instruct-mlx-4Bit,d848c30f6d5419b9892433cf6b1062626d15340e,legal_information-incomplete-2,legal_information-incomplete-2--policy_first,legal_information,policy_first,incomplete,NEED_INFORMATION,independent_review,recovered,NEED_INFORMATION,0,0,0,1,1,1,0,0,0,0,0,1,0,,,,
Phi-4-mini,mlx-community/Phi-4-mini-instruct-mlx-4Bit,d848c30f6d5419b9892433cf6b1062626d15340e,legal_information-incomplete-2,legal_information-incomplete-2--policy_first,legal_information,policy_first,incomplete,NEED_INFORMATION,prior_rationale,recovered,NEED_INFORMATION,0,0,0,1,1,1,0,0,0,0,0,1,0,,,,
Phi-4-mini,mlx-community/Phi-4-mini-instruct-mlx-4Bit,d848c30f6d5419b9892433cf6b1062626d15340e,legal_information-incomplete-2,legal_information-incomplete-2--policy_first,legal_information,policy_first,incomplete,NEED_INFORMATION,evidence_checklist,recovered,NEED_INFORMATION,0,0,0,1,1,1,0,0,0,0,0,1,0,,,,
Phi-4-mini,mlx-community/Phi-4-mini-instruct-mlx-4Bit,d848c30f6d5419b9892433cf6b1062626d15340e,legal_information-incomplete-2,legal_information-incomplete-2--policy_first,legal_information,policy_first,incomplete,NEED_INFORMATION,commit_then_review,recovered,NEED_INFORMATION,0,0,0,1,1,1,0,0,0,0,0,1,0,0,0,0,1
Phi-4-mini,mlx-community/Phi-4-mini-instruct-mlx-4Bit,d848c30f6d5419b9892433cf6b1062626d15340e,legal_information-incomplete-2,legal_information-incomplete-2--record_first,legal_information,record_first,incomplete,NEED_INFORMATION,independent_review,recovered,NEED_INFORMATION,239,33,0,1,1,1,1,1,0,0,0,1,0,,,,
Phi-4-mini,mlx-community/Phi-4-mini-instruct-mlx-4Bit,d848c30f6d5419b9892433cf6b1062626d15340e,legal_information-incomplete-2,legal_information-incomplete-2--record_first,legal_information,record_first,incomplete,NEED_INFORMATION,prior_rationale,recovered,NEED_INFORMATION,305,43,0,1,1,1,1,1,0,0,0,1,0,,,,
Phi-4-mini,mlx-community/Phi-4-mini-instruct-mlx-4Bit,d848c30f6d5419b9892433cf6b1062626d15340e,legal_information-incomplete-2,legal_information-incomplete-2--record_first,legal_information,record_first,incomplete,NEED_INFORMATION,evidence_checklist,recovered,INELIGIBLE,184,29,0,0,0,0,0,1,0,0,0,0,0,,,,
Phi-4-mini,mlx-community/Phi-4-mini-instruct-mlx-4Bit,d848c30f6d5419b9892433cf6b1062626d15340e,legal_information-incomplete-2,legal_information-incomplete-2--record_first,legal_information,record_first,incomplete,NEED_INFORMATION,commit_then_review,recovered,NEED_INFORMATION,0,0,0,1,1,1,0,0,0,0,0,1,0,0,0,0,1
Phi-4-mini,mlx-community/Phi-4-mini-instruct-mlx-4Bit,d848c30f6d5419b9892433cf6b1062626d15340e,legal_information-incomplete-3,legal_information-incomplete-3--policy_first,legal_information,policy_first,incomplete,NEED_INFORMATION,independent_review,recovered,NEED_INFORMATION,0,0,0,1,1,1,0,0,0,0,0,1,0,,,,
Phi-4-mini,mlx-community/Phi-4-mini-instruct-mlx-4Bit,d848c30f6d5419b9892433cf6b1062626d15340e,legal_information-incomplete-3,legal_information-incomplete-3--policy_first,legal_information,policy_first,incomplete,NEED_INFORMATION,prior_rationale,recovered,NEED_INFORMATION,0,0,0,1,1,1,0,0,0,0,0,1,0,,,,
Phi-4-mini,mlx-community/Phi-4-mini-instruct-mlx-4Bit,d848c30f6d5419b9892433cf6b1062626d15340e,legal_information-incomplete-3,legal_information-incomplete-3--policy_first,legal_information,policy_first,incomplete,NEED_INFORMATION,evidence_checklist,strict,HUMAN_REVIEW,0,0,0,0,0,1,0,0,0,0,0,0,0,,,,
Phi-4-mini,mlx-community/Phi-4-mini-instruct-mlx-4Bit,d848c30f6d5419b9892433cf6b1062626d15340e,legal_information-incomplete-3,legal_information-incomplete-3--policy_first,legal_information,policy_first,incomplete,NEED_INFORMATION,commit_then_review,recovered,NEED_INFORMATION,0,0,0,1,1,1,0,0,0,0,0,1,0,0,0,0,1
Phi-4-mini,mlx-community/Phi-4-mini-instruct-mlx-4Bit,d848c30f6d5419b9892433cf6b1062626d15340e,legal_information-incomplete-3,legal_information-incomplete-3--record_first,legal_information,record_first,incomplete,NEED_INFORMATION,independent_review,recovered,NEED_INFORMATION,236,33,0,1,1,1,1,1,0,0,0,1,0,,,,
Phi-4-mini,mlx-community/Phi-4-mini-instruct-mlx-4Bit,d848c30f6d5419b9892433cf6b1062626d15340e,legal_information-incomplete-3,legal_information-incomplete-3--record_first,legal_information,record_first,incomplete,NEED_INFORMATION,prior_rationale,recovered,NEED_INFORMATION,0,0,0,1,1,1,0,0,0,0,0,1,0,,,,
Phi-4-mini,mlx-community/Phi-4-mini-instruct-mlx-4Bit,d848c30f6d5419b9892433cf6b1062626d15340e,legal_information-incomplete-3,legal_information-incomplete-3--record_first,legal_information,record_first,incomplete,NEED_INFORMATION,evidence_checklist,recovered,INELIGIBLE,169,27,0,0,0,0,0,1,0,0,0,0,0,,,,
Phi-4-mini,mlx-community/Phi-4-mini-instruct-mlx-4Bit,d848c30f6d5419b9892433cf6b1062626d15340e,legal_information-incomplete-3,legal_information-incomplete-3--record_first,legal_information,record_first,incomplete,NEED_INFORMATION,commit_then_review,recovered,NEED_INFORMATION,0,0,0,1,1,1,0,0,0,0,0,1,0,0,0,0,1
Phi-4-mini,mlx-community/Phi-4-mini-instruct-mlx-4Bit,d848c30f6d5419b9892433cf6b1062626d15340e,legal_information-conflict-1,legal_information-conflict-1--policy_first,legal_information,policy_first,conflict,HUMAN_REVIEW,independent_review,recovered,NEED_INFORMATION,0,0,0,0,0,0,0,0,0,0,0,0,0,,,,
Phi-4-mini,mlx-community/Phi-4-mini-instruct-mlx-4Bit,d848c30f6d5419b9892433cf6b1062626d15340e,legal_information-conflict-1,legal_information-conflict-1--policy_first,legal_information,policy_first,conflict,HUMAN_REVIEW,prior_rationale,recovered,HUMAN_REVIEW,0,0,0,1,1,0,0,0,0,0,0,0,1,,,,
Phi-4-mini,mlx-community/Phi-4-mini-instruct-mlx-4Bit,d848c30f6d5419b9892433cf6b1062626d15340e,legal_information-conflict-1,legal_information-conflict-1--policy_first,legal_information,policy_first,conflict,HUMAN_REVIEW,evidence_checklist,recovered,INELIGIBLE,0,0,0,0,0,1,0,0,0,0,0,0,0,,,,
Phi-4-mini,mlx-community/Phi-4-mini-instruct-mlx-4Bit,d848c30f6d5419b9892433cf6b1062626d15340e,legal_information-conflict-1,legal_information-conflict-1--policy_first,legal_information,policy_first,conflict,HUMAN_REVIEW,commit_then_review,recovered,NEED_INFORMATION,0,0,0,0,0,0,0,0,0,0,0,0,0,0,0,0,0
Phi-4-mini,mlx-community/Phi-4-mini-instruct-mlx-4Bit,d848c30f6d5419b9892433cf6b1062626d15340e,legal_information-conflict-1,legal_information-conflict-1--record_first,legal_information,record_first,conflict,HUMAN_REVIEW,independent_review,recovered,HUMAN_REVIEW,0,0,0,1,1,1,0,0,0,0,0,0,1,,,,
Phi-4-mini,mlx-community/Phi-4-mini-instruct-mlx-4Bit,d848c30f6d5419b9892433cf6b1062626d15340e,legal_information-conflict-1,legal_information-conflict-1--record_first,legal_information,record_first,conflict,HUMAN_REVIEW,prior_rationale,recovered,HUMAN_REVIEW,0,0,0,1,1,0,0,0,0,0,0,0,1,,,,
Phi-4-mini,mlx-community/Phi-4-mini-instruct-mlx-4Bit,d848c30f6d5419b9892433cf6b1062626d15340e,legal_information-conflict-1,legal_information-conflict-1--record_first,legal_information,record_first,conflict,HUMAN_REVIEW,evidence_checklist,recovered,HUMAN_REVIEW,0,0,0,1,1,1,0,0,0,0,0,0,1,,,,
Phi-4-mini,mlx-community/Phi-4-mini-instruct-mlx-4Bit,d848c30f6d5419b9892433cf6b1062626d15340e,legal_information-conflict-1,legal_information-conflict-1--record_first,legal_information,record_first,conflict,HUMAN_REVIEW,commit_then_review,recovered,HUMAN_REVIEW,0,0,0,1,1,1,0,0,0,0,0,0,1,0,0,0,1
Phi-4-mini,mlx-community/Phi-4-mini-instruct-mlx-4Bit,d848c30f6d5419b9892433cf6b1062626d15340e,legal_information-conflict-2,legal_information-conflict-2--policy_first,legal_information,policy_first,conflict,HUMAN_REVIEW,independent_review,recovered,NEED_INFORMATION,0,0,0,0,0,0,0,0,0,0,0,0,0,,,,
Phi-4-mini,mlx-community/Phi-4-mini-instruct-mlx-4Bit,d848c30f6d5419b9892433cf6b1062626d15340e,legal_information-conflict-2,legal_information-conflict-2--policy_first,legal_information,policy_first,conflict,HUMAN_REVIEW,prior_rationale,recovered,HUMAN_REVIEW,0,0,0,1,1,0,0,0,0,0,0,0,1,,,,
Phi-4-mini,mlx-community/Phi-4-mini-instruct-mlx-4Bit,d848c30f6d5419b9892433cf6b1062626d15340e,legal_information-conflict-2,legal_information-conflict-2--policy_first,legal_information,policy_first,conflict,HUMAN_REVIEW,evidence_checklist,recovered,INELIGIBLE,0,0,0,0,0,1,0,0,0,0,0,0,0,,,,
Phi-4-mini,mlx-community/Phi-4-mini-instruct-mlx-4Bit,d848c30f6d5419b9892433cf6b1062626d15340e,legal_information-conflict-2,legal_information-conflict-2--policy_first,legal_information,policy_first,conflict,HUMAN_REVIEW,commit_then_review,recovered,NEED_INFORMATION,0,0,0,0,0,0,0,0,0,0,0,0,0,0,0,0,0
Phi-4-mini,mlx-community/Phi-4-mini-instruct-mlx-4Bit,d848c30f6d5419b9892433cf6b1062626d15340e,legal_information-conflict-2,legal_information-conflict-2--record_first,legal_information,record_first,conflict,HUMAN_REVIEW,independent_review,recovered,HUMAN_REVIEW,0,0,0,1,1,1,0,0,0,0,0,0,1,,,,
Phi-4-mini,mlx-community/Phi-4-mini-instruct-mlx-4Bit,d848c30f6d5419b9892433cf6b1062626d15340e,legal_information-conflict-2,legal_information-conflict-2--record_first,legal_information,record_first,conflict,HUMAN_REVIEW,prior_rationale,recovered,HUMAN_REVIEW,0,0,0,1,1,0,0,0,0,0,0,0,1,,,,
Phi-4-mini,mlx-community/Phi-4-mini-instruct-mlx-4Bit,d848c30f6d5419b9892433cf6b1062626d15340e,legal_information-conflict-2,legal_information-conflict-2--record_first,legal_information,record_first,conflict,HUMAN_REVIEW,evidence_checklist,recovered,HUMAN_REVIEW,0,0,0,1,1,1,0,0,0,0,0,0,1,,,,
Phi-4-mini,mlx-community/Phi-4-mini-instruct-mlx-4Bit,d848c30f6d5419b9892433cf6b1062626d15340e,legal_information-conflict-2,legal_information-conflict-2--record_first,legal_information,record_first,conflict,HUMAN_REVIEW,commit_then_review,recovered,HUMAN_REVIEW,0,0,0,1,1,1,0,0,0,0,0,0,1,0,0,0,1
Phi-4-mini,mlx-community/Phi-4-mini-instruct-mlx-4Bit,d848c30f6d5419b9892433cf6b1062626d15340e,legal_information-conflict-3,legal_information-conflict-3--policy_first,legal_information,policy_first,conflict,HUMAN_REVIEW,independent_review,recovered,NEED_INFORMATION,0,0,0,0,0,0,0,0,0,0,0,0,0,,,,
Phi-4-mini,mlx-community/Phi-4-mini-instruct-mlx-4Bit,d848c30f6d5419b9892433cf6b1062626d15340e,legal_information-conflict-3,legal_information-conflict-3--policy_first,legal_information,policy_first,conflict,HUMAN_REVIEW,prior_rationale,recovered,HUMAN_REVIEW,0,0,0,1,1,0,0,0,0,0,0,0,1,,,,
Phi-4-mini,mlx-community/Phi-4-mini-instruct-mlx-4Bit,d848c30f6d5419b9892433cf6b1062626d15340e,legal_information-conflict-3,legal_information-conflict-3--policy_first,legal_information,policy_first,conflict,HUMAN_REVIEW,evidence_checklist,recovered,INELIGIBLE,0,0,0,0,0,1,0,0,0,0,0,0,0,,,,
Phi-4-mini,mlx-community/Phi-4-mini-instruct-mlx-4Bit,d848c30f6d5419b9892433cf6b1062626d15340e,legal_information-conflict-3,legal_information-conflict-3--policy_first,legal_information,policy_first,conflict,HUMAN_REVIEW,commit_then_review,recovered,NEED_INFORMATION,0,0,0,0,0,0,0,0,0,0,0,0,0,0,0,0,0
Phi-4-mini,mlx-community/Phi-4-mini-instruct-mlx-4Bit,d848c30f6d5419b9892433cf6b1062626d15340e,legal_information-conflict-3,legal_information-conflict-3--record_first,legal_information,record_first,conflict,HUMAN_REVIEW,independent_review,recovered,HUMAN_REVIEW,0,0,0,1,1,1,0,0,0,0,0,0,1,,,,
Phi-4-mini,mlx-community/Phi-4-mini-instruct-mlx-4Bit,d848c30f6d5419b9892433cf6b1062626d15340e,legal_information-conflict-3,legal_information-conflict-3--record_first,legal_information,record_first,conflict,HUMAN_REVIEW,prior_rationale,recovered,HUMAN_REVIEW,0,0,0,1,1,0,0,0,0,0,0,0,1,,,,
Phi-4-mini,mlx-community/Phi-4-mini-instruct-mlx-4Bit,d848c30f6d5419b9892433cf6b1062626d15340e,legal_information-conflict-3,legal_information-conflict-3--record_first,legal_information,record_first,conflict,HUMAN_REVIEW,evidence_checklist,recovered,HUMAN_REVIEW,0,0,0,1,1,1,0,0,0,0,0,0,1,,,,
Phi-4-mini,mlx-community/Phi-4-mini-instruct-mlx-4Bit,d848c30f6d5419b9892433cf6b1062626d15340e,legal_information-conflict-3,legal_information-conflict-3--record_first,legal_information,record_first,conflict,HUMAN_REVIEW,commit_then_review,recovered,HUMAN_REVIEW,0,0,0,1,1,1,0,0,0,0,0,0,1,0,0,0,1
Phi-4-mini,mlx-community/Phi-4-mini-instruct-mlx-4Bit,d848c30f6d5419b9892433cf6b1062626d15340e,shelter_maintenance-valid-1,shelter_maintenance-valid-1--policy_first,shelter_maintenance,policy_first,valid,ELIGIBLE,independent_review,recovered,NEED_INFORMATION,0,0,0,0,0,1,0,0,0,1,0,0,0,,,,
Phi-4-mini,mlx-community/Phi-4-mini-instruct-mlx-4Bit,d848c30f6d5419b9892433cf6b1062626d15340e,shelter_maintenance-valid-1,shelter_maintenance-valid-1--policy_first,shelter_maintenance,policy_first,valid,ELIGIBLE,prior_rationale,recovered,NEED_INFORMATION,0,0,0,0,0,1,0,0,0,1,0,0,0,,,,
Phi-4-mini,mlx-community/Phi-4-mini-instruct-mlx-4Bit,d848c30f6d5419b9892433cf6b1062626d15340e,shelter_maintenance-valid-1,shelter_maintenance-valid-1--policy_first,shelter_maintenance,policy_first,valid,ELIGIBLE,evidence_checklist,recovered,INELIGIBLE,201,31,0,0,1,1,0,1,0,1,0,0,0,,,,
Phi-4-mini,mlx-community/Phi-4-mini-instruct-mlx-4Bit,d848c30f6d5419b9892433cf6b1062626d15340e,shelter_maintenance-valid-1,shelter_maintenance-valid-1--policy_first,shelter_maintenance,policy_first,valid,ELIGIBLE,commit_then_review,recovered,NEED_INFORMATION,0,0,0,0,0,1,0,0,0,1,0,0,0,0,0,0,0
Phi-4-mini,mlx-community/Phi-4-mini-instruct-mlx-4Bit,d848c30f6d5419b9892433cf6b1062626d15340e,shelter_maintenance-valid-1,shelter_maintenance-valid-1--record_first,shelter_maintenance,record_first,valid,ELIGIBLE,independent_review,recovered,ELIGIBLE,0,0,0,1,1,1,0,0,0,0,0,0,0,,,,
Phi-4-mini,mlx-community/Phi-4-mini-instruct-mlx-4Bit,d848c30f6d5419b9892433cf6b1062626d15340e,shelter_maintenance-valid-1,shelter_maintenance-valid-1--record_first,shelter_maintenance,record_first,valid,ELIGIBLE,prior_rationale,recovered,ELIGIBLE,37,3,0,1,0,1,0,1,0,0,0,0,0,,,,
Phi-4-mini,mlx-community/Phi-4-mini-instruct-mlx-4Bit,d848c30f6d5419b9892433cf6b1062626d15340e,shelter_maintenance-valid-1,shelter_maintenance-valid-1--record_first,shelter_maintenance,record_first,valid,ELIGIBLE,evidence_checklist,recovered,ELIGIBLE,37,3,0,1,0,1,0,1,0,0,0,0,0,,,,
Phi-4-mini,mlx-community/Phi-4-mini-instruct-mlx-4Bit,d848c30f6d5419b9892433cf6b1062626d15340e,shelter_maintenance-valid-1,shelter_maintenance-valid-1--record_first,shelter_maintenance,record_first,valid,ELIGIBLE,commit_then_review,recovered,ELIGIBLE,0,0,0,1,1,1,0,0,0,0,0,0,0,0,0,0,1
Phi-4-mini,mlx-community/Phi-4-mini-instruct-mlx-4Bit,d848c30f6d5419b9892433cf6b1062626d15340e,shelter_maintenance-valid-2,shelter_maintenance-valid-2--policy_first,shelter_maintenance,policy_first,valid,ELIGIBLE,independent_review,recovered,NEED_INFORMATION,0,0,0,0,0,1,0,0,0,1,0,0,0,,,,
Phi-4-mini,mlx-community/Phi-4-mini-instruct-mlx-4Bit,d848c30f6d5419b9892433cf6b1062626d15340e,shelter_maintenance-valid-2,shelter_maintenance-valid-2--policy_first,shelter_maintenance,policy_first,valid,ELIGIBLE,prior_rationale,recovered,NEED_INFORMATION,0,0,0,0,0,1,0,0,0,1,0,0,0,,,,
Phi-4-mini,mlx-community/Phi-4-mini-instruct-mlx-4Bit,d848c30f6d5419b9892433cf6b1062626d15340e,shelter_maintenance-valid-2,shelter_maintenance-valid-2--policy_first,shelter_maintenance,policy_first,valid,ELIGIBLE,evidence_checklist,recovered,INELIGIBLE,201,31,0,0,1,0,0,1,0,1,0,0,0,,,,
Phi-4-mini,mlx-community/Phi-4-mini-instruct-mlx-4Bit,d848c30f6d5419b9892433cf6b1062626d15340e,shelter_maintenance-valid-2,shelter_maintenance-valid-2--policy_first,shelter_maintenance,policy_first,valid,ELIGIBLE,commit_then_review,recovered,NEED_INFORMATION,0,0,0,0,0,1,0,0,0,1,0,0,0,0,0,0,0
Phi-4-mini,mlx-community/Phi-4-mini-instruct-mlx-4Bit,d848c30f6d5419b9892433cf6b1062626d15340e,shelter_maintenance-valid-2,shelter_maintenance-valid-2--record_first,shelter_maintenance,record_first,valid,ELIGIBLE,independent_review,recovered,ELIGIBLE,0,0,0,1,1,1,0,0,0,0,0,0,0,,,,
Phi-4-mini,mlx-community/Phi-4-mini-instruct-mlx-4Bit,d848c30f6d5419b9892433cf6b1062626d15340e,shelter_maintenance-valid-2,shelter_maintenance-valid-2--record_first,shelter_maintenance,record_first,valid,ELIGIBLE,prior_rationale,recovered,ELIGIBLE,37,3,0,1,0,1,0,1,0,0,0,0,0,,,,
Phi-4-mini,mlx-community/Phi-4-mini-instruct-mlx-4Bit,d848c30f6d5419b9892433cf6b1062626d15340e,shelter_maintenance-valid-2,shelter_maintenance-valid-2--record_first,shelter_maintenance,record_first,valid,ELIGIBLE,evidence_checklist,recovered,ELIGIBLE,0,0,0,1,0,1,0,0,0,0,0,0,0,,,,
Phi-4-mini,mlx-community/Phi-4-mini-instruct-mlx-4Bit,d848c30f6d5419b9892433cf6b1062626d15340e,shelter_maintenance-valid-2,shelter_maintenance-valid-2--record_first,shelter_maintenance,record_first,valid,ELIGIBLE,commit_then_review,recovered,ELIGIBLE,0,0,0,1,1,1,0,0,0,0,0,0,0,0,0,0,1
Phi-4-mini,mlx-community/Phi-4-mini-instruct-mlx-4Bit,d848c30f6d5419b9892433cf6b1062626d15340e,shelter_maintenance-valid-3,shelter_maintenance-valid-3--policy_first,shelter_maintenance,policy_first,valid,ELIGIBLE,independent_review,recovered,NEED_INFORMATION,0,0,0,0,0,1,0,0,0,1,0,0,0,,,,
Phi-4-mini,mlx-community/Phi-4-mini-instruct-mlx-4Bit,d848c30f6d5419b9892433cf6b1062626d15340e,shelter_maintenance-valid-3,shelter_maintenance-valid-3--policy_first,shelter_maintenance,policy_first,valid,ELIGIBLE,prior_rationale,recovered,NEED_INFORMATION,0,0,0,0,0,1,0,0,0,1,0,0,0,,,,
Phi-4-mini,mlx-community/Phi-4-mini-instruct-mlx-4Bit,d848c30f6d5419b9892433cf6b1062626d15340e,shelter_maintenance-valid-3,shelter_maintenance-valid-3--policy_first,shelter_maintenance,policy_first,valid,ELIGIBLE,evidence_checklist,recovered,INELIGIBLE,201,31,0,0,1,1,0,1,0,1,0,0,0,,,,
Phi-4-mini,mlx-community/Phi-4-mini-instruct-mlx-4Bit,d848c30f6d5419b9892433cf6b1062626d15340e,shelter_maintenance-valid-3,shelter_maintenance-valid-3--policy_first,shelter_maintenance,policy_first,valid,ELIGIBLE,commit_then_review,recovered,NEED_INFORMATION,0,0,0,0,0,1,0,0,0,1,0,0,0,0,0,0,0
Phi-4-mini,mlx-community/Phi-4-mini-instruct-mlx-4Bit,d848c30f6d5419b9892433cf6b1062626d15340e,shelter_maintenance-valid-3,shelter_maintenance-valid-3--record_first,shelter_maintenance,record_first,valid,ELIGIBLE,independent_review,recovered,ELIGIBLE,0,0,0,1,1,1,0,0,0,0,0,0,0,,,,
Phi-4-mini,mlx-community/Phi-4-mini-instruct-mlx-4Bit,d848c30f6d5419b9892433cf6b1062626d15340e,shelter_maintenance-valid-3,shelter_maintenance-valid-3--record_first,shelter_maintenance,record_first,valid,ELIGIBLE,prior_rationale,recovered,ELIGIBLE,37,3,0,1,0,1,0,1,0,0,0,0,0,,,,
Phi-4-mini,mlx-community/Phi-4-mini-instruct-mlx-4Bit,d848c30f6d5419b9892433cf6b1062626d15340e,shelter_maintenance-valid-3,shelter_maintenance-valid-3--record_first,shelter_maintenance,record_first,valid,ELIGIBLE,evidence_checklist,recovered,ELIGIBLE,0,0,0,1,0,1,0,0,0,0,0,0,0,,,,
Phi-4-mini,mlx-community/Phi-4-mini-instruct-mlx-4Bit,d848c30f6d5419b9892433cf6b1062626d15340e,shelter_maintenance-valid-3,shelter_maintenance-valid-3--record_first,shelter_maintenance,record_first,valid,ELIGIBLE,commit_then_review,recovered,ELIGIBLE,0,0,0,1,1,1,0,0,0,0,0,0,0,0,0,0,1
Phi-4-mini,mlx-community/Phi-4-mini-instruct-mlx-4Bit,d848c30f6d5419b9892433cf6b1062626d15340e,shelter_maintenance-invalid-1,shelter_maintenance-invalid-1--policy_first,shelter_maintenance,policy_first,invalid,INELIGIBLE,independent_review,recovered,NEED_INFORMATION,0,0,0,0,0,1,0,0,0,0,0,0,0,,,,
Phi-4-mini,mlx-community/Phi-4-mini-instruct-mlx-4Bit,d848c30f6d5419b9892433cf6b1062626d15340e,shelter_maintenance-invalid-1,shelter_maintenance-invalid-1--policy_first,shelter_maintenance,policy_first,invalid,INELIGIBLE,prior_rationale,recovered,INELIGIBLE,37,3,0,1,0,0,0,1,0,0,0,0,0,,,,
Phi-4-mini,mlx-community/Phi-4-mini-instruct-mlx-4Bit,d848c30f6d5419b9892433cf6b1062626d15340e,shelter_maintenance-invalid-1,shelter_maintenance-invalid-1--policy_first,shelter_maintenance,policy_first,invalid,INELIGIBLE,evidence_checklist,recovered,INELIGIBLE,330,48,0,1,0,0,0,1,0,0,0,0,0,,,,
Phi-4-mini,mlx-community/Phi-4-mini-instruct-mlx-4Bit,d848c30f6d5419b9892433cf6b1062626d15340e,shelter_maintenance-invalid-1,shelter_maintenance-invalid-1--policy_first,shelter_maintenance,policy_first,invalid,INELIGIBLE,commit_then_review,recovered,NEED_INFORMATION,0,0,0,0,0,1,0,0,0,0,0,0,0,0,0,0,0
Phi-4-mini,mlx-community/Phi-4-mini-instruct-mlx-4Bit,d848c30f6d5419b9892433cf6b1062626d15340e,shelter_maintenance-invalid-1,shelter_maintenance-invalid-1--record_first,shelter_maintenance,record_first,invalid,INELIGIBLE,independent_review,recovered,NEED_INFORMATION,0,0,0,0,0,1,0,0,0,0,0,0,0,,,,
Phi-4-mini,mlx-community/Phi-4-mini-instruct-mlx-4Bit,d848c30f6d5419b9892433cf6b1062626d15340e,shelter_maintenance-invalid-1,shelter_maintenance-invalid-1--record_first,shelter_maintenance,record_first,invalid,INELIGIBLE,prior_rationale,recovered,INELIGIBLE,207,31,0,1,0,0,0,1,0,0,0,0,0,,,,
Phi-4-mini,mlx-community/Phi-4-mini-instruct-mlx-4Bit,d848c30f6d5419b9892433cf6b1062626d15340e,shelter_maintenance-invalid-1,shelter_maintenance-invalid-1--record_first,shelter_maintenance,record_first,invalid,INELIGIBLE,evidence_checklist,recovered,INELIGIBLE,184,29,0,1,0,0,0,1,0,0,0,0,0,,,,
Phi-4-mini,mlx-community/Phi-4-mini-instruct-mlx-4Bit,d848c30f6d5419b9892433cf6b1062626d15340e,shelter_maintenance-invalid-1,shelter_maintenance-invalid-1--record_first,shelter_maintenance,record_first,invalid,INELIGIBLE,commit_then_review,recovered,NEED_INFORMATION,0,0,0,0,0,1,0,0,0,0,0,0,0,0,0,0,0
Phi-4-mini,mlx-community/Phi-4-mini-instruct-mlx-4Bit,d848c30f6d5419b9892433cf6b1062626d15340e,shelter_maintenance-invalid-2,shelter_maintenance-invalid-2--policy_first,shelter_maintenance,policy_first,invalid,INELIGIBLE,independent_review,recovered,NEED_INFORMATION,0,0,0,0,0,1,0,0,0,0,0,0,0,,,,
Phi-4-mini,mlx-community/Phi-4-mini-instruct-mlx-4Bit,d848c30f6d5419b9892433cf6b1062626d15340e,shelter_maintenance-invalid-2,shelter_maintenance-invalid-2--policy_first,shelter_maintenance,policy_first,invalid,INELIGIBLE,prior_rationale,recovered,INELIGIBLE,166,25,0,1,0,0,0,1,0,0,0,0,0,,,,
Phi-4-mini,mlx-community/Phi-4-mini-instruct-mlx-4Bit,d848c30f6d5419b9892433cf6b1062626d15340e,shelter_maintenance-invalid-2,shelter_maintenance-invalid-2--policy_first,shelter_maintenance,policy_first,invalid,INELIGIBLE,evidence_checklist,recovered,INELIGIBLE,194,29,0,1,0,0,0,1,0,0,0,0,0,,,,
Phi-4-mini,mlx-community/Phi-4-mini-instruct-mlx-4Bit,d848c30f6d5419b9892433cf6b1062626d15340e,shelter_maintenance-invalid-2,shelter_maintenance-invalid-2--policy_first,shelter_maintenance,policy_first,invalid,INELIGIBLE,commit_then_review,recovered,NEED_INFORMATION,0,0,0,0,0,1,0,0,0,0,0,0,0,0,0,0,0
Phi-4-mini,mlx-community/Phi-4-mini-instruct-mlx-4Bit,d848c30f6d5419b9892433cf6b1062626d15340e,shelter_maintenance-invalid-2,shelter_maintenance-invalid-2--record_first,shelter_maintenance,record_first,invalid,INELIGIBLE,independent_review,recovered,INELIGIBLE,223,35,0,1,0,0,0,1,0,0,0,0,0,,,,
Phi-4-mini,mlx-community/Phi-4-mini-instruct-mlx-4Bit,d848c30f6d5419b9892433cf6b1062626d15340e,shelter_maintenance-invalid-2,shelter_maintenance-invalid-2--record_first,shelter_maintenance,record_first,invalid,INELIGIBLE,prior_rationale,recovered,INELIGIBLE,207,31,0,1,0,1,0,1,0,0,0,0,0,,,,
Phi-4-mini,mlx-community/Phi-4-mini-instruct-mlx-4Bit,d848c30f6d5419b9892433cf6b1062626d15340e,shelter_maintenance-invalid-2,shelter_maintenance-invalid-2--record_first,shelter_maintenance,record_first,invalid,INELIGIBLE,evidence_checklist,recovered,INELIGIBLE,184,29,0,1,0,0,0,1,0,0,0,0,0,,,,
Phi-4-mini,mlx-community/Phi-4-mini-instruct-mlx-4Bit,d848c30f6d5419b9892433cf6b1062626d15340e,shelter_maintenance-invalid-2,shelter_maintenance-invalid-2--record_first,shelter_maintenance,record_first,invalid,INELIGIBLE,commit_then_review,recovered,NEED_INFORMATION,0,0,0,0,0,1,0,0,0,0,0,0,0,0,0,0,0
Phi-4-mini,mlx-community/Phi-4-mini-instruct-mlx-4Bit,d848c30f6d5419b9892433cf6b1062626d15340e,shelter_maintenance-invalid-3,shelter_maintenance-invalid-3--policy_first,shelter_maintenance,policy_first,invalid,INELIGIBLE,independent_review,recovered,NEED_INFORMATION,0,0,0,0,0,1,0,0,0,0,0,0,0,,,,
Phi-4-mini,mlx-community/Phi-4-mini-instruct-mlx-4Bit,d848c30f6d5419b9892433cf6b1062626d15340e,shelter_maintenance-invalid-3,shelter_maintenance-invalid-3--policy_first,shelter_maintenance,policy_first,invalid,INELIGIBLE,prior_rationale,recovered,INELIGIBLE,166,25,0,1,0,0,0,1,0,0,0,0,0,,,,
Phi-4-mini,mlx-community/Phi-4-mini-instruct-mlx-4Bit,d848c30f6d5419b9892433cf6b1062626d15340e,shelter_maintenance-invalid-3,shelter_maintenance-invalid-3--policy_first,shelter_maintenance,policy_first,invalid,INELIGIBLE,evidence_checklist,recovered,INELIGIBLE,301,43,0,1,0,0,0,1,0,0,0,0,0,,,,
Phi-4-mini,mlx-community/Phi-4-mini-instruct-mlx-4Bit,d848c30f6d5419b9892433cf6b1062626d15340e,shelter_maintenance-invalid-3,shelter_maintenance-invalid-3--policy_first,shelter_maintenance,policy_first,invalid,INELIGIBLE,commit_then_review,recovered,NEED_INFORMATION,0,0,0,0,0,1,0,0,0,0,0,0,0,0,0,0,0
Phi-4-mini,mlx-community/Phi-4-mini-instruct-mlx-4Bit,d848c30f6d5419b9892433cf6b1062626d15340e,shelter_maintenance-invalid-3,shelter_maintenance-invalid-3--record_first,shelter_maintenance,record_first,invalid,INELIGIBLE,independent_review,recovered,INELIGIBLE,0,0,0,1,0,0,0,0,0,0,0,0,0,,,,
Phi-4-mini,mlx-community/Phi-4-mini-instruct-mlx-4Bit,d848c30f6d5419b9892433cf6b1062626d15340e,shelter_maintenance-invalid-3,shelter_maintenance-invalid-3--record_first,shelter_maintenance,record_first,invalid,INELIGIBLE,prior_rationale,recovered,INELIGIBLE,191,29,0,1,0,0,0,1,0,0,0,0,0,,,,
Phi-4-mini,mlx-community/Phi-4-mini-instruct-mlx-4Bit,d848c30f6d5419b9892433cf6b1062626d15340e,shelter_maintenance-invalid-3,shelter_maintenance-invalid-3--record_first,shelter_maintenance,record_first,invalid,INELIGIBLE,evidence_checklist,recovered,INELIGIBLE,192,33,0,1,0,0,0,1,0,0,0,0,0,,,,
Phi-4-mini,mlx-community/Phi-4-mini-instruct-mlx-4Bit,d848c30f6d5419b9892433cf6b1062626d15340e,shelter_maintenance-invalid-3,shelter_maintenance-invalid-3--record_first,shelter_maintenance,record_first,invalid,INELIGIBLE,commit_then_review,recovered,NEED_INFORMATION,0,0,0,0,0,1,0,0,0,0,0,0,0,0,0,0,0
Phi-4-mini,mlx-community/Phi-4-mini-instruct-mlx-4Bit,d848c30f6d5419b9892433cf6b1062626d15340e,shelter_maintenance-incomplete-1,shelter_maintenance-incomplete-1--policy_first,shelter_maintenance,policy_first,incomplete,NEED_INFORMATION,independent_review,recovered,NEED_INFORMATION,0,0,0,1,1,1,0,0,0,0,0,1,0,,,,
Phi-4-mini,mlx-community/Phi-4-mini-instruct-mlx-4Bit,d848c30f6d5419b9892433cf6b1062626d15340e,shelter_maintenance-incomplete-1,shelter_maintenance-incomplete-1--policy_first,shelter_maintenance,policy_first,incomplete,NEED_INFORMATION,prior_rationale,recovered,NEED_INFORMATION,0,0,0,1,1,1,0,0,0,0,0,1,0,,,,
Phi-4-mini,mlx-community/Phi-4-mini-instruct-mlx-4Bit,d848c30f6d5419b9892433cf6b1062626d15340e,shelter_maintenance-incomplete-1,shelter_maintenance-incomplete-1--policy_first,shelter_maintenance,policy_first,incomplete,NEED_INFORMATION,evidence_checklist,recovered,INELIGIBLE,37,3,0,0,0,1,0,1,0,0,0,0,0,,,,
Phi-4-mini,mlx-community/Phi-4-mini-instruct-mlx-4Bit,d848c30f6d5419b9892433cf6b1062626d15340e,shelter_maintenance-incomplete-1,shelter_maintenance-incomplete-1--policy_first,shelter_maintenance,policy_first,incomplete,NEED_INFORMATION,commit_then_review,recovered,NEED_INFORMATION,0,0,0,1,1,1,0,0,0,0,0,1,0,0,0,0,1
Phi-4-mini,mlx-community/Phi-4-mini-instruct-mlx-4Bit,d848c30f6d5419b9892433cf6b1062626d15340e,shelter_maintenance-incomplete-1,shelter_maintenance-incomplete-1--record_first,shelter_maintenance,record_first,incomplete,NEED_INFORMATION,independent_review,recovered,NEED_INFORMATION,0,0,0,1,1,1,0,0,0,0,0,1,0,,,,
Phi-4-mini,mlx-community/Phi-4-mini-instruct-mlx-4Bit,d848c30f6d5419b9892433cf6b1062626d15340e,shelter_maintenance-incomplete-1,shelter_maintenance-incomplete-1--record_first,shelter_maintenance,record_first,incomplete,NEED_INFORMATION,prior_rationale,recovered,NEED_INFORMATION,0,0,0,1,1,1,0,0,0,0,0,1,0,,,,
Phi-4-mini,mlx-community/Phi-4-mini-instruct-mlx-4Bit,d848c30f6d5419b9892433cf6b1062626d15340e,shelter_maintenance-incomplete-1,shelter_maintenance-incomplete-1--record_first,shelter_maintenance,record_first,incomplete,NEED_INFORMATION,evidence_checklist,recovered,INELIGIBLE,184,28,0,0,0,0,0,1,0,0,0,0,0,,,,
Phi-4-mini,mlx-community/Phi-4-mini-instruct-mlx-4Bit,d848c30f6d5419b9892433cf6b1062626d15340e,shelter_maintenance-incomplete-1,shelter_maintenance-incomplete-1--record_first,shelter_maintenance,record_first,incomplete,NEED_INFORMATION,commit_then_review,recovered,NEED_INFORMATION,0,0,0,1,1,1,0,0,0,0,0,1,0,0,0,0,1
Phi-4-mini,mlx-community/Phi-4-mini-instruct-mlx-4Bit,d848c30f6d5419b9892433cf6b1062626d15340e,shelter_maintenance-incomplete-2,shelter_maintenance-incomplete-2--policy_first,shelter_maintenance,policy_first,incomplete,NEED_INFORMATION,independent_review,recovered,NEED_INFORMATION,0,0,0,1,1,1,0,0,0,0,0,1,0,,,,
Phi-4-mini,mlx-community/Phi-4-mini-instruct-mlx-4Bit,d848c30f6d5419b9892433cf6b1062626d15340e,shelter_maintenance-incomplete-2,shelter_maintenance-incomplete-2--policy_first,shelter_maintenance,policy_first,incomplete,NEED_INFORMATION,prior_rationale,recovered,NEED_INFORMATION,0,0,0,1,1,1,0,0,0,0,0,1,0,,,,
Phi-4-mini,mlx-community/Phi-4-mini-instruct-mlx-4Bit,d848c30f6d5419b9892433cf6b1062626d15340e,shelter_maintenance-incomplete-2,shelter_maintenance-incomplete-2--policy_first,shelter_maintenance,policy_first,incomplete,NEED_INFORMATION,evidence_checklist,recovered,INELIGIBLE,0,0,0,0,0,1,0,0,0,0,0,0,0,,,,
Phi-4-mini,mlx-community/Phi-4-mini-instruct-mlx-4Bit,d848c30f6d5419b9892433cf6b1062626d15340e,shelter_maintenance-incomplete-2,shelter_maintenance-incomplete-2--policy_first,shelter_maintenance,policy_first,incomplete,NEED_INFORMATION,commit_then_review,recovered,NEED_INFORMATION,0,0,0,1,1,1,0,0,0,0,0,1,0,0,0,0,1
Phi-4-mini,mlx-community/Phi-4-mini-instruct-mlx-4Bit,d848c30f6d5419b9892433cf6b1062626d15340e,shelter_maintenance-incomplete-2,shelter_maintenance-incomplete-2--record_first,shelter_maintenance,record_first,incomplete,NEED_INFORMATION,independent_review,recovered,NEED_INFORMATION,0,0,0,1,1,1,0,0,0,0,0,1,0,,,,
Phi-4-mini,mlx-community/Phi-4-mini-instruct-mlx-4Bit,d848c30f6d5419b9892433cf6b1062626d15340e,shelter_maintenance-incomplete-2,shelter_maintenance-incomplete-2--record_first,shelter_maintenance,record_first,incomplete,NEED_INFORMATION,prior_rationale,recovered,NEED_INFORMATION,0,0,0,1,1,1,0,0,0,0,0,1,0,,,,
Phi-4-mini,mlx-community/Phi-4-mini-instruct-mlx-4Bit,d848c30f6d5419b9892433cf6b1062626d15340e,shelter_maintenance-incomplete-2,shelter_maintenance-incomplete-2--record_first,shelter_maintenance,record_first,incomplete,NEED_INFORMATION,evidence_checklist,recovered,INELIGIBLE,184,28,0,0,0,0,0,1,0,0,0,0,0,,,,
Phi-4-mini,mlx-community/Phi-4-mini-instruct-mlx-4Bit,d848c30f6d5419b9892433cf6b1062626d15340e,shelter_maintenance-incomplete-2,shelter_maintenance-incomplete-2--record_first,shelter_maintenance,record_first,incomplete,NEED_INFORMATION,commit_then_review,recovered,NEED_INFORMATION,0,0,0,1,1,1,0,0,0,0,0,1,0,0,0,0,1
Phi-4-mini,mlx-community/Phi-4-mini-instruct-mlx-4Bit,d848c30f6d5419b9892433cf6b1062626d15340e,shelter_maintenance-incomplete-3,shelter_maintenance-incomplete-3--policy_first,shelter_maintenance,policy_first,incomplete,NEED_INFORMATION,independent_review,recovered,NEED_INFORMATION,0,0,0,1,1,1,0,0,0,0,0,1,0,,,,
Phi-4-mini,mlx-community/Phi-4-mini-instruct-mlx-4Bit,d848c30f6d5419b9892433cf6b1062626d15340e,shelter_maintenance-incomplete-3,shelter_maintenance-incomplete-3--policy_first,shelter_maintenance,policy_first,incomplete,NEED_INFORMATION,prior_rationale,recovered,NEED_INFORMATION,0,0,0,1,1,1,0,0,0,0,0,1,0,,,,
Phi-4-mini,mlx-community/Phi-4-mini-instruct-mlx-4Bit,d848c30f6d5419b9892433cf6b1062626d15340e,shelter_maintenance-incomplete-3,shelter_maintenance-incomplete-3--policy_first,shelter_maintenance,policy_first,incomplete,NEED_INFORMATION,evidence_checklist,recovered,INELIGIBLE,37,3,0,0,0,1,0,1,0,0,0,0,0,,,,
Phi-4-mini,mlx-community/Phi-4-mini-instruct-mlx-4Bit,d848c30f6d5419b9892433cf6b1062626d15340e,shelter_maintenance-incomplete-3,shelter_maintenance-incomplete-3--policy_first,shelter_maintenance,policy_first,incomplete,NEED_INFORMATION,commit_then_review,recovered,NEED_INFORMATION,0,0,0,1,1,1,0,0,0,0,0,1,0,0,0,0,1
Phi-4-mini,mlx-community/Phi-4-mini-instruct-mlx-4Bit,d848c30f6d5419b9892433cf6b1062626d15340e,shelter_maintenance-incomplete-3,shelter_maintenance-incomplete-3--record_first,shelter_maintenance,record_first,incomplete,NEED_INFORMATION,independent_review,recovered,NEED_INFORMATION,0,0,0,1,1,1,0,0,0,0,0,1,0,,,,
Phi-4-mini,mlx-community/Phi-4-mini-instruct-mlx-4Bit,d848c30f6d5419b9892433cf6b1062626d15340e,shelter_maintenance-incomplete-3,shelter_maintenance-incomplete-3--record_first,shelter_maintenance,record_first,incomplete,NEED_INFORMATION,prior_rationale,recovered,NEED_INFORMATION,0,0,0,1,1,1,0,0,0,0,0,1,0,,,,
Phi-4-mini,mlx-community/Phi-4-mini-instruct-mlx-4Bit,d848c30f6d5419b9892433cf6b1062626d15340e,shelter_maintenance-incomplete-3,shelter_maintenance-incomplete-3--record_first,shelter_maintenance,record_first,incomplete,NEED_INFORMATION,evidence_checklist,recovered,INELIGIBLE,166,25,0,0,0,0,0,1,0,0,0,0,0,,,,
Phi-4-mini,mlx-community/Phi-4-mini-instruct-mlx-4Bit,d848c30f6d5419b9892433cf6b1062626d15340e,shelter_maintenance-incomplete-3,shelter_maintenance-incomplete-3--record_first,shelter_maintenance,record_first,incomplete,NEED_INFORMATION,commit_then_review,recovered,NEED_INFORMATION,0,0,0,1,1,1,0,0,0,0,0,1,0,0,0,0,1
Phi-4-mini,mlx-community/Phi-4-mini-instruct-mlx-4Bit,d848c30f6d5419b9892433cf6b1062626d15340e,shelter_maintenance-conflict-1,shelter_maintenance-conflict-1--policy_first,shelter_maintenance,policy_first,conflict,HUMAN_REVIEW,independent_review,recovered,NEED_INFORMATION,0,0,0,0,0,1,0,0,0,0,0,0,0,,,,
Phi-4-mini,mlx-community/Phi-4-mini-instruct-mlx-4Bit,d848c30f6d5419b9892433cf6b1062626d15340e,shelter_maintenance-conflict-1,shelter_maintenance-conflict-1--policy_first,shelter_maintenance,policy_first,conflict,HUMAN_REVIEW,prior_rationale,recovered,INELIGIBLE,218,33,0,0,0,0,0,1,0,0,0,0,0,,,,
Phi-4-mini,mlx-community/Phi-4-mini-instruct-mlx-4Bit,d848c30f6d5419b9892433cf6b1062626d15340e,shelter_maintenance-conflict-1,shelter_maintenance-conflict-1--policy_first,shelter_maintenance,policy_first,conflict,HUMAN_REVIEW,evidence_checklist,recovered,INELIGIBLE,0,0,0,0,0,1,0,0,0,0,0,0,0,,,,
Phi-4-mini,mlx-community/Phi-4-mini-instruct-mlx-4Bit,d848c30f6d5419b9892433cf6b1062626d15340e,shelter_maintenance-conflict-1,shelter_maintenance-conflict-1--policy_first,shelter_maintenance,policy_first,conflict,HUMAN_REVIEW,commit_then_review,recovered,NEED_INFORMATION,0,0,0,0,0,1,0,0,0,0,0,0,0,0,0,0,0
Phi-4-mini,mlx-community/Phi-4-mini-instruct-mlx-4Bit,d848c30f6d5419b9892433cf6b1062626d15340e,shelter_maintenance-conflict-1,shelter_maintenance-conflict-1--record_first,shelter_maintenance,record_first,conflict,HUMAN_REVIEW,independent_review,recovered,HUMAN_REVIEW,0,0,0,1,1,1,0,0,0,0,0,0,1,,,,
Phi-4-mini,mlx-community/Phi-4-mini-instruct-mlx-4Bit,d848c30f6d5419b9892433cf6b1062626d15340e,shelter_maintenance-conflict-1,shelter_maintenance-conflict-1--record_first,shelter_maintenance,record_first,conflict,HUMAN_REVIEW,prior_rationale,recovered,HUMAN_REVIEW,269,40,0,1,1,0,0,1,0,0,0,0,1,,,,
Phi-4-mini,mlx-community/Phi-4-mini-instruct-mlx-4Bit,d848c30f6d5419b9892433cf6b1062626d15340e,shelter_maintenance-conflict-1,shelter_maintenance-conflict-1--record_first,shelter_maintenance,record_first,conflict,HUMAN_REVIEW,evidence_checklist,recovered,HUMAN_REVIEW,0,0,0,1,1,1,0,0,0,0,0,0,1,,,,
Phi-4-mini,mlx-community/Phi-4-mini-instruct-mlx-4Bit,d848c30f6d5419b9892433cf6b1062626d15340e,shelter_maintenance-conflict-1,shelter_maintenance-conflict-1--record_first,shelter_maintenance,record_first,conflict,HUMAN_REVIEW,commit_then_review,recovered,NEED_INFORMATION,0,0,0,0,0,0,0,0,0,0,0,0,0,0,0,0,0
Phi-4-mini,mlx-community/Phi-4-mini-instruct-mlx-4Bit,d848c30f6d5419b9892433cf6b1062626d15340e,shelter_maintenance-conflict-2,shelter_maintenance-conflict-2--policy_first,shelter_maintenance,policy_first,conflict,HUMAN_REVIEW,independent_review,recovered,NEED_INFORMATION,0,0,0,0,0,1,0,0,0,0,0,0,0,,,,
Phi-4-mini,mlx-community/Phi-4-mini-instruct-mlx-4Bit,d848c30f6d5419b9892433cf6b1062626d15340e,shelter_maintenance-conflict-2,shelter_maintenance-conflict-2--policy_first,shelter_maintenance,policy_first,conflict,HUMAN_REVIEW,prior_rationale,recovered,INELIGIBLE,184,28,0,0,0,0,0,1,0,0,0,0,0,,,,
Phi-4-mini,mlx-community/Phi-4-mini-instruct-mlx-4Bit,d848c30f6d5419b9892433cf6b1062626d15340e,shelter_maintenance-conflict-2,shelter_maintenance-conflict-2--policy_first,shelter_maintenance,policy_first,conflict,HUMAN_REVIEW,evidence_checklist,recovered,INELIGIBLE,0,0,0,0,0,1,0,0,0,0,0,0,0,,,,
Phi-4-mini,mlx-community/Phi-4-mini-instruct-mlx-4Bit,d848c30f6d5419b9892433cf6b1062626d15340e,shelter_maintenance-conflict-2,shelter_maintenance-conflict-2--policy_first,shelter_maintenance,policy_first,conflict,HUMAN_REVIEW,commit_then_review,recovered,NEED_INFORMATION,0,0,0,0,0,1,0,0,0,0,0,0,0,0,0,0,0
Phi-4-mini,mlx-community/Phi-4-mini-instruct-mlx-4Bit,d848c30f6d5419b9892433cf6b1062626d15340e,shelter_maintenance-conflict-2,shelter_maintenance-conflict-2--record_first,shelter_maintenance,record_first,conflict,HUMAN_REVIEW,independent_review,recovered,HUMAN_REVIEW,0,0,0,1,1,1,0,0,0,0,0,0,1,,,,
Phi-4-mini,mlx-community/Phi-4-mini-instruct-mlx-4Bit,d848c30f6d5419b9892433cf6b1062626d15340e,shelter_maintenance-conflict-2,shelter_maintenance-conflict-2--record_first,shelter_maintenance,record_first,conflict,HUMAN_REVIEW,prior_rationale,recovered,HUMAN_REVIEW,0,0,0,1,1,0,0,0,0,0,0,0,1,,,,
Phi-4-mini,mlx-community/Phi-4-mini-instruct-mlx-4Bit,d848c30f6d5419b9892433cf6b1062626d15340e,shelter_maintenance-conflict-2,shelter_maintenance-conflict-2--record_first,shelter_maintenance,record_first,conflict,HUMAN_REVIEW,evidence_checklist,recovered,HUMAN_REVIEW,0,0,0,1,1,1,0,0,0,0,0,0,1,,,,
Phi-4-mini,mlx-community/Phi-4-mini-instruct-mlx-4Bit,d848c30f6d5419b9892433cf6b1062626d15340e,shelter_maintenance-conflict-2,shelter_maintenance-conflict-2--record_first,shelter_maintenance,record_first,conflict,HUMAN_REVIEW,commit_then_review,recovered,HUMAN_REVIEW,0,0,0,1,1,1,0,0,0,0,0,0,1,0,0,0,1
Phi-4-mini,mlx-community/Phi-4-mini-instruct-mlx-4Bit,d848c30f6d5419b9892433cf6b1062626d15340e,shelter_maintenance-conflict-3,shelter_maintenance-conflict-3--policy_first,shelter_maintenance,policy_first,conflict,HUMAN_REVIEW,independent_review,recovered,NEED_INFORMATION,0,0,0,0,0,1,0,0,0,0,0,0,0,,,,
Phi-4-mini,mlx-community/Phi-4-mini-instruct-mlx-4Bit,d848c30f6d5419b9892433cf6b1062626d15340e,shelter_maintenance-conflict-3,shelter_maintenance-conflict-3--policy_first,shelter_maintenance,policy_first,conflict,HUMAN_REVIEW,prior_rationale,recovered,INELIGIBLE,180,28,0,0,0,0,0,1,0,0,0,0,0,,,,
Phi-4-mini,mlx-community/Phi-4-mini-instruct-mlx-4Bit,d848c30f6d5419b9892433cf6b1062626d15340e,shelter_maintenance-conflict-3,shelter_maintenance-conflict-3--policy_first,shelter_maintenance,policy_first,conflict,HUMAN_REVIEW,evidence_checklist,recovered,INELIGIBLE,0,0,0,0,0,1,0,0,0,0,0,0,0,,,,
Phi-4-mini,mlx-community/Phi-4-mini-instruct-mlx-4Bit,d848c30f6d5419b9892433cf6b1062626d15340e,shelter_maintenance-conflict-3,shelter_maintenance-conflict-3--policy_first,shelter_maintenance,policy_first,conflict,HUMAN_REVIEW,commit_then_review,recovered,NEED_INFORMATION,0,0,0,0,0,1,0,0,0,0,0,0,0,0,0,0,0
Phi-4-mini,mlx-community/Phi-4-mini-instruct-mlx-4Bit,d848c30f6d5419b9892433cf6b1062626d15340e,shelter_maintenance-conflict-3,shelter_maintenance-conflict-3--record_first,shelter_maintenance,record_first,conflict,HUMAN_REVIEW,independent_review,recovered,HUMAN_REVIEW,0,0,0,1,1,1,0,0,0,0,0,0,1,,,,
Phi-4-mini,mlx-community/Phi-4-mini-instruct-mlx-4Bit,d848c30f6d5419b9892433cf6b1062626d15340e,shelter_maintenance-conflict-3,shelter_maintenance-conflict-3--record_first,shelter_maintenance,record_first,conflict,HUMAN_REVIEW,prior_rationale,recovered,HUMAN_REVIEW,177,26,0,1,1,0,0,1,0,0,0,0,1,,,,
Phi-4-mini,mlx-community/Phi-4-mini-instruct-mlx-4Bit,d848c30f6d5419b9892433cf6b1062626d15340e,shelter_maintenance-conflict-3,shelter_maintenance-conflict-3--record_first,shelter_maintenance,record_first,conflict,HUMAN_REVIEW,evidence_checklist,recovered,HUMAN_REVIEW,0,0,0,1,1,1,0,0,0,0,0,0,1,,,,
Phi-4-mini,mlx-community/Phi-4-mini-instruct-mlx-4Bit,d848c30f6d5419b9892433cf6b1062626d15340e,shelter_maintenance-conflict-3,shelter_maintenance-conflict-3--record_first,shelter_maintenance,record_first,conflict,HUMAN_REVIEW,commit_then_review,recovered,NEED_INFORMATION,0,0,0,0,0,1,0,0,0,0,0,0,0,0,0,0,0
Phi-4-mini,mlx-community/Phi-4-mini-instruct-mlx-4Bit,d848c30f6d5419b9892433cf6b1062626d15340e,complaint_callback-valid-1,complaint_callback-valid-1--policy_first,complaint_callback,policy_first,valid,ELIGIBLE,independent_review,recovered,ELIGIBLE,37,3,0,1,1,1,1,1,0,0,0,0,0,,,,
Phi-4-mini,mlx-community/Phi-4-mini-instruct-mlx-4Bit,d848c30f6d5419b9892433cf6b1062626d15340e,complaint_callback-valid-1,complaint_callback-valid-1--policy_first,complaint_callback,policy_first,valid,ELIGIBLE,prior_rationale,recovered,ELIGIBLE,37,3,0,1,1,1,1,1,0,0,0,0,0,,,,
Phi-4-mini,mlx-community/Phi-4-mini-instruct-mlx-4Bit,d848c30f6d5419b9892433cf6b1062626d15340e,complaint_callback-valid-1,complaint_callback-valid-1--policy_first,complaint_callback,policy_first,valid,ELIGIBLE,evidence_checklist,recovered,ELIGIBLE,37,3,0,1,0,1,0,1,0,0,0,0,0,,,,
Phi-4-mini,mlx-community/Phi-4-mini-instruct-mlx-4Bit,d848c30f6d5419b9892433cf6b1062626d15340e,complaint_callback-valid-1,complaint_callback-valid-1--policy_first,complaint_callback,policy_first,valid,ELIGIBLE,commit_then_review,recovered,NEED_INFORMATION,0,0,0,0,0,1,0,0,0,1,0,0,0,0,0,0,0
Phi-4-mini,mlx-community/Phi-4-mini-instruct-mlx-4Bit,d848c30f6d5419b9892433cf6b1062626d15340e,complaint_callback-valid-1,complaint_callback-valid-1--record_first,complaint_callback,record_first,valid,ELIGIBLE,independent_review,recovered,ELIGIBLE,37,3,0,1,1,1,1,1,0,0,0,0,0,,,,
Phi-4-mini,mlx-community/Phi-4-mini-instruct-mlx-4Bit,d848c30f6d5419b9892433cf6b1062626d15340e,complaint_callback-valid-1,complaint_callback-valid-1--record_first,complaint_callback,record_first,valid,ELIGIBLE,prior_rationale,recovered,ELIGIBLE,37,3,0,1,1,1,1,1,0,0,0,0,0,,,,
Phi-4-mini,mlx-community/Phi-4-mini-instruct-mlx-4Bit,d848c30f6d5419b9892433cf6b1062626d15340e,complaint_callback-valid-1,complaint_callback-valid-1--record_first,complaint_callback,record_first,valid,ELIGIBLE,evidence_checklist,recovered,ELIGIBLE,37,3,0,1,0,1,0,1,0,0,0,0,0,,,,
Phi-4-mini,mlx-community/Phi-4-mini-instruct-mlx-4Bit,d848c30f6d5419b9892433cf6b1062626d15340e,complaint_callback-valid-1,complaint_callback-valid-1--record_first,complaint_callback,record_first,valid,ELIGIBLE,commit_then_review,recovered,ELIGIBLE,37,3,0,1,1,1,1,1,0,0,0,0,0,0,0,0,1
Phi-4-mini,mlx-community/Phi-4-mini-instruct-mlx-4Bit,d848c30f6d5419b9892433cf6b1062626d15340e,complaint_callback-valid-2,complaint_callback-valid-2--policy_first,complaint_callback,policy_first,valid,ELIGIBLE,independent_review,recovered,ELIGIBLE,37,3,0,1,1,1,1,1,0,0,0,0,0,,,,
Phi-4-mini,mlx-community/Phi-4-mini-instruct-mlx-4Bit,d848c30f6d5419b9892433cf6b1062626d15340e,complaint_callback-valid-2,complaint_callback-valid-2--policy_first,complaint_callback,policy_first,valid,ELIGIBLE,prior_rationale,recovered,ELIGIBLE,37,3,0,1,1,1,1,1,0,0,0,0,0,,,,
Phi-4-mini,mlx-community/Phi-4-mini-instruct-mlx-4Bit,d848c30f6d5419b9892433cf6b1062626d15340e,complaint_callback-valid-2,complaint_callback-valid-2--policy_first,complaint_callback,policy_first,valid,ELIGIBLE,evidence_checklist,recovered,ELIGIBLE,37,3,0,1,0,1,0,1,0,0,0,0,0,,,,
Phi-4-mini,mlx-community/Phi-4-mini-instruct-mlx-4Bit,d848c30f6d5419b9892433cf6b1062626d15340e,complaint_callback-valid-2,complaint_callback-valid-2--policy_first,complaint_callback,policy_first,valid,ELIGIBLE,commit_then_review,recovered,HUMAN_REVIEW,0,0,0,0,0,1,0,0,0,1,0,0,0,0,0,0,0
Phi-4-mini,mlx-community/Phi-4-mini-instruct-mlx-4Bit,d848c30f6d5419b9892433cf6b1062626d15340e,complaint_callback-valid-2,complaint_callback-valid-2--record_first,complaint_callback,record_first,valid,ELIGIBLE,independent_review,recovered,ELIGIBLE,37,3,0,1,1,1,1,1,0,0,0,0,0,,,,
Phi-4-mini,mlx-community/Phi-4-mini-instruct-mlx-4Bit,d848c30f6d5419b9892433cf6b1062626d15340e,complaint_callback-valid-2,complaint_callback-valid-2--record_first,complaint_callback,record_first,valid,ELIGIBLE,prior_rationale,recovered,ELIGIBLE,37,3,0,1,1,1,1,1,0,0,0,0,0,,,,
Phi-4-mini,mlx-community/Phi-4-mini-instruct-mlx-4Bit,d848c30f6d5419b9892433cf6b1062626d15340e,complaint_callback-valid-2,complaint_callback-valid-2--record_first,complaint_callback,record_first,valid,ELIGIBLE,evidence_checklist,recovered,ELIGIBLE,37,3,0,1,0,1,0,1,0,0,0,0,0,,,,
Phi-4-mini,mlx-community/Phi-4-mini-instruct-mlx-4Bit,d848c30f6d5419b9892433cf6b1062626d15340e,complaint_callback-valid-2,complaint_callback-valid-2--record_first,complaint_callback,record_first,valid,ELIGIBLE,commit_then_review,recovered,ELIGIBLE,37,3,0,1,1,1,1,1,0,0,0,0,0,0,0,0,1
Phi-4-mini,mlx-community/Phi-4-mini-instruct-mlx-4Bit,d848c30f6d5419b9892433cf6b1062626d15340e,complaint_callback-valid-3,complaint_callback-valid-3--policy_first,complaint_callback,policy_first,valid,ELIGIBLE,independent_review,recovered,ELIGIBLE,37,3,0,1,1,1,1,1,0,0,0,0,0,,,,
Phi-4-mini,mlx-community/Phi-4-mini-instruct-mlx-4Bit,d848c30f6d5419b9892433cf6b1062626d15340e,complaint_callback-valid-3,complaint_callback-valid-3--policy_first,complaint_callback,policy_first,valid,ELIGIBLE,prior_rationale,recovered,ELIGIBLE,37,3,0,1,1,1,1,1,0,0,0,0,0,,,,
Phi-4-mini,mlx-community/Phi-4-mini-instruct-mlx-4Bit,d848c30f6d5419b9892433cf6b1062626d15340e,complaint_callback-valid-3,complaint_callback-valid-3--policy_first,complaint_callback,policy_first,valid,ELIGIBLE,evidence_checklist,recovered,ELIGIBLE,37,3,0,1,0,1,0,1,0,0,0,0,0,,,,
Phi-4-mini,mlx-community/Phi-4-mini-instruct-mlx-4Bit,d848c30f6d5419b9892433cf6b1062626d15340e,complaint_callback-valid-3,complaint_callback-valid-3--policy_first,complaint_callback,policy_first,valid,ELIGIBLE,commit_then_review,recovered,NEED_INFORMATION,0,0,0,0,0,1,0,0,0,1,0,0,0,0,0,0,0
Phi-4-mini,mlx-community/Phi-4-mini-instruct-mlx-4Bit,d848c30f6d5419b9892433cf6b1062626d15340e,complaint_callback-valid-3,complaint_callback-valid-3--record_first,complaint_callback,record_first,valid,ELIGIBLE,independent_review,recovered,ELIGIBLE,37,3,0,1,1,1,1,1,0,0,0,0,0,,,,
Phi-4-mini,mlx-community/Phi-4-mini-instruct-mlx-4Bit,d848c30f6d5419b9892433cf6b1062626d15340e,complaint_callback-valid-3,complaint_callback-valid-3--record_first,complaint_callback,record_first,valid,ELIGIBLE,prior_rationale,recovered,ELIGIBLE,37,3,0,1,1,1,1,1,0,0,0,0,0,,,,
Phi-4-mini,mlx-community/Phi-4-mini-instruct-mlx-4Bit,d848c30f6d5419b9892433cf6b1062626d15340e,complaint_callback-valid-3,complaint_callback-valid-3--record_first,complaint_callback,record_first,valid,ELIGIBLE,evidence_checklist,recovered,ELIGIBLE,37,3,0,1,0,1,0,1,0,0,0,0,0,,,,
Phi-4-mini,mlx-community/Phi-4-mini-instruct-mlx-4Bit,d848c30f6d5419b9892433cf6b1062626d15340e,complaint_callback-valid-3,complaint_callback-valid-3--record_first,complaint_callback,record_first,valid,ELIGIBLE,commit_then_review,recovered,ELIGIBLE,233,36,0,1,1,1,1,1,0,0,0,0,0,0,0,0,1
Phi-4-mini,mlx-community/Phi-4-mini-instruct-mlx-4Bit,d848c30f6d5419b9892433cf6b1062626d15340e,complaint_callback-invalid-1,complaint_callback-invalid-1--policy_first,complaint_callback,policy_first,invalid,INELIGIBLE,independent_review,recovered,NEED_INFORMATION,0,0,0,0,0,1,0,0,0,0,0,0,0,,,,
Phi-4-mini,mlx-community/Phi-4-mini-instruct-mlx-4Bit,d848c30f6d5419b9892433cf6b1062626d15340e,complaint_callback-invalid-1,complaint_callback-invalid-1--policy_first,complaint_callback,policy_first,invalid,INELIGIBLE,prior_rationale,recovered,NEED_INFORMATION,0,0,0,0,0,1,0,0,0,0,0,0,0,,,,
Phi-4-mini,mlx-community/Phi-4-mini-instruct-mlx-4Bit,d848c30f6d5419b9892433cf6b1062626d15340e,complaint_callback-invalid-1,complaint_callback-invalid-1--policy_first,complaint_callback,policy_first,invalid,INELIGIBLE,evidence_checklist,strict,INELIGIBLE,0,0,0,1,0,1,0,0,0,0,0,0,0,,,,
Phi-4-mini,mlx-community/Phi-4-mini-instruct-mlx-4Bit,d848c30f6d5419b9892433cf6b1062626d15340e,complaint_callback-invalid-1,complaint_callback-invalid-1--policy_first,complaint_callback,policy_first,invalid,INELIGIBLE,commit_then_review,recovered,NEED_INFORMATION,0,0,0,0,0,1,0,0,0,0,0,0,0,0,0,0,0
Phi-4-mini,mlx-community/Phi-4-mini-instruct-mlx-4Bit,d848c30f6d5419b9892433cf6b1062626d15340e,complaint_callback-invalid-1,complaint_callback-invalid-1--record_first,complaint_callback,record_first,invalid,INELIGIBLE,independent_review,recovered,NEED_INFORMATION,0,0,0,0,0,1,0,0,0,0,0,0,0,,,,
Phi-4-mini,mlx-community/Phi-4-mini-instruct-mlx-4Bit,d848c30f6d5419b9892433cf6b1062626d15340e,complaint_callback-invalid-1,complaint_callback-invalid-1--record_first,complaint_callback,record_first,invalid,INELIGIBLE,prior_rationale,recovered,INELIGIBLE,37,3,0,1,0,1,0,1,0,0,0,0,0,,,,
Phi-4-mini,mlx-community/Phi-4-mini-instruct-mlx-4Bit,d848c30f6d5419b9892433cf6b1062626d15340e,complaint_callback-invalid-1,complaint_callback-invalid-1--record_first,complaint_callback,record_first,invalid,INELIGIBLE,evidence_checklist,recovered,INELIGIBLE,188,31,0,1,0,0,0,1,0,0,0,0,0,,,,
Phi-4-mini,mlx-community/Phi-4-mini-instruct-mlx-4Bit,d848c30f6d5419b9892433cf6b1062626d15340e,complaint_callback-invalid-1,complaint_callback-invalid-1--record_first,complaint_callback,record_first,invalid,INELIGIBLE,commit_then_review,recovered,NEED_INFORMATION,0,0,0,0,0,1,0,0,0,0,0,0,0,0,0,0,0
Phi-4-mini,mlx-community/Phi-4-mini-instruct-mlx-4Bit,d848c30f6d5419b9892433cf6b1062626d15340e,complaint_callback-invalid-2,complaint_callback-invalid-2--policy_first,complaint_callback,policy_first,invalid,INELIGIBLE,independent_review,recovered,NEED_INFORMATION,0,0,0,0,0,1,0,0,0,0,0,0,0,,,,
Phi-4-mini,mlx-community/Phi-4-mini-instruct-mlx-4Bit,d848c30f6d5419b9892433cf6b1062626d15340e,complaint_callback-invalid-2,complaint_callback-invalid-2--policy_first,complaint_callback,policy_first,invalid,INELIGIBLE,prior_rationale,recovered,INELIGIBLE,180,29,0,1,0,0,0,1,0,0,0,0,0,,,,
Phi-4-mini,mlx-community/Phi-4-mini-instruct-mlx-4Bit,d848c30f6d5419b9892433cf6b1062626d15340e,complaint_callback-invalid-2,complaint_callback-invalid-2--policy_first,complaint_callback,policy_first,invalid,INELIGIBLE,evidence_checklist,recovered,INELIGIBLE,181,29,0,1,0,0,0,1,0,0,0,0,0,,,,
Phi-4-mini,mlx-community/Phi-4-mini-instruct-mlx-4Bit,d848c30f6d5419b9892433cf6b1062626d15340e,complaint_callback-invalid-2,complaint_callback-invalid-2--policy_first,complaint_callback,policy_first,invalid,INELIGIBLE,commit_then_review,recovered,NEED_INFORMATION,0,0,0,0,0,1,0,0,0,0,0,0,0,0,0,0,0
Phi-4-mini,mlx-community/Phi-4-mini-instruct-mlx-4Bit,d848c30f6d5419b9892433cf6b1062626d15340e,complaint_callback-invalid-2,complaint_callback-invalid-2--record_first,complaint_callback,record_first,invalid,INELIGIBLE,independent_review,recovered,INELIGIBLE,37,3,0,1,0,1,0,1,0,0,0,0,0,,,,
Phi-4-mini,mlx-community/Phi-4-mini-instruct-mlx-4Bit,d848c30f6d5419b9892433cf6b1062626d15340e,complaint_callback-invalid-2,complaint_callback-invalid-2--record_first,complaint_callback,record_first,invalid,INELIGIBLE,prior_rationale,recovered,INELIGIBLE,37,3,0,1,0,1,0,1,0,0,0,0,0,,,,
Phi-4-mini,mlx-community/Phi-4-mini-instruct-mlx-4Bit,d848c30f6d5419b9892433cf6b1062626d15340e,complaint_callback-invalid-2,complaint_callback-invalid-2--record_first,complaint_callback,record_first,invalid,INELIGIBLE,evidence_checklist,recovered,INELIGIBLE,0,0,0,1,0,1,0,0,0,0,0,0,0,,,,
Phi-4-mini,mlx-community/Phi-4-mini-instruct-mlx-4Bit,d848c30f6d5419b9892433cf6b1062626d15340e,complaint_callback-invalid-2,complaint_callback-invalid-2--record_first,complaint_callback,record_first,invalid,INELIGIBLE,commit_then_review,recovered,NEED_INFORMATION,0,0,0,0,0,1,0,0,0,0,0,0,0,0,0,0,0
Phi-4-mini,mlx-community/Phi-4-mini-instruct-mlx-4Bit,d848c30f6d5419b9892433cf6b1062626d15340e,complaint_callback-invalid-3,complaint_callback-invalid-3--policy_first,complaint_callback,policy_first,invalid,INELIGIBLE,independent_review,recovered,NEED_INFORMATION,0,0,0,0,0,1,0,0,0,0,0,0,0,,,,
Phi-4-mini,mlx-community/Phi-4-mini-instruct-mlx-4Bit,d848c30f6d5419b9892433cf6b1062626d15340e,complaint_callback-invalid-3,complaint_callback-invalid-3--policy_first,complaint_callback,policy_first,invalid,INELIGIBLE,prior_rationale,recovered,INELIGIBLE,37,3,0,1,0,1,0,1,0,0,0,0,0,,,,
Phi-4-mini,mlx-community/Phi-4-mini-instruct-mlx-4Bit,d848c30f6d5419b9892433cf6b1062626d15340e,complaint_callback-invalid-3,complaint_callback-invalid-3--policy_first,complaint_callback,policy_first,invalid,INELIGIBLE,evidence_checklist,strict,INELIGIBLE,0,0,0,1,0,1,0,0,0,0,0,0,0,,,,
Phi-4-mini,mlx-community/Phi-4-mini-instruct-mlx-4Bit,d848c30f6d5419b9892433cf6b1062626d15340e,complaint_callback-invalid-3,complaint_callback-invalid-3--policy_first,complaint_callback,policy_first,invalid,INELIGIBLE,commit_then_review,recovered,NEED_INFORMATION,0,0,0,0,0,1,0,0,0,0,0,0,0,0,0,0,0
Phi-4-mini,mlx-community/Phi-4-mini-instruct-mlx-4Bit,d848c30f6d5419b9892433cf6b1062626d15340e,complaint_callback-invalid-3,complaint_callback-invalid-3--record_first,complaint_callback,record_first,invalid,INELIGIBLE,independent_review,recovered,INELIGIBLE,88,15,0,1,0,0,0,1,0,0,0,0,0,,,,
Phi-4-mini,mlx-community/Phi-4-mini-instruct-mlx-4Bit,d848c30f6d5419b9892433cf6b1062626d15340e,complaint_callback-invalid-3,complaint_callback-invalid-3--record_first,complaint_callback,record_first,invalid,INELIGIBLE,prior_rationale,recovered,INELIGIBLE,37,3,0,1,0,1,0,1,0,0,0,0,0,,,,
Phi-4-mini,mlx-community/Phi-4-mini-instruct-mlx-4Bit,d848c30f6d5419b9892433cf6b1062626d15340e,complaint_callback-invalid-3,complaint_callback-invalid-3--record_first,complaint_callback,record_first,invalid,INELIGIBLE,evidence_checklist,recovered,INELIGIBLE,170,27,0,1,0,0,0,1,0,0,0,0,0,,,,
Phi-4-mini,mlx-community/Phi-4-mini-instruct-mlx-4Bit,d848c30f6d5419b9892433cf6b1062626d15340e,complaint_callback-invalid-3,complaint_callback-invalid-3--record_first,complaint_callback,record_first,invalid,INELIGIBLE,commit_then_review,recovered,NEED_INFORMATION,0,0,0,0,0,1,0,0,0,0,0,0,0,0,0,0,0
Phi-4-mini,mlx-community/Phi-4-mini-instruct-mlx-4Bit,d848c30f6d5419b9892433cf6b1062626d15340e,complaint_callback-incomplete-1,complaint_callback-incomplete-1--policy_first,complaint_callback,policy_first,incomplete,NEED_INFORMATION,independent_review,recovered,NEED_INFORMATION,0,0,0,1,1,1,0,0,0,0,0,1,0,,,,
Phi-4-mini,mlx-community/Phi-4-mini-instruct-mlx-4Bit,d848c30f6d5419b9892433cf6b1062626d15340e,complaint_callback-incomplete-1,complaint_callback-incomplete-1--policy_first,complaint_callback,policy_first,incomplete,NEED_INFORMATION,prior_rationale,recovered,NEED_INFORMATION,0,0,0,1,1,1,0,0,0,0,0,1,0,,,,
Phi-4-mini,mlx-community/Phi-4-mini-instruct-mlx-4Bit,d848c30f6d5419b9892433cf6b1062626d15340e,complaint_callback-incomplete-1,complaint_callback-incomplete-1--policy_first,complaint_callback,policy_first,incomplete,NEED_INFORMATION,evidence_checklist,recovered,NEED_INFORMATION,0,0,0,1,1,1,0,0,0,0,0,1,0,,,,
Phi-4-mini,mlx-community/Phi-4-mini-instruct-mlx-4Bit,d848c30f6d5419b9892433cf6b1062626d15340e,complaint_callback-incomplete-1,complaint_callback-incomplete-1--policy_first,complaint_callback,policy_first,incomplete,NEED_INFORMATION,commit_then_review,recovered,NEED_INFORMATION,0,0,0,1,1,1,0,0,0,0,0,1,0,0,0,0,1
Phi-4-mini,mlx-community/Phi-4-mini-instruct-mlx-4Bit,d848c30f6d5419b9892433cf6b1062626d15340e,complaint_callback-incomplete-1,complaint_callback-incomplete-1--record_first,complaint_callback,record_first,incomplete,NEED_INFORMATION,independent_review,recovered,NEED_INFORMATION,0,0,0,1,1,1,0,0,0,0,0,1,0,,,,
Phi-4-mini,mlx-community/Phi-4-mini-instruct-mlx-4Bit,d848c30f6d5419b9892433cf6b1062626d15340e,complaint_callback-incomplete-1,complaint_callback-incomplete-1--record_first,complaint_callback,record_first,incomplete,NEED_INFORMATION,prior_rationale,recovered,NEED_INFORMATION,0,0,0,1,1,1,0,0,0,0,0,1,0,,,,
Phi-4-mini,mlx-community/Phi-4-mini-instruct-mlx-4Bit,d848c30f6d5419b9892433cf6b1062626d15340e,complaint_callback-incomplete-1,complaint_callback-incomplete-1--record_first,complaint_callback,record_first,incomplete,NEED_INFORMATION,evidence_checklist,recovered,INELIGIBLE,0,0,0,0,0,1,0,0,0,0,0,0,0,,,,
Phi-4-mini,mlx-community/Phi-4-mini-instruct-mlx-4Bit,d848c30f6d5419b9892433cf6b1062626d15340e,complaint_callback-incomplete-1,complaint_callback-incomplete-1--record_first,complaint_callback,record_first,incomplete,NEED_INFORMATION,commit_then_review,recovered,NEED_INFORMATION,0,0,0,1,1,1,0,0,0,0,0,1,0,0,0,0,1
Phi-4-mini,mlx-community/Phi-4-mini-instruct-mlx-4Bit,d848c30f6d5419b9892433cf6b1062626d15340e,complaint_callback-incomplete-2,complaint_callback-incomplete-2--policy_first,complaint_callback,policy_first,incomplete,NEED_INFORMATION,independent_review,recovered,NEED_INFORMATION,0,0,0,1,1,1,0,0,0,0,0,1,0,,,,
Phi-4-mini,mlx-community/Phi-4-mini-instruct-mlx-4Bit,d848c30f6d5419b9892433cf6b1062626d15340e,complaint_callback-incomplete-2,complaint_callback-incomplete-2--policy_first,complaint_callback,policy_first,incomplete,NEED_INFORMATION,prior_rationale,recovered,NEED_INFORMATION,0,0,0,1,1,1,0,0,0,0,0,1,0,,,,
Phi-4-mini,mlx-community/Phi-4-mini-instruct-mlx-4Bit,d848c30f6d5419b9892433cf6b1062626d15340e,complaint_callback-incomplete-2,complaint_callback-incomplete-2--policy_first,complaint_callback,policy_first,incomplete,NEED_INFORMATION,evidence_checklist,recovered,NEED_INFORMATION,0,0,0,1,1,1,0,0,0,0,0,1,0,,,,
Phi-4-mini,mlx-community/Phi-4-mini-instruct-mlx-4Bit,d848c30f6d5419b9892433cf6b1062626d15340e,complaint_callback-incomplete-2,complaint_callback-incomplete-2--policy_first,complaint_callback,policy_first,incomplete,NEED_INFORMATION,commit_then_review,recovered,NEED_INFORMATION,0,0,0,1,1,1,0,0,0,0,0,1,0,0,0,0,1
Phi-4-mini,mlx-community/Phi-4-mini-instruct-mlx-4Bit,d848c30f6d5419b9892433cf6b1062626d15340e,complaint_callback-incomplete-2,complaint_callback-incomplete-2--record_first,complaint_callback,record_first,incomplete,NEED_INFORMATION,independent_review,recovered,NEED_INFORMATION,0,0,0,1,1,1,0,0,0,0,0,1,0,,,,
Phi-4-mini,mlx-community/Phi-4-mini-instruct-mlx-4Bit,d848c30f6d5419b9892433cf6b1062626d15340e,complaint_callback-incomplete-2,complaint_callback-incomplete-2--record_first,complaint_callback,record_first,incomplete,NEED_INFORMATION,prior_rationale,recovered,NEED_INFORMATION,0,0,0,1,1,1,0,0,0,0,0,1,0,,,,
Phi-4-mini,mlx-community/Phi-4-mini-instruct-mlx-4Bit,d848c30f6d5419b9892433cf6b1062626d15340e,complaint_callback-incomplete-2,complaint_callback-incomplete-2--record_first,complaint_callback,record_first,incomplete,NEED_INFORMATION,evidence_checklist,recovered,INELIGIBLE,170,27,0,0,0,0,0,1,0,0,0,0,0,,,,
Phi-4-mini,mlx-community/Phi-4-mini-instruct-mlx-4Bit,d848c30f6d5419b9892433cf6b1062626d15340e,complaint_callback-incomplete-2,complaint_callback-incomplete-2--record_first,complaint_callback,record_first,incomplete,NEED_INFORMATION,commit_then_review,recovered,NEED_INFORMATION,0,0,0,1,1,1,0,0,0,0,0,1,0,0,0,0,1
Phi-4-mini,mlx-community/Phi-4-mini-instruct-mlx-4Bit,d848c30f6d5419b9892433cf6b1062626d15340e,complaint_callback-incomplete-3,complaint_callback-incomplete-3--policy_first,complaint_callback,policy_first,incomplete,NEED_INFORMATION,independent_review,recovered,NEED_INFORMATION,0,0,0,1,1,1,0,0,0,0,0,1,0,,,,
Phi-4-mini,mlx-community/Phi-4-mini-instruct-mlx-4Bit,d848c30f6d5419b9892433cf6b1062626d15340e,complaint_callback-incomplete-3,complaint_callback-incomplete-3--policy_first,complaint_callback,policy_first,incomplete,NEED_INFORMATION,prior_rationale,recovered,NEED_INFORMATION,0,0,0,1,1,1,0,0,0,0,0,1,0,,,,
Phi-4-mini,mlx-community/Phi-4-mini-instruct-mlx-4Bit,d848c30f6d5419b9892433cf6b1062626d15340e,complaint_callback-incomplete-3,complaint_callback-incomplete-3--policy_first,complaint_callback,policy_first,incomplete,NEED_INFORMATION,evidence_checklist,recovered,NEED_INFORMATION,0,0,0,1,1,1,0,0,0,0,0,1,0,,,,
Phi-4-mini,mlx-community/Phi-4-mini-instruct-mlx-4Bit,d848c30f6d5419b9892433cf6b1062626d15340e,complaint_callback-incomplete-3,complaint_callback-incomplete-3--policy_first,complaint_callback,policy_first,incomplete,NEED_INFORMATION,commit_then_review,recovered,NEED_INFORMATION,0,0,0,1,1,1,0,0,0,0,0,1,0,0,0,0,1
Phi-4-mini,mlx-community/Phi-4-mini-instruct-mlx-4Bit,d848c30f6d5419b9892433cf6b1062626d15340e,complaint_callback-incomplete-3,complaint_callback-incomplete-3--record_first,complaint_callback,record_first,incomplete,NEED_INFORMATION,independent_review,recovered,NEED_INFORMATION,0,0,0,1,1,1,0,0,0,0,0,1,0,,,,
Phi-4-mini,mlx-community/Phi-4-mini-instruct-mlx-4Bit,d848c30f6d5419b9892433cf6b1062626d15340e,complaint_callback-incomplete-3,complaint_callback-incomplete-3--record_first,complaint_callback,record_first,incomplete,NEED_INFORMATION,prior_rationale,recovered,NEED_INFORMATION,0,0,0,1,1,1,0,0,0,0,0,1,0,,,,
Phi-4-mini,mlx-community/Phi-4-mini-instruct-mlx-4Bit,d848c30f6d5419b9892433cf6b1062626d15340e,complaint_callback-incomplete-3,complaint_callback-incomplete-3--record_first,complaint_callback,record_first,incomplete,NEED_INFORMATION,evidence_checklist,recovered,INELIGIBLE,170,27,0,0,0,0,0,1,0,0,0,0,0,,,,
Phi-4-mini,mlx-community/Phi-4-mini-instruct-mlx-4Bit,d848c30f6d5419b9892433cf6b1062626d15340e,complaint_callback-incomplete-3,complaint_callback-incomplete-3--record_first,complaint_callback,record_first,incomplete,NEED_INFORMATION,commit_then_review,recovered,NEED_INFORMATION,0,0,0,1,1,1,0,0,0,0,0,1,0,0,0,0,1
Phi-4-mini,mlx-community/Phi-4-mini-instruct-mlx-4Bit,d848c30f6d5419b9892433cf6b1062626d15340e,complaint_callback-conflict-1,complaint_callback-conflict-1--policy_first,complaint_callback,policy_first,conflict,HUMAN_REVIEW,independent_review,recovered,NEED_INFORMATION,0,0,0,0,0,1,0,0,0,0,0,0,0,,,,
Phi-4-mini,mlx-community/Phi-4-mini-instruct-mlx-4Bit,d848c30f6d5419b9892433cf6b1062626d15340e,complaint_callback-conflict-1,complaint_callback-conflict-1--policy_first,complaint_callback,policy_first,conflict,HUMAN_REVIEW,prior_rationale,recovered,ELIGIBLE,37,3,0,0,0,0,0,1,0,0,0,0,0,,,,
Phi-4-mini,mlx-community/Phi-4-mini-instruct-mlx-4Bit,d848c30f6d5419b9892433cf6b1062626d15340e,complaint_callback-conflict-1,complaint_callback-conflict-1--policy_first,complaint_callback,policy_first,conflict,HUMAN_REVIEW,evidence_checklist,recovered,INELIGIBLE,0,0,0,0,0,1,0,0,0,0,0,0,0,,,,
Phi-4-mini,mlx-community/Phi-4-mini-instruct-mlx-4Bit,d848c30f6d5419b9892433cf6b1062626d15340e,complaint_callback-conflict-1,complaint_callback-conflict-1--policy_first,complaint_callback,policy_first,conflict,HUMAN_REVIEW,commit_then_review,recovered,NEED_INFORMATION,0,0,0,0,0,1,0,0,0,0,0,0,0,0,0,0,0
Phi-4-mini,mlx-community/Phi-4-mini-instruct-mlx-4Bit,d848c30f6d5419b9892433cf6b1062626d15340e,complaint_callback-conflict-1,complaint_callback-conflict-1--record_first,complaint_callback,record_first,conflict,HUMAN_REVIEW,independent_review,recovered,HUMAN_REVIEW,0,0,0,1,1,1,0,0,0,0,0,0,1,,,,
Phi-4-mini,mlx-community/Phi-4-mini-instruct-mlx-4Bit,d848c30f6d5419b9892433cf6b1062626d15340e,complaint_callback-conflict-1,complaint_callback-conflict-1--record_first,complaint_callback,record_first,conflict,HUMAN_REVIEW,prior_rationale,recovered,ELIGIBLE,0,0,0,0,0,0,0,0,0,0,0,0,0,,,,
Phi-4-mini,mlx-community/Phi-4-mini-instruct-mlx-4Bit,d848c30f6d5419b9892433cf6b1062626d15340e,complaint_callback-conflict-1,complaint_callback-conflict-1--record_first,complaint_callback,record_first,conflict,HUMAN_REVIEW,evidence_checklist,recovered,INELIGIBLE,0,0,0,0,0,1,0,0,0,0,0,0,0,,,,
Phi-4-mini,mlx-community/Phi-4-mini-instruct-mlx-4Bit,d848c30f6d5419b9892433cf6b1062626d15340e,complaint_callback-conflict-1,complaint_callback-conflict-1--record_first,complaint_callback,record_first,conflict,HUMAN_REVIEW,commit_then_review,recovered,HUMAN_REVIEW,0,0,0,1,1,1,0,0,0,0,0,0,1,0,0,0,1
Phi-4-mini,mlx-community/Phi-4-mini-instruct-mlx-4Bit,d848c30f6d5419b9892433cf6b1062626d15340e,complaint_callback-conflict-2,complaint_callback-conflict-2--policy_first,complaint_callback,policy_first,conflict,HUMAN_REVIEW,independent_review,recovered,NEED_INFORMATION,0,0,0,0,0,1,0,0,0,0,0,0,0,,,,
Phi-4-mini,mlx-community/Phi-4-mini-instruct-mlx-4Bit,d848c30f6d5419b9892433cf6b1062626d15340e,complaint_callback-conflict-2,complaint_callback-conflict-2--policy_first,complaint_callback,policy_first,conflict,HUMAN_REVIEW,prior_rationale,recovered,ELIGIBLE,37,3,0,0,0,0,0,1,0,0,0,0,0,,,,
Phi-4-mini,mlx-community/Phi-4-mini-instruct-mlx-4Bit,d848c30f6d5419b9892433cf6b1062626d15340e,complaint_callback-conflict-2,complaint_callback-conflict-2--policy_first,complaint_callback,policy_first,conflict,HUMAN_REVIEW,evidence_checklist,recovered,INELIGIBLE,0,0,0,0,0,1,0,0,0,0,0,0,0,,,,
Phi-4-mini,mlx-community/Phi-4-mini-instruct-mlx-4Bit,d848c30f6d5419b9892433cf6b1062626d15340e,complaint_callback-conflict-2,complaint_callback-conflict-2--policy_first,complaint_callback,policy_first,conflict,HUMAN_REVIEW,commit_then_review,recovered,NEED_INFORMATION,0,0,0,0,0,1,0,0,0,0,0,0,0,0,0,0,0
Phi-4-mini,mlx-community/Phi-4-mini-instruct-mlx-4Bit,d848c30f6d5419b9892433cf6b1062626d15340e,complaint_callback-conflict-2,complaint_callback-conflict-2--record_first,complaint_callback,record_first,conflict,HUMAN_REVIEW,independent_review,recovered,HUMAN_REVIEW,0,0,0,1,1,1,0,0,0,0,0,0,1,,,,
Phi-4-mini,mlx-community/Phi-4-mini-instruct-mlx-4Bit,d848c30f6d5419b9892433cf6b1062626d15340e,complaint_callback-conflict-2,complaint_callback-conflict-2--record_first,complaint_callback,record_first,conflict,HUMAN_REVIEW,prior_rationale,recovered,ELIGIBLE,0,0,0,0,0,0,0,0,0,0,0,0,0,,,,
Phi-4-mini,mlx-community/Phi-4-mini-instruct-mlx-4Bit,d848c30f6d5419b9892433cf6b1062626d15340e,complaint_callback-conflict-2,complaint_callback-conflict-2--record_first,complaint_callback,record_first,conflict,HUMAN_REVIEW,evidence_checklist,recovered,INELIGIBLE,0,0,0,0,0,1,0,0,0,0,0,0,0,,,,
Phi-4-mini,mlx-community/Phi-4-mini-instruct-mlx-4Bit,d848c30f6d5419b9892433cf6b1062626d15340e,complaint_callback-conflict-2,complaint_callback-conflict-2--record_first,complaint_callback,record_first,conflict,HUMAN_REVIEW,commit_then_review,recovered,HUMAN_REVIEW,0,0,0,1,1,1,0,0,0,0,0,0,1,0,0,0,1
Phi-4-mini,mlx-community/Phi-4-mini-instruct-mlx-4Bit,d848c30f6d5419b9892433cf6b1062626d15340e,complaint_callback-conflict-3,complaint_callback-conflict-3--policy_first,complaint_callback,policy_first,conflict,HUMAN_REVIEW,independent_review,recovered,NEED_INFORMATION,0,0,0,0,0,1,0,0,0,0,0,0,0,,,,
Phi-4-mini,mlx-community/Phi-4-mini-instruct-mlx-4Bit,d848c30f6d5419b9892433cf6b1062626d15340e,complaint_callback-conflict-3,complaint_callback-conflict-3--policy_first,complaint_callback,policy_first,conflict,HUMAN_REVIEW,prior_rationale,recovered,ELIGIBLE,37,3,0,0,0,0,0,1,0,0,0,0,0,,,,
Phi-4-mini,mlx-community/Phi-4-mini-instruct-mlx-4Bit,d848c30f6d5419b9892433cf6b1062626d15340e,complaint_callback-conflict-3,complaint_callback-conflict-3--policy_first,complaint_callback,policy_first,conflict,HUMAN_REVIEW,evidence_checklist,recovered,INELIGIBLE,0,0,0,0,0,1,0,0,0,0,0,0,0,,,,
Phi-4-mini,mlx-community/Phi-4-mini-instruct-mlx-4Bit,d848c30f6d5419b9892433cf6b1062626d15340e,complaint_callback-conflict-3,complaint_callback-conflict-3--policy_first,complaint_callback,policy_first,conflict,HUMAN_REVIEW,commit_then_review,recovered,NEED_INFORMATION,0,0,0,0,0,1,0,0,0,0,0,0,0,0,0,0,0
Phi-4-mini,mlx-community/Phi-4-mini-instruct-mlx-4Bit,d848c30f6d5419b9892433cf6b1062626d15340e,complaint_callback-conflict-3,complaint_callback-conflict-3--record_first,complaint_callback,record_first,conflict,HUMAN_REVIEW,independent_review,recovered,HUMAN_REVIEW,0,0,0,1,1,1,0,0,0,0,0,0,1,,,,
Phi-4-mini,mlx-community/Phi-4-mini-instruct-mlx-4Bit,d848c30f6d5419b9892433cf6b1062626d15340e,complaint_callback-conflict-3,complaint_callback-conflict-3--record_first,complaint_callback,record_first,conflict,HUMAN_REVIEW,prior_rationale,recovered,ELIGIBLE,0,0,0,0,0,0,0,0,0,0,0,0,0,,,,
Phi-4-mini,mlx-community/Phi-4-mini-instruct-mlx-4Bit,d848c30f6d5419b9892433cf6b1062626d15340e,complaint_callback-conflict-3,complaint_callback-conflict-3--record_first,complaint_callback,record_first,conflict,HUMAN_REVIEW,evidence_checklist,recovered,INELIGIBLE,0,0,0,0,0,1,0,0,0,0,0,0,0,,,,
Phi-4-mini,mlx-community/Phi-4-mini-instruct-mlx-4Bit,d848c30f6d5419b9892433cf6b1062626d15340e,complaint_callback-conflict-3,complaint_callback-conflict-3--record_first,complaint_callback,record_first,conflict,HUMAN_REVIEW,commit_then_review,recovered,HUMAN_REVIEW,0,0,0,1,1,1,0,0,0,0,0,0,1,0,0,0,1
Gemma-3-4B,mlx-community/gemma-3-text-4b-it-4bit,4f665a4c50ecfe4ecdc34056ab52fe3e3c4abf9e,family_contact-valid-1,family_contact-valid-1--policy_first,family_contact,policy_first,valid,ELIGIBLE,independent_review,recovered,ELIGIBLE,189,26,0,1,1,1,1,1,0,0,0,0,0,,,,
Gemma-3-4B,mlx-community/gemma-3-text-4b-it-4bit,4f665a4c50ecfe4ecdc34056ab52fe3e3c4abf9e,family_contact-valid-1,family_contact-valid-1--policy_first,family_contact,policy_first,valid,ELIGIBLE,prior_rationale,recovered,ELIGIBLE,135,18,0,1,1,1,1,1,0,0,0,0,0,,,,
Gemma-3-4B,mlx-community/gemma-3-text-4b-it-4bit,4f665a4c50ecfe4ecdc34056ab52fe3e3c4abf9e,family_contact-valid-1,family_contact-valid-1--policy_first,family_contact,policy_first,valid,ELIGIBLE,evidence_checklist,recovered,ELIGIBLE,135,18,0,1,1,1,1,1,0,0,0,0,0,,,,
Gemma-3-4B,mlx-community/gemma-3-text-4b-it-4bit,4f665a4c50ecfe4ecdc34056ab52fe3e3c4abf9e,family_contact-valid-1,family_contact-valid-1--policy_first,family_contact,policy_first,valid,ELIGIBLE,commit_then_review,recovered,ELIGIBLE,95,13,0,1,1,1,1,1,0,0,0,0,0,0,0,0,1
Gemma-3-4B,mlx-community/gemma-3-text-4b-it-4bit,4f665a4c50ecfe4ecdc34056ab52fe3e3c4abf9e,family_contact-valid-1,family_contact-valid-1--record_first,family_contact,record_first,valid,ELIGIBLE,independent_review,recovered,ELIGIBLE,118,17,0,1,1,1,1,1,0,0,0,0,0,,,,
Gemma-3-4B,mlx-community/gemma-3-text-4b-it-4bit,4f665a4c50ecfe4ecdc34056ab52fe3e3c4abf9e,family_contact-valid-1,family_contact-valid-1--record_first,family_contact,record_first,valid,ELIGIBLE,prior_rationale,recovered,ELIGIBLE,118,17,0,1,1,1,1,1,0,0,0,0,0,,,,
Gemma-3-4B,mlx-community/gemma-3-text-4b-it-4bit,4f665a4c50ecfe4ecdc34056ab52fe3e3c4abf9e,family_contact-valid-1,family_contact-valid-1--record_first,family_contact,record_first,valid,ELIGIBLE,evidence_checklist,recovered,ELIGIBLE,116,17,0,1,1,1,1,1,0,0,0,0,0,,,,
Gemma-3-4B,mlx-community/gemma-3-text-4b-it-4bit,4f665a4c50ecfe4ecdc34056ab52fe3e3c4abf9e,family_contact-valid-1,family_contact-valid-1--record_first,family_contact,record_first,valid,ELIGIBLE,commit_then_review,recovered,ELIGIBLE,125,18,0,1,1,1,1,1,0,0,0,0,0,0,0,0,1
Gemma-3-4B,mlx-community/gemma-3-text-4b-it-4bit,4f665a4c50ecfe4ecdc34056ab52fe3e3c4abf9e,family_contact-valid-2,family_contact-valid-2--policy_first,family_contact,policy_first,valid,ELIGIBLE,independent_review,recovered,ELIGIBLE,189,26,0,1,1,1,1,1,0,0,0,0,0,,,,
Gemma-3-4B,mlx-community/gemma-3-text-4b-it-4bit,4f665a4c50ecfe4ecdc34056ab52fe3e3c4abf9e,family_contact-valid-2,family_contact-valid-2--policy_first,family_contact,policy_first,valid,ELIGIBLE,prior_rationale,recovered,ELIGIBLE,135,18,0,1,1,1,1,1,0,0,0,0,0,,,,
Gemma-3-4B,mlx-community/gemma-3-text-4b-it-4bit,4f665a4c50ecfe4ecdc34056ab52fe3e3c4abf9e,family_contact-valid-2,family_contact-valid-2--policy_first,family_contact,policy_first,valid,ELIGIBLE,evidence_checklist,recovered,ELIGIBLE,135,18,0,1,1,1,1,1,0,0,0,0,0,,,,
Gemma-3-4B,mlx-community/gemma-3-text-4b-it-4bit,4f665a4c50ecfe4ecdc34056ab52fe3e3c4abf9e,family_contact-valid-2,family_contact-valid-2--policy_first,family_contact,policy_first,valid,ELIGIBLE,commit_then_review,recovered,ELIGIBLE,111,16,0,1,1,1,1,1,0,0,0,0,0,0,0,0,1
Gemma-3-4B,mlx-community/gemma-3-text-4b-it-4bit,4f665a4c50ecfe4ecdc34056ab52fe3e3c4abf9e,family_contact-valid-2,family_contact-valid-2--record_first,family_contact,record_first,valid,ELIGIBLE,independent_review,recovered,ELIGIBLE,118,17,0,1,1,1,1,1,0,0,0,0,0,,,,
Gemma-3-4B,mlx-community/gemma-3-text-4b-it-4bit,4f665a4c50ecfe4ecdc34056ab52fe3e3c4abf9e,family_contact-valid-2,family_contact-valid-2--record_first,family_contact,record_first,valid,ELIGIBLE,prior_rationale,recovered,ELIGIBLE,118,17,0,1,1,1,1,1,0,0,0,0,0,,,,
Gemma-3-4B,mlx-community/gemma-3-text-4b-it-4bit,4f665a4c50ecfe4ecdc34056ab52fe3e3c4abf9e,family_contact-valid-2,family_contact-valid-2--record_first,family_contact,record_first,valid,ELIGIBLE,evidence_checklist,recovered,ELIGIBLE,208,28,0,1,1,1,1,1,0,0,0,0,0,,,,
Gemma-3-4B,mlx-community/gemma-3-text-4b-it-4bit,4f665a4c50ecfe4ecdc34056ab52fe3e3c4abf9e,family_contact-valid-2,family_contact-valid-2--record_first,family_contact,record_first,valid,ELIGIBLE,commit_then_review,recovered,ELIGIBLE,118,17,0,1,1,1,1,1,0,0,0,0,0,0,0,0,1
Gemma-3-4B,mlx-community/gemma-3-text-4b-it-4bit,4f665a4c50ecfe4ecdc34056ab52fe3e3c4abf9e,family_contact-valid-3,family_contact-valid-3--policy_first,family_contact,policy_first,valid,ELIGIBLE,independent_review,recovered,ELIGIBLE,189,26,0,1,1,1,1,1,0,0,0,0,0,,,,
Gemma-3-4B,mlx-community/gemma-3-text-4b-it-4bit,4f665a4c50ecfe4ecdc34056ab52fe3e3c4abf9e,family_contact-valid-3,family_contact-valid-3--policy_first,family_contact,policy_first,valid,ELIGIBLE,prior_rationale,recovered,ELIGIBLE,135,18,0,1,1,1,1,1,0,0,0,0,0,,,,
Gemma-3-4B,mlx-community/gemma-3-text-4b-it-4bit,4f665a4c50ecfe4ecdc34056ab52fe3e3c4abf9e,family_contact-valid-3,family_contact-valid-3--policy_first,family_contact,policy_first,valid,ELIGIBLE,evidence_checklist,recovered,ELIGIBLE,135,18,0,1,1,1,1,1,0,0,0,0,0,,,,
Gemma-3-4B,mlx-community/gemma-3-text-4b-it-4bit,4f665a4c50ecfe4ecdc34056ab52fe3e3c4abf9e,family_contact-valid-3,family_contact-valid-3--policy_first,family_contact,policy_first,valid,ELIGIBLE,commit_then_review,recovered,ELIGIBLE,95,13,0,1,1,1,1,1,0,0,0,0,0,0,0,0,1
Gemma-3-4B,mlx-community/gemma-3-text-4b-it-4bit,4f665a4c50ecfe4ecdc34056ab52fe3e3c4abf9e,family_contact-valid-3,family_contact-valid-3--record_first,family_contact,record_first,valid,ELIGIBLE,independent_review,recovered,ELIGIBLE,118,17,0,1,1,1,1,1,0,0,0,0,0,,,,
Gemma-3-4B,mlx-community/gemma-3-text-4b-it-4bit,4f665a4c50ecfe4ecdc34056ab52fe3e3c4abf9e,family_contact-valid-3,family_contact-valid-3--record_first,family_contact,record_first,valid,ELIGIBLE,prior_rationale,recovered,ELIGIBLE,118,17,0,1,1,1,1,1,0,0,0,0,0,,,,
Gemma-3-4B,mlx-community/gemma-3-text-4b-it-4bit,4f665a4c50ecfe4ecdc34056ab52fe3e3c4abf9e,family_contact-valid-3,family_contact-valid-3--record_first,family_contact,record_first,valid,ELIGIBLE,evidence_checklist,recovered,ELIGIBLE,208,28,0,1,1,1,1,1,0,0,0,0,0,,,,
Gemma-3-4B,mlx-community/gemma-3-text-4b-it-4bit,4f665a4c50ecfe4ecdc34056ab52fe3e3c4abf9e,family_contact-valid-3,family_contact-valid-3--record_first,family_contact,record_first,valid,ELIGIBLE,commit_then_review,recovered,ELIGIBLE,127,19,0,1,1,1,1,1,0,0,0,0,0,0,0,0,1
Gemma-3-4B,mlx-community/gemma-3-text-4b-it-4bit,4f665a4c50ecfe4ecdc34056ab52fe3e3c4abf9e,family_contact-invalid-1,family_contact-invalid-1--policy_first,family_contact,policy_first,invalid,INELIGIBLE,independent_review,recovered,ELIGIBLE,112,16,0,0,0,1,0,1,0,0,1,0,0,,,,
Gemma-3-4B,mlx-community/gemma-3-text-4b-it-4bit,4f665a4c50ecfe4ecdc34056ab52fe3e3c4abf9e,family_contact-invalid-1,family_contact-invalid-1--policy_first,family_contact,policy_first,invalid,INELIGIBLE,prior_rationale,recovered,ELIGIBLE,127,18,0,0,0,1,0,1,0,0,1,0,0,,,,
Gemma-3-4B,mlx-community/gemma-3-text-4b-it-4bit,4f665a4c50ecfe4ecdc34056ab52fe3e3c4abf9e,family_contact-invalid-1,family_contact-invalid-1--policy_first,family_contact,policy_first,invalid,INELIGIBLE,evidence_checklist,recovered,ELIGIBLE,78,12,0,0,0,1,0,1,0,0,1,0,0,,,,
Gemma-3-4B,mlx-community/gemma-3-text-4b-it-4bit,4f665a4c50ecfe4ecdc34056ab52fe3e3c4abf9e,family_contact-invalid-1,family_contact-invalid-1--policy_first,family_contact,policy_first,invalid,INELIGIBLE,commit_then_review,recovered,ELIGIBLE,115,16,0,0,0,1,0,1,0,0,1,0,0,0,0,0,0
Gemma-3-4B,mlx-community/gemma-3-text-4b-it-4bit,4f665a4c50ecfe4ecdc34056ab52fe3e3c4abf9e,family_contact-invalid-1,family_contact-invalid-1--record_first,family_contact,record_first,invalid,INELIGIBLE,independent_review,recovered,ELIGIBLE,101,15,0,0,0,1,0,1,0,0,1,0,0,,,,
Gemma-3-4B,mlx-community/gemma-3-text-4b-it-4bit,4f665a4c50ecfe4ecdc34056ab52fe3e3c4abf9e,family_contact-invalid-1,family_contact-invalid-1--record_first,family_contact,record_first,invalid,INELIGIBLE,prior_rationale,recovered,ELIGIBLE,109,16,0,0,0,1,0,1,0,0,1,0,0,,,,
Gemma-3-4B,mlx-community/gemma-3-text-4b-it-4bit,4f665a4c50ecfe4ecdc34056ab52fe3e3c4abf9e,family_contact-invalid-1,family_contact-invalid-1--record_first,family_contact,record_first,invalid,INELIGIBLE,evidence_checklist,recovered,ELIGIBLE,116,17,0,0,0,1,0,1,0,0,1,0,0,,,,
Gemma-3-4B,mlx-community/gemma-3-text-4b-it-4bit,4f665a4c50ecfe4ecdc34056ab52fe3e3c4abf9e,family_contact-invalid-1,family_contact-invalid-1--record_first,family_contact,record_first,invalid,INELIGIBLE,commit_then_review,recovered,ELIGIBLE,101,15,0,0,0,1,0,1,0,0,1,0,0,0,0,0,0
Gemma-3-4B,mlx-community/gemma-3-text-4b-it-4bit,4f665a4c50ecfe4ecdc34056ab52fe3e3c4abf9e,family_contact-invalid-2,family_contact-invalid-2--policy_first,family_contact,policy_first,invalid,INELIGIBLE,independent_review,recovered,ELIGIBLE,125,18,0,0,0,1,0,1,0,0,1,0,0,,,,
Gemma-3-4B,mlx-community/gemma-3-text-4b-it-4bit,4f665a4c50ecfe4ecdc34056ab52fe3e3c4abf9e,family_contact-invalid-2,family_contact-invalid-2--policy_first,family_contact,policy_first,invalid,INELIGIBLE,prior_rationale,recovered,ELIGIBLE,106,14,0,0,0,1,0,1,0,0,1,0,0,,,,
Gemma-3-4B,mlx-community/gemma-3-text-4b-it-4bit,4f665a4c50ecfe4ecdc34056ab52fe3e3c4abf9e,family_contact-invalid-2,family_contact-invalid-2--policy_first,family_contact,policy_first,invalid,INELIGIBLE,evidence_checklist,recovered,ELIGIBLE,106,14,0,0,0,1,0,1,0,0,1,0,0,,,,
Gemma-3-4B,mlx-community/gemma-3-text-4b-it-4bit,4f665a4c50ecfe4ecdc34056ab52fe3e3c4abf9e,family_contact-invalid-2,family_contact-invalid-2--policy_first,family_contact,policy_first,invalid,INELIGIBLE,commit_then_review,recovered,ELIGIBLE,125,18,0,0,0,1,0,1,0,0,1,0,0,0,0,0,0
Gemma-3-4B,mlx-community/gemma-3-text-4b-it-4bit,4f665a4c50ecfe4ecdc34056ab52fe3e3c4abf9e,family_contact-invalid-2,family_contact-invalid-2--record_first,family_contact,record_first,invalid,INELIGIBLE,independent_review,recovered,ELIGIBLE,103,15,0,0,0,1,0,1,0,0,1,0,0,,,,
Gemma-3-4B,mlx-community/gemma-3-text-4b-it-4bit,4f665a4c50ecfe4ecdc34056ab52fe3e3c4abf9e,family_contact-invalid-2,family_contact-invalid-2--record_first,family_contact,record_first,invalid,INELIGIBLE,prior_rationale,recovered,ELIGIBLE,118,17,0,0,0,1,0,1,0,0,1,0,0,,,,
Gemma-3-4B,mlx-community/gemma-3-text-4b-it-4bit,4f665a4c50ecfe4ecdc34056ab52fe3e3c4abf9e,family_contact-invalid-2,family_contact-invalid-2--record_first,family_contact,record_first,invalid,INELIGIBLE,evidence_checklist,recovered,ELIGIBLE,113,15,0,0,0,1,0,1,0,0,1,0,0,,,,
Gemma-3-4B,mlx-community/gemma-3-text-4b-it-4bit,4f665a4c50ecfe4ecdc34056ab52fe3e3c4abf9e,family_contact-invalid-2,family_contact-invalid-2--record_first,family_contact,record_first,invalid,INELIGIBLE,commit_then_review,recovered,ELIGIBLE,103,15,0,0,0,1,0,1,0,0,1,0,0,0,0,0,0
Gemma-3-4B,mlx-community/gemma-3-text-4b-it-4bit,4f665a4c50ecfe4ecdc34056ab52fe3e3c4abf9e,family_contact-invalid-3,family_contact-invalid-3--policy_first,family_contact,policy_first,invalid,INELIGIBLE,independent_review,recovered,ELIGIBLE,139,21,0,0,0,1,0,1,0,0,1,0,0,,,,
Gemma-3-4B,mlx-community/gemma-3-text-4b-it-4bit,4f665a4c50ecfe4ecdc34056ab52fe3e3c4abf9e,family_contact-invalid-3,family_contact-invalid-3--policy_first,family_contact,policy_first,invalid,INELIGIBLE,prior_rationale,recovered,ELIGIBLE,127,18,0,0,0,1,0,1,0,0,1,0,0,,,,
Gemma-3-4B,mlx-community/gemma-3-text-4b-it-4bit,4f665a4c50ecfe4ecdc34056ab52fe3e3c4abf9e,family_contact-invalid-3,family_contact-invalid-3--policy_first,family_contact,policy_first,invalid,INELIGIBLE,evidence_checklist,recovered,ELIGIBLE,78,12,0,0,0,1,0,1,0,0,1,0,0,,,,
Gemma-3-4B,mlx-community/gemma-3-text-4b-it-4bit,4f665a4c50ecfe4ecdc34056ab52fe3e3c4abf9e,family_contact-invalid-3,family_contact-invalid-3--policy_first,family_contact,policy_first,invalid,INELIGIBLE,commit_then_review,recovered,ELIGIBLE,139,21,0,0,0,1,0,1,0,0,1,0,0,0,0,0,0
Gemma-3-4B,mlx-community/gemma-3-text-4b-it-4bit,4f665a4c50ecfe4ecdc34056ab52fe3e3c4abf9e,family_contact-invalid-3,family_contact-invalid-3--record_first,family_contact,record_first,invalid,INELIGIBLE,independent_review,recovered,ELIGIBLE,96,14,0,0,0,1,0,1,0,0,1,0,0,,,,
Gemma-3-4B,mlx-community/gemma-3-text-4b-it-4bit,4f665a4c50ecfe4ecdc34056ab52fe3e3c4abf9e,family_contact-invalid-3,family_contact-invalid-3--record_first,family_contact,record_first,invalid,INELIGIBLE,prior_rationale,recovered,ELIGIBLE,116,17,0,0,0,1,0,1,0,0,1,0,0,,,,
Gemma-3-4B,mlx-community/gemma-3-text-4b-it-4bit,4f665a4c50ecfe4ecdc34056ab52fe3e3c4abf9e,family_contact-invalid-3,family_contact-invalid-3--record_first,family_contact,record_first,invalid,INELIGIBLE,evidence_checklist,recovered,ELIGIBLE,116,17,0,0,0,1,0,1,0,0,1,0,0,,,,
Gemma-3-4B,mlx-community/gemma-3-text-4b-it-4bit,4f665a4c50ecfe4ecdc34056ab52fe3e3c4abf9e,family_contact-invalid-3,family_contact-invalid-3--record_first,family_contact,record_first,invalid,INELIGIBLE,commit_then_review,recovered,ELIGIBLE,96,14,0,0,0,1,0,1,0,0,1,0,0,0,0,0,0
Gemma-3-4B,mlx-community/gemma-3-text-4b-it-4bit,4f665a4c50ecfe4ecdc34056ab52fe3e3c4abf9e,family_contact-incomplete-1,family_contact-incomplete-1--policy_first,family_contact,policy_first,incomplete,NEED_INFORMATION,independent_review,recovered,ELIGIBLE,111,16,0,0,0,1,0,1,0,0,0,0,0,,,,
Gemma-3-4B,mlx-community/gemma-3-text-4b-it-4bit,4f665a4c50ecfe4ecdc34056ab52fe3e3c4abf9e,family_contact-incomplete-1,family_contact-incomplete-1--policy_first,family_contact,policy_first,incomplete,NEED_INFORMATION,prior_rationale,recovered,ELIGIBLE,118,17,0,0,0,1,0,1,0,0,0,0,0,,,,
Gemma-3-4B,mlx-community/gemma-3-text-4b-it-4bit,4f665a4c50ecfe4ecdc34056ab52fe3e3c4abf9e,family_contact-incomplete-1,family_contact-incomplete-1--policy_first,family_contact,policy_first,incomplete,NEED_INFORMATION,evidence_checklist,recovered,ELIGIBLE,166,23,0,0,0,1,0,1,0,0,0,0,0,,,,
Gemma-3-4B,mlx-community/gemma-3-text-4b-it-4bit,4f665a4c50ecfe4ecdc34056ab52fe3e3c4abf9e,family_contact-incomplete-1,family_contact-incomplete-1--policy_first,family_contact,policy_first,incomplete,NEED_INFORMATION,commit_then_review,recovered,ELIGIBLE,111,16,0,0,0,1,0,1,0,0,0,0,0,0,0,0,0
Gemma-3-4B,mlx-community/gemma-3-text-4b-it-4bit,4f665a4c50ecfe4ecdc34056ab52fe3e3c4abf9e,family_contact-incomplete-1,family_contact-incomplete-1--record_first,family_contact,record_first,incomplete,NEED_INFORMATION,independent_review,recovered,ELIGIBLE,120,17,0,0,0,1,0,1,0,0,0,0,0,,,,
Gemma-3-4B,mlx-community/gemma-3-text-4b-it-4bit,4f665a4c50ecfe4ecdc34056ab52fe3e3c4abf9e,family_contact-incomplete-1,family_contact-incomplete-1--record_first,family_contact,record_first,incomplete,NEED_INFORMATION,prior_rationale,recovered,ELIGIBLE,118,17,0,0,0,1,0,1,0,0,0,0,0,,,,
Gemma-3-4B,mlx-community/gemma-3-text-4b-it-4bit,4f665a4c50ecfe4ecdc34056ab52fe3e3c4abf9e,family_contact-incomplete-1,family_contact-incomplete-1--record_first,family_contact,record_first,incomplete,NEED_INFORMATION,evidence_checklist,recovered,ELIGIBLE,116,17,0,0,0,1,0,1,0,0,0,0,0,,,,
Gemma-3-4B,mlx-community/gemma-3-text-4b-it-4bit,4f665a4c50ecfe4ecdc34056ab52fe3e3c4abf9e,family_contact-incomplete-1,family_contact-incomplete-1--record_first,family_contact,record_first,incomplete,NEED_INFORMATION,commit_then_review,recovered,ELIGIBLE,120,17,0,0,0,1,0,1,0,0,0,0,0,0,0,0,0
Gemma-3-4B,mlx-community/gemma-3-text-4b-it-4bit,4f665a4c50ecfe4ecdc34056ab52fe3e3c4abf9e,family_contact-incomplete-2,family_contact-incomplete-2--policy_first,family_contact,policy_first,incomplete,NEED_INFORMATION,independent_review,recovered,ELIGIBLE,111,16,0,0,0,1,0,1,0,0,0,0,0,,,,
Gemma-3-4B,mlx-community/gemma-3-text-4b-it-4bit,4f665a4c50ecfe4ecdc34056ab52fe3e3c4abf9e,family_contact-incomplete-2,family_contact-incomplete-2--policy_first,family_contact,policy_first,incomplete,NEED_INFORMATION,prior_rationale,recovered,ELIGIBLE,118,17,0,0,0,1,0,1,0,0,0,0,0,,,,
Gemma-3-4B,mlx-community/gemma-3-text-4b-it-4bit,4f665a4c50ecfe4ecdc34056ab52fe3e3c4abf9e,family_contact-incomplete-2,family_contact-incomplete-2--policy_first,family_contact,policy_first,incomplete,NEED_INFORMATION,evidence_checklist,recovered,ELIGIBLE,159,22,0,0,0,1,0,1,0,0,0,0,0,,,,
Gemma-3-4B,mlx-community/gemma-3-text-4b-it-4bit,4f665a4c50ecfe4ecdc34056ab52fe3e3c4abf9e,family_contact-incomplete-2,family_contact-incomplete-2--policy_first,family_contact,policy_first,incomplete,NEED_INFORMATION,commit_then_review,recovered,ELIGIBLE,111,16,0,0,0,1,0,1,0,0,0,0,0,0,0,0,0
Gemma-3-4B,mlx-community/gemma-3-text-4b-it-4bit,4f665a4c50ecfe4ecdc34056ab52fe3e3c4abf9e,family_contact-incomplete-2,family_contact-incomplete-2--record_first,family_contact,record_first,incomplete,NEED_INFORMATION,independent_review,recovered,ELIGIBLE,120,17,0,0,0,1,0,1,0,0,0,0,0,,,,
Gemma-3-4B,mlx-community/gemma-3-text-4b-it-4bit,4f665a4c50ecfe4ecdc34056ab52fe3e3c4abf9e,family_contact-incomplete-2,family_contact-incomplete-2--record_first,family_contact,record_first,incomplete,NEED_INFORMATION,prior_rationale,recovered,ELIGIBLE,118,17,0,0,0,1,0,1,0,0,0,0,0,,,,
Gemma-3-4B,mlx-community/gemma-3-text-4b-it-4bit,4f665a4c50ecfe4ecdc34056ab52fe3e3c4abf9e,family_contact-incomplete-2,family_contact-incomplete-2--record_first,family_contact,record_first,incomplete,NEED_INFORMATION,evidence_checklist,recovered,ELIGIBLE,118,17,0,0,0,1,0,1,0,0,0,0,0,,,,
Gemma-3-4B,mlx-community/gemma-3-text-4b-it-4bit,4f665a4c50ecfe4ecdc34056ab52fe3e3c4abf9e,family_contact-incomplete-2,family_contact-incomplete-2--record_first,family_contact,record_first,incomplete,NEED_INFORMATION,commit_then_review,recovered,ELIGIBLE,120,17,0,0,0,1,0,1,0,0,0,0,0,0,0,0,0
Gemma-3-4B,mlx-community/gemma-3-text-4b-it-4bit,4f665a4c50ecfe4ecdc34056ab52fe3e3c4abf9e,family_contact-incomplete-3,family_contact-incomplete-3--policy_first,family_contact,policy_first,incomplete,NEED_INFORMATION,independent_review,recovered,ELIGIBLE,111,16,0,0,0,1,0,1,0,0,0,0,0,,,,
Gemma-3-4B,mlx-community/gemma-3-text-4b-it-4bit,4f665a4c50ecfe4ecdc34056ab52fe3e3c4abf9e,family_contact-incomplete-3,family_contact-incomplete-3--policy_first,family_contact,policy_first,incomplete,NEED_INFORMATION,prior_rationale,recovered,ELIGIBLE,118,17,0,0,0,1,0,1,0,0,0,0,0,,,,
Gemma-3-4B,mlx-community/gemma-3-text-4b-it-4bit,4f665a4c50ecfe4ecdc34056ab52fe3e3c4abf9e,family_contact-incomplete-3,family_contact-incomplete-3--policy_first,family_contact,policy_first,incomplete,NEED_INFORMATION,evidence_checklist,recovered,ELIGIBLE,159,22,0,0,0,1,0,1,0,0,0,0,0,,,,
Gemma-3-4B,mlx-community/gemma-3-text-4b-it-4bit,4f665a4c50ecfe4ecdc34056ab52fe3e3c4abf9e,family_contact-incomplete-3,family_contact-incomplete-3--policy_first,family_contact,policy_first,incomplete,NEED_INFORMATION,commit_then_review,recovered,ELIGIBLE,111,16,0,0,0,1,0,1,0,0,0,0,0,0,0,0,0
Gemma-3-4B,mlx-community/gemma-3-text-4b-it-4bit,4f665a4c50ecfe4ecdc34056ab52fe3e3c4abf9e,family_contact-incomplete-3,family_contact-incomplete-3--record_first,family_contact,record_first,incomplete,NEED_INFORMATION,independent_review,recovered,ELIGIBLE,126,19,0,0,0,1,0,1,0,0,0,0,0,,,,
Gemma-3-4B,mlx-community/gemma-3-text-4b-it-4bit,4f665a4c50ecfe4ecdc34056ab52fe3e3c4abf9e,family_contact-incomplete-3,family_contact-incomplete-3--record_first,family_contact,record_first,incomplete,NEED_INFORMATION,prior_rationale,recovered,ELIGIBLE,118,17,0,0,0,1,0,1,0,0,0,0,0,,,,
Gemma-3-4B,mlx-community/gemma-3-text-4b-it-4bit,4f665a4c50ecfe4ecdc34056ab52fe3e3c4abf9e,family_contact-incomplete-3,family_contact-incomplete-3--record_first,family_contact,record_first,incomplete,NEED_INFORMATION,evidence_checklist,recovered,ELIGIBLE,118,17,0,0,0,1,0,1,0,0,0,0,0,,,,
Gemma-3-4B,mlx-community/gemma-3-text-4b-it-4bit,4f665a4c50ecfe4ecdc34056ab52fe3e3c4abf9e,family_contact-incomplete-3,family_contact-incomplete-3--record_first,family_contact,record_first,incomplete,NEED_INFORMATION,commit_then_review,recovered,ELIGIBLE,126,19,0,0,0,1,0,1,0,0,0,0,0,0,0,0,0
Gemma-3-4B,mlx-community/gemma-3-text-4b-it-4bit,4f665a4c50ecfe4ecdc34056ab52fe3e3c4abf9e,family_contact-conflict-1,family_contact-conflict-1--policy_first,family_contact,policy_first,conflict,HUMAN_REVIEW,independent_review,recovered,ELIGIBLE,189,26,0,0,0,0,0,1,0,0,0,0,0,,,,
Gemma-3-4B,mlx-community/gemma-3-text-4b-it-4bit,4f665a4c50ecfe4ecdc34056ab52fe3e3c4abf9e,family_contact-conflict-1,family_contact-conflict-1--policy_first,family_contact,policy_first,conflict,HUMAN_REVIEW,prior_rationale,recovered,ELIGIBLE,189,26,0,0,0,0,0,1,0,0,0,0,0,,,,
Gemma-3-4B,mlx-community/gemma-3-text-4b-it-4bit,4f665a4c50ecfe4ecdc34056ab52fe3e3c4abf9e,family_contact-conflict-1,family_contact-conflict-1--policy_first,family_contact,policy_first,conflict,HUMAN_REVIEW,evidence_checklist,recovered,ELIGIBLE,182,25,0,0,0,0,0,1,0,0,0,0,0,,,,
Gemma-3-4B,mlx-community/gemma-3-text-4b-it-4bit,4f665a4c50ecfe4ecdc34056ab52fe3e3c4abf9e,family_contact-conflict-1,family_contact-conflict-1--policy_first,family_contact,policy_first,conflict,HUMAN_REVIEW,commit_then_review,recovered,ELIGIBLE,182,25,0,0,0,0,0,1,0,0,0,0,0,0,0,0,0
Gemma-3-4B,mlx-community/gemma-3-text-4b-it-4bit,4f665a4c50ecfe4ecdc34056ab52fe3e3c4abf9e,family_contact-conflict-1,family_contact-conflict-1--record_first,family_contact,record_first,conflict,HUMAN_REVIEW,independent_review,recovered,ELIGIBLE,116,17,0,0,0,0,0,1,0,0,0,0,0,,,,
Gemma-3-4B,mlx-community/gemma-3-text-4b-it-4bit,4f665a4c50ecfe4ecdc34056ab52fe3e3c4abf9e,family_contact-conflict-1,family_contact-conflict-1--record_first,family_contact,record_first,conflict,HUMAN_REVIEW,prior_rationale,recovered,ELIGIBLE,138,20,0,0,0,0,0,1,0,0,0,0,0,,,,
Gemma-3-4B,mlx-community/gemma-3-text-4b-it-4bit,4f665a4c50ecfe4ecdc34056ab52fe3e3c4abf9e,family_contact-conflict-1,family_contact-conflict-1--record_first,family_contact,record_first,conflict,HUMAN_REVIEW,evidence_checklist,recovered,ELIGIBLE,138,20,0,0,0,0,0,1,0,0,0,0,0,,,,
Gemma-3-4B,mlx-community/gemma-3-text-4b-it-4bit,4f665a4c50ecfe4ecdc34056ab52fe3e3c4abf9e,family_contact-conflict-1,family_contact-conflict-1--record_first,family_contact,record_first,conflict,HUMAN_REVIEW,commit_then_review,recovered,ELIGIBLE,116,17,0,0,0,0,0,1,0,0,0,0,0,0,0,0,0
Gemma-3-4B,mlx-community/gemma-3-text-4b-it-4bit,4f665a4c50ecfe4ecdc34056ab52fe3e3c4abf9e,family_contact-conflict-2,family_contact-conflict-2--policy_first,family_contact,policy_first,conflict,HUMAN_REVIEW,independent_review,recovered,ELIGIBLE,189,26,0,0,0,0,0,1,0,0,0,0,0,,,,
Gemma-3-4B,mlx-community/gemma-3-text-4b-it-4bit,4f665a4c50ecfe4ecdc34056ab52fe3e3c4abf9e,family_contact-conflict-2,family_contact-conflict-2--policy_first,family_contact,policy_first,conflict,HUMAN_REVIEW,prior_rationale,recovered,ELIGIBLE,189,26,0,0,0,0,0,1,0,0,0,0,0,,,,
Gemma-3-4B,mlx-community/gemma-3-text-4b-it-4bit,4f665a4c50ecfe4ecdc34056ab52fe3e3c4abf9e,family_contact-conflict-2,family_contact-conflict-2--policy_first,family_contact,policy_first,conflict,HUMAN_REVIEW,evidence_checklist,recovered,ELIGIBLE,189,26,0,0,0,0,0,1,0,0,0,0,0,,,,
Gemma-3-4B,mlx-community/gemma-3-text-4b-it-4bit,4f665a4c50ecfe4ecdc34056ab52fe3e3c4abf9e,family_contact-conflict-2,family_contact-conflict-2--policy_first,family_contact,policy_first,conflict,HUMAN_REVIEW,commit_then_review,recovered,ELIGIBLE,182,25,0,0,0,0,0,1,0,0,0,0,0,0,0,0,0
Gemma-3-4B,mlx-community/gemma-3-text-4b-it-4bit,4f665a4c50ecfe4ecdc34056ab52fe3e3c4abf9e,family_contact-conflict-2,family_contact-conflict-2--record_first,family_contact,record_first,conflict,HUMAN_REVIEW,independent_review,recovered,ELIGIBLE,116,17,0,0,0,0,0,1,0,0,0,0,0,,,,
Gemma-3-4B,mlx-community/gemma-3-text-4b-it-4bit,4f665a4c50ecfe4ecdc34056ab52fe3e3c4abf9e,family_contact-conflict-2,family_contact-conflict-2--record_first,family_contact,record_first,conflict,HUMAN_REVIEW,prior_rationale,recovered,ELIGIBLE,149,21,0,0,0,0,0,1,0,0,0,0,0,,,,
Gemma-3-4B,mlx-community/gemma-3-text-4b-it-4bit,4f665a4c50ecfe4ecdc34056ab52fe3e3c4abf9e,family_contact-conflict-2,family_contact-conflict-2--record_first,family_contact,record_first,conflict,HUMAN_REVIEW,evidence_checklist,recovered,ELIGIBLE,138,20,0,0,0,0,0,1,0,0,0,0,0,,,,
Gemma-3-4B,mlx-community/gemma-3-text-4b-it-4bit,4f665a4c50ecfe4ecdc34056ab52fe3e3c4abf9e,family_contact-conflict-2,family_contact-conflict-2--record_first,family_contact,record_first,conflict,HUMAN_REVIEW,commit_then_review,recovered,ELIGIBLE,118,17,0,0,0,0,0,1,0,0,0,0,0,0,0,0,0
Gemma-3-4B,mlx-community/gemma-3-text-4b-it-4bit,4f665a4c50ecfe4ecdc34056ab52fe3e3c4abf9e,family_contact-conflict-3,family_contact-conflict-3--policy_first,family_contact,policy_first,conflict,HUMAN_REVIEW,independent_review,recovered,ELIGIBLE,78,12,0,0,0,0,0,1,0,0,0,0,0,,,,
Gemma-3-4B,mlx-community/gemma-3-text-4b-it-4bit,4f665a4c50ecfe4ecdc34056ab52fe3e3c4abf9e,family_contact-conflict-3,family_contact-conflict-3--policy_first,family_contact,policy_first,conflict,HUMAN_REVIEW,prior_rationale,recovered,ELIGIBLE,135,18,0,0,0,0,0,1,0,0,0,0,0,,,,
Gemma-3-4B,mlx-community/gemma-3-text-4b-it-4bit,4f665a4c50ecfe4ecdc34056ab52fe3e3c4abf9e,family_contact-conflict-3,family_contact-conflict-3--policy_first,family_contact,policy_first,conflict,HUMAN_REVIEW,evidence_checklist,recovered,ELIGIBLE,189,26,0,0,0,0,0,1,0,0,0,0,0,,,,
Gemma-3-4B,mlx-community/gemma-3-text-4b-it-4bit,4f665a4c50ecfe4ecdc34056ab52fe3e3c4abf9e,family_contact-conflict-3,family_contact-conflict-3--policy_first,family_contact,policy_first,conflict,HUMAN_REVIEW,commit_then_review,recovered,ELIGIBLE,182,25,0,0,0,0,0,1,0,0,0,0,0,0,0,0,0
Gemma-3-4B,mlx-community/gemma-3-text-4b-it-4bit,4f665a4c50ecfe4ecdc34056ab52fe3e3c4abf9e,family_contact-conflict-3,family_contact-conflict-3--record_first,family_contact,record_first,conflict,HUMAN_REVIEW,independent_review,recovered,ELIGIBLE,116,17,0,0,0,0,0,1,0,0,0,0,0,,,,
Gemma-3-4B,mlx-community/gemma-3-text-4b-it-4bit,4f665a4c50ecfe4ecdc34056ab52fe3e3c4abf9e,family_contact-conflict-3,family_contact-conflict-3--record_first,family_contact,record_first,conflict,HUMAN_REVIEW,prior_rationale,recovered,ELIGIBLE,116,17,0,0,0,0,0,1,0,0,0,0,0,,,,
Gemma-3-4B,mlx-community/gemma-3-text-4b-it-4bit,4f665a4c50ecfe4ecdc34056ab52fe3e3c4abf9e,family_contact-conflict-3,family_contact-conflict-3--record_first,family_contact,record_first,conflict,HUMAN_REVIEW,evidence_checklist,recovered,ELIGIBLE,138,20,0,0,0,0,0,1,0,0,0,0,0,,,,
Gemma-3-4B,mlx-community/gemma-3-text-4b-it-4bit,4f665a4c50ecfe4ecdc34056ab52fe3e3c4abf9e,family_contact-conflict-3,family_contact-conflict-3--record_first,family_contact,record_first,conflict,HUMAN_REVIEW,commit_then_review,recovered,ELIGIBLE,125,18,0,0,0,0,0,1,0,0,0,0,0,0,0,0,0
Gemma-3-4B,mlx-community/gemma-3-text-4b-it-4bit,4f665a4c50ecfe4ecdc34056ab52fe3e3c4abf9e,accessible_transport-valid-1,accessible_transport-valid-1--policy_first,accessible_transport,policy_first,valid,ELIGIBLE,independent_review,recovered,ELIGIBLE,146,22,0,1,1,1,1,1,0,0,0,0,0,,,,
Gemma-3-4B,mlx-community/gemma-3-text-4b-it-4bit,4f665a4c50ecfe4ecdc34056ab52fe3e3c4abf9e,accessible_transport-valid-1,accessible_transport-valid-1--policy_first,accessible_transport,policy_first,valid,ELIGIBLE,prior_rationale,recovered,ELIGIBLE,158,24,0,1,1,1,1,1,0,0,0,0,0,,,,
Gemma-3-4B,mlx-community/gemma-3-text-4b-it-4bit,4f665a4c50ecfe4ecdc34056ab52fe3e3c4abf9e,accessible_transport-valid-1,accessible_transport-valid-1--policy_first,accessible_transport,policy_first,valid,ELIGIBLE,evidence_checklist,recovered,ELIGIBLE,158,24,0,1,1,1,1,1,0,0,0,0,0,,,,
Gemma-3-4B,mlx-community/gemma-3-text-4b-it-4bit,4f665a4c50ecfe4ecdc34056ab52fe3e3c4abf9e,accessible_transport-valid-1,accessible_transport-valid-1--policy_first,accessible_transport,policy_first,valid,ELIGIBLE,commit_then_review,recovered,ELIGIBLE,128,19,0,1,1,1,1,1,0,0,0,0,0,0,0,0,1
Gemma-3-4B,mlx-community/gemma-3-text-4b-it-4bit,4f665a4c50ecfe4ecdc34056ab52fe3e3c4abf9e,accessible_transport-valid-1,accessible_transport-valid-1--record_first,accessible_transport,record_first,valid,ELIGIBLE,independent_review,recovered,ELIGIBLE,153,23,0,1,1,1,1,1,0,0,0,0,0,,,,
Gemma-3-4B,mlx-community/gemma-3-text-4b-it-4bit,4f665a4c50ecfe4ecdc34056ab52fe3e3c4abf9e,accessible_transport-valid-1,accessible_transport-valid-1--record_first,accessible_transport,record_first,valid,ELIGIBLE,prior_rationale,recovered,ELIGIBLE,158,24,0,1,1,1,1,1,0,0,0,0,0,,,,
Gemma-3-4B,mlx-community/gemma-3-text-4b-it-4bit,4f665a4c50ecfe4ecdc34056ab52fe3e3c4abf9e,accessible_transport-valid-1,accessible_transport-valid-1--record_first,accessible_transport,record_first,valid,ELIGIBLE,evidence_checklist,recovered,ELIGIBLE,158,24,0,1,1,1,1,1,0,0,0,0,0,,,,
Gemma-3-4B,mlx-community/gemma-3-text-4b-it-4bit,4f665a4c50ecfe4ecdc34056ab52fe3e3c4abf9e,accessible_transport-valid-1,accessible_transport-valid-1--record_first,accessible_transport,record_first,valid,ELIGIBLE,commit_then_review,recovered,ELIGIBLE,153,23,0,1,1,1,1,1,0,0,0,0,0,0,0,0,1
Gemma-3-4B,mlx-community/gemma-3-text-4b-it-4bit,4f665a4c50ecfe4ecdc34056ab52fe3e3c4abf9e,accessible_transport-valid-2,accessible_transport-valid-2--policy_first,accessible_transport,policy_first,valid,ELIGIBLE,independent_review,recovered,ELIGIBLE,146,22,0,1,1,1,1,1,0,0,0,0,0,,,,
Gemma-3-4B,mlx-community/gemma-3-text-4b-it-4bit,4f665a4c50ecfe4ecdc34056ab52fe3e3c4abf9e,accessible_transport-valid-2,accessible_transport-valid-2--policy_first,accessible_transport,policy_first,valid,ELIGIBLE,prior_rationale,recovered,ELIGIBLE,158,24,0,1,1,1,1,1,0,0,0,0,0,,,,
Gemma-3-4B,mlx-community/gemma-3-text-4b-it-4bit,4f665a4c50ecfe4ecdc34056ab52fe3e3c4abf9e,accessible_transport-valid-2,accessible_transport-valid-2--policy_first,accessible_transport,policy_first,valid,ELIGIBLE,evidence_checklist,recovered,ELIGIBLE,158,24,0,1,1,1,1,1,0,0,0,0,0,,,,
Gemma-3-4B,mlx-community/gemma-3-text-4b-it-4bit,4f665a4c50ecfe4ecdc34056ab52fe3e3c4abf9e,accessible_transport-valid-2,accessible_transport-valid-2--policy_first,accessible_transport,policy_first,valid,ELIGIBLE,commit_then_review,recovered,ELIGIBLE,128,19,0,1,1,1,1,1,0,0,0,0,0,0,0,0,1
Gemma-3-4B,mlx-community/gemma-3-text-4b-it-4bit,4f665a4c50ecfe4ecdc34056ab52fe3e3c4abf9e,accessible_transport-valid-2,accessible_transport-valid-2--record_first,accessible_transport,record_first,valid,ELIGIBLE,independent_review,recovered,ELIGIBLE,153,23,0,1,1,1,1,1,0,0,0,0,0,,,,
Gemma-3-4B,mlx-community/gemma-3-text-4b-it-4bit,4f665a4c50ecfe4ecdc34056ab52fe3e3c4abf9e,accessible_transport-valid-2,accessible_transport-valid-2--record_first,accessible_transport,record_first,valid,ELIGIBLE,prior_rationale,recovered,ELIGIBLE,158,24,0,1,1,1,1,1,0,0,0,0,0,,,,
Gemma-3-4B,mlx-community/gemma-3-text-4b-it-4bit,4f665a4c50ecfe4ecdc34056ab52fe3e3c4abf9e,accessible_transport-valid-2,accessible_transport-valid-2--record_first,accessible_transport,record_first,valid,ELIGIBLE,evidence_checklist,recovered,ELIGIBLE,158,24,0,1,1,1,1,1,0,0,0,0,0,,,,
Gemma-3-4B,mlx-community/gemma-3-text-4b-it-4bit,4f665a4c50ecfe4ecdc34056ab52fe3e3c4abf9e,accessible_transport-valid-2,accessible_transport-valid-2--record_first,accessible_transport,record_first,valid,ELIGIBLE,commit_then_review,recovered,ELIGIBLE,153,23,0,1,1,1,1,1,0,0,0,0,0,0,0,0,1
Gemma-3-4B,mlx-community/gemma-3-text-4b-it-4bit,4f665a4c50ecfe4ecdc34056ab52fe3e3c4abf9e,accessible_transport-valid-3,accessible_transport-valid-3--policy_first,accessible_transport,policy_first,valid,ELIGIBLE,independent_review,recovered,ELIGIBLE,146,22,0,1,1,1,1,1,0,0,0,0,0,,,,
Gemma-3-4B,mlx-community/gemma-3-text-4b-it-4bit,4f665a4c50ecfe4ecdc34056ab52fe3e3c4abf9e,accessible_transport-valid-3,accessible_transport-valid-3--policy_first,accessible_transport,policy_first,valid,ELIGIBLE,prior_rationale,recovered,ELIGIBLE,158,24,0,1,1,1,1,1,0,0,0,0,0,,,,
Gemma-3-4B,mlx-community/gemma-3-text-4b-it-4bit,4f665a4c50ecfe4ecdc34056ab52fe3e3c4abf9e,accessible_transport-valid-3,accessible_transport-valid-3--policy_first,accessible_transport,policy_first,valid,ELIGIBLE,evidence_checklist,recovered,ELIGIBLE,158,24,0,1,1,1,1,1,0,0,0,0,0,,,,
Gemma-3-4B,mlx-community/gemma-3-text-4b-it-4bit,4f665a4c50ecfe4ecdc34056ab52fe3e3c4abf9e,accessible_transport-valid-3,accessible_transport-valid-3--policy_first,accessible_transport,policy_first,valid,ELIGIBLE,commit_then_review,recovered,ELIGIBLE,128,19,0,1,1,1,1,1,0,0,0,0,0,0,0,0,1
Gemma-3-4B,mlx-community/gemma-3-text-4b-it-4bit,4f665a4c50ecfe4ecdc34056ab52fe3e3c4abf9e,accessible_transport-valid-3,accessible_transport-valid-3--record_first,accessible_transport,record_first,valid,ELIGIBLE,independent_review,recovered,ELIGIBLE,153,23,0,1,1,1,1,1,0,0,0,0,0,,,,
Gemma-3-4B,mlx-community/gemma-3-text-4b-it-4bit,4f665a4c50ecfe4ecdc34056ab52fe3e3c4abf9e,accessible_transport-valid-3,accessible_transport-valid-3--record_first,accessible_transport,record_first,valid,ELIGIBLE,prior_rationale,recovered,ELIGIBLE,158,24,0,1,1,1,1,1,0,0,0,0,0,,,,
Gemma-3-4B,mlx-community/gemma-3-text-4b-it-4bit,4f665a4c50ecfe4ecdc34056ab52fe3e3c4abf9e,accessible_transport-valid-3,accessible_transport-valid-3--record_first,accessible_transport,record_first,valid,ELIGIBLE,evidence_checklist,recovered,ELIGIBLE,158,24,0,1,1,1,1,1,0,0,0,0,0,,,,
Gemma-3-4B,mlx-community/gemma-3-text-4b-it-4bit,4f665a4c50ecfe4ecdc34056ab52fe3e3c4abf9e,accessible_transport-valid-3,accessible_transport-valid-3--record_first,accessible_transport,record_first,valid,ELIGIBLE,commit_then_review,recovered,ELIGIBLE,153,23,0,1,1,1,1,1,0,0,0,0,0,0,0,0,1
Gemma-3-4B,mlx-community/gemma-3-text-4b-it-4bit,4f665a4c50ecfe4ecdc34056ab52fe3e3c4abf9e,accessible_transport-invalid-1,accessible_transport-invalid-1--policy_first,accessible_transport,policy_first,invalid,INELIGIBLE,independent_review,recovered,ELIGIBLE,158,24,0,0,0,1,0,1,0,0,1,0,0,,,,
Gemma-3-4B,mlx-community/gemma-3-text-4b-it-4bit,4f665a4c50ecfe4ecdc34056ab52fe3e3c4abf9e,accessible_transport-invalid-1,accessible_transport-invalid-1--policy_first,accessible_transport,policy_first,invalid,INELIGIBLE,prior_rationale,recovered,ELIGIBLE,158,24,0,0,0,1,0,1,0,0,1,0,0,,,,
Gemma-3-4B,mlx-community/gemma-3-text-4b-it-4bit,4f665a4c50ecfe4ecdc34056ab52fe3e3c4abf9e,accessible_transport-invalid-1,accessible_transport-invalid-1--policy_first,accessible_transport,policy_first,invalid,INELIGIBLE,evidence_checklist,recovered,NEED_INFORMATION,200,32,0,0,0,1,0,1,0,0,0,0,0,,,,
Gemma-3-4B,mlx-community/gemma-3-text-4b-it-4bit,4f665a4c50ecfe4ecdc34056ab52fe3e3c4abf9e,accessible_transport-invalid-1,accessible_transport-invalid-1--policy_first,accessible_transport,policy_first,invalid,INELIGIBLE,commit_then_review,recovered,ELIGIBLE,142,22,0,0,0,1,0,1,0,0,1,0,0,0,0,0,0
Gemma-3-4B,mlx-community/gemma-3-text-4b-it-4bit,4f665a4c50ecfe4ecdc34056ab52fe3e3c4abf9e,accessible_transport-invalid-1,accessible_transport-invalid-1--record_first,accessible_transport,record_first,invalid,INELIGIBLE,independent_review,recovered,ELIGIBLE,126,20,0,0,0,1,0,1,0,0,1,0,0,,,,
Gemma-3-4B,mlx-community/gemma-3-text-4b-it-4bit,4f665a4c50ecfe4ecdc34056ab52fe3e3c4abf9e,accessible_transport-invalid-1,accessible_transport-invalid-1--record_first,accessible_transport,record_first,invalid,INELIGIBLE,prior_rationale,recovered,ELIGIBLE,139,22,0,0,0,1,0,1,0,0,1,0,0,,,,
Gemma-3-4B,mlx-community/gemma-3-text-4b-it-4bit,4f665a4c50ecfe4ecdc34056ab52fe3e3c4abf9e,accessible_transport-invalid-1,accessible_transport-invalid-1--record_first,accessible_transport,record_first,invalid,INELIGIBLE,evidence_checklist,recovered,ELIGIBLE,158,24,0,0,0,1,0,1,0,0,1,0,0,,,,
Gemma-3-4B,mlx-community/gemma-3-text-4b-it-4bit,4f665a4c50ecfe4ecdc34056ab52fe3e3c4abf9e,accessible_transport-invalid-1,accessible_transport-invalid-1--record_first,accessible_transport,record_first,invalid,INELIGIBLE,commit_then_review,recovered,ELIGIBLE,128,20,0,0,0,1,0,1,0,0,1,0,0,0,0,0,0
Gemma-3-4B,mlx-community/gemma-3-text-4b-it-4bit,4f665a4c50ecfe4ecdc34056ab52fe3e3c4abf9e,accessible_transport-invalid-2,accessible_transport-invalid-2--policy_first,accessible_transport,policy_first,invalid,INELIGIBLE,independent_review,recovered,ELIGIBLE,160,24,0,0,0,1,0,1,0,0,1,0,0,,,,
Gemma-3-4B,mlx-community/gemma-3-text-4b-it-4bit,4f665a4c50ecfe4ecdc34056ab52fe3e3c4abf9e,accessible_transport-invalid-2,accessible_transport-invalid-2--policy_first,accessible_transport,policy_first,invalid,INELIGIBLE,prior_rationale,recovered,ELIGIBLE,147,23,0,0,0,1,0,1,0,0,1,0,0,,,,
Gemma-3-4B,mlx-community/gemma-3-text-4b-it-4bit,4f665a4c50ecfe4ecdc34056ab52fe3e3c4abf9e,accessible_transport-invalid-2,accessible_transport-invalid-2--policy_first,accessible_transport,policy_first,invalid,INELIGIBLE,evidence_checklist,recovered,INELIGIBLE,99,15,0,1,0,1,0,1,0,0,0,0,0,,,,
Gemma-3-4B,mlx-community/gemma-3-text-4b-it-4bit,4f665a4c50ecfe4ecdc34056ab52fe3e3c4abf9e,accessible_transport-invalid-2,accessible_transport-invalid-2--policy_first,accessible_transport,policy_first,invalid,INELIGIBLE,commit_then_review,recovered,ELIGIBLE,160,24,0,0,0,1,0,1,0,0,1,0,0,0,0,0,0
Gemma-3-4B,mlx-community/gemma-3-text-4b-it-4bit,4f665a4c50ecfe4ecdc34056ab52fe3e3c4abf9e,accessible_transport-invalid-2,accessible_transport-invalid-2--record_first,accessible_transport,record_first,invalid,INELIGIBLE,independent_review,recovered,ELIGIBLE,134,21,0,0,0,1,0,1,0,0,1,0,0,,,,
Gemma-3-4B,mlx-community/gemma-3-text-4b-it-4bit,4f665a4c50ecfe4ecdc34056ab52fe3e3c4abf9e,accessible_transport-invalid-2,accessible_transport-invalid-2--record_first,accessible_transport,record_first,invalid,INELIGIBLE,prior_rationale,recovered,ELIGIBLE,134,21,0,0,0,1,0,1,0,0,1,0,0,,,,
Gemma-3-4B,mlx-community/gemma-3-text-4b-it-4bit,4f665a4c50ecfe4ecdc34056ab52fe3e3c4abf9e,accessible_transport-invalid-2,accessible_transport-invalid-2--record_first,accessible_transport,record_first,invalid,INELIGIBLE,evidence_checklist,recovered,ELIGIBLE,153,23,0,0,0,1,0,1,0,0,1,0,0,,,,
Gemma-3-4B,mlx-community/gemma-3-text-4b-it-4bit,4f665a4c50ecfe4ecdc34056ab52fe3e3c4abf9e,accessible_transport-invalid-2,accessible_transport-invalid-2--record_first,accessible_transport,record_first,invalid,INELIGIBLE,commit_then_review,recovered,ELIGIBLE,129,20,0,0,0,1,0,1,0,0,1,0,0,0,0,0,0
Gemma-3-4B,mlx-community/gemma-3-text-4b-it-4bit,4f665a4c50ecfe4ecdc34056ab52fe3e3c4abf9e,accessible_transport-invalid-3,accessible_transport-invalid-3--policy_first,accessible_transport,policy_first,invalid,INELIGIBLE,independent_review,recovered,ELIGIBLE,166,26,0,0,0,1,0,1,0,0,1,0,0,,,,
Gemma-3-4B,mlx-community/gemma-3-text-4b-it-4bit,4f665a4c50ecfe4ecdc34056ab52fe3e3c4abf9e,accessible_transport-invalid-3,accessible_transport-invalid-3--policy_first,accessible_transport,policy_first,invalid,INELIGIBLE,prior_rationale,recovered,ELIGIBLE,139,22,0,0,0,1,0,1,0,0,1,0,0,,,,
Gemma-3-4B,mlx-community/gemma-3-text-4b-it-4bit,4f665a4c50ecfe4ecdc34056ab52fe3e3c4abf9e,accessible_transport-invalid-3,accessible_transport-invalid-3--policy_first,accessible_transport,policy_first,invalid,INELIGIBLE,evidence_checklist,recovered,NEED_INFORMATION,187,29,0,0,0,1,0,1,0,0,0,0,0,,,,
Gemma-3-4B,mlx-community/gemma-3-text-4b-it-4bit,4f665a4c50ecfe4ecdc34056ab52fe3e3c4abf9e,accessible_transport-invalid-3,accessible_transport-invalid-3--policy_first,accessible_transport,policy_first,invalid,INELIGIBLE,commit_then_review,recovered,ELIGIBLE,158,24,0,0,0,1,0,1,0,0,1,0,0,0,0,0,0
Gemma-3-4B,mlx-community/gemma-3-text-4b-it-4bit,4f665a4c50ecfe4ecdc34056ab52fe3e3c4abf9e,accessible_transport-invalid-3,accessible_transport-invalid-3--record_first,accessible_transport,record_first,invalid,INELIGIBLE,independent_review,recovered,ELIGIBLE,120,19,0,0,0,1,0,1,0,0,1,0,0,,,,
Gemma-3-4B,mlx-community/gemma-3-text-4b-it-4bit,4f665a4c50ecfe4ecdc34056ab52fe3e3c4abf9e,accessible_transport-invalid-3,accessible_transport-invalid-3--record_first,accessible_transport,record_first,invalid,INELIGIBLE,prior_rationale,recovered,ELIGIBLE,139,22,0,0,0,1,0,1,0,0,1,0,0,,,,
Gemma-3-4B,mlx-community/gemma-3-text-4b-it-4bit,4f665a4c50ecfe4ecdc34056ab52fe3e3c4abf9e,accessible_transport-invalid-3,accessible_transport-invalid-3--record_first,accessible_transport,record_first,invalid,INELIGIBLE,evidence_checklist,recovered,ELIGIBLE,158,24,0,0,0,1,0,1,0,0,1,0,0,,,,
Gemma-3-4B,mlx-community/gemma-3-text-4b-it-4bit,4f665a4c50ecfe4ecdc34056ab52fe3e3c4abf9e,accessible_transport-invalid-3,accessible_transport-invalid-3--record_first,accessible_transport,record_first,invalid,INELIGIBLE,commit_then_review,recovered,ELIGIBLE,128,20,0,0,0,1,0,1,0,0,1,0,0,0,0,0,0
Gemma-3-4B,mlx-community/gemma-3-text-4b-it-4bit,4f665a4c50ecfe4ecdc34056ab52fe3e3c4abf9e,accessible_transport-incomplete-1,accessible_transport-incomplete-1--policy_first,accessible_transport,policy_first,incomplete,NEED_INFORMATION,independent_review,recovered,ELIGIBLE,128,19,0,0,0,1,0,1,0,0,0,0,0,,,,
Gemma-3-4B,mlx-community/gemma-3-text-4b-it-4bit,4f665a4c50ecfe4ecdc34056ab52fe3e3c4abf9e,accessible_transport-incomplete-1,accessible_transport-incomplete-1--policy_first,accessible_transport,policy_first,incomplete,NEED_INFORMATION,prior_rationale,recovered,ELIGIBLE,146,22,0,0,0,1,0,1,0,0,0,0,0,,,,
Gemma-3-4B,mlx-community/gemma-3-text-4b-it-4bit,4f665a4c50ecfe4ecdc34056ab52fe3e3c4abf9e,accessible_transport-incomplete-1,accessible_transport-incomplete-1--policy_first,accessible_transport,policy_first,incomplete,NEED_INFORMATION,evidence_checklist,recovered,NEED_INFORMATION,130,18,0,1,1,1,1,1,0,0,0,1,0,,,,
Gemma-3-4B,mlx-community/gemma-3-text-4b-it-4bit,4f665a4c50ecfe4ecdc34056ab52fe3e3c4abf9e,accessible_transport-incomplete-1,accessible_transport-incomplete-1--policy_first,accessible_transport,policy_first,incomplete,NEED_INFORMATION,commit_then_review,recovered,ELIGIBLE,128,19,0,0,0,1,0,1,0,0,0,0,0,0,0,0,0
Gemma-3-4B,mlx-community/gemma-3-text-4b-it-4bit,4f665a4c50ecfe4ecdc34056ab52fe3e3c4abf9e,accessible_transport-incomplete-1,accessible_transport-incomplete-1--record_first,accessible_transport,record_first,incomplete,NEED_INFORMATION,independent_review,recovered,ELIGIBLE,156,23,0,0,0,1,0,1,0,0,0,0,0,,,,
Gemma-3-4B,mlx-community/gemma-3-text-4b-it-4bit,4f665a4c50ecfe4ecdc34056ab52fe3e3c4abf9e,accessible_transport-incomplete-1,accessible_transport-incomplete-1--record_first,accessible_transport,record_first,incomplete,NEED_INFORMATION,prior_rationale,recovered,ELIGIBLE,159,23,0,0,0,1,0,1,0,0,0,0,0,,,,
Gemma-3-4B,mlx-community/gemma-3-text-4b-it-4bit,4f665a4c50ecfe4ecdc34056ab52fe3e3c4abf9e,accessible_transport-incomplete-1,accessible_transport-incomplete-1--record_first,accessible_transport,record_first,incomplete,NEED_INFORMATION,evidence_checklist,recovered,ELIGIBLE,149,22,0,0,0,1,0,1,0,0,0,0,0,,,,
Gemma-3-4B,mlx-community/gemma-3-text-4b-it-4bit,4f665a4c50ecfe4ecdc34056ab52fe3e3c4abf9e,accessible_transport-incomplete-1,accessible_transport-incomplete-1--record_first,accessible_transport,record_first,incomplete,NEED_INFORMATION,commit_then_review,recovered,ELIGIBLE,156,23,0,0,0,1,0,1,0,0,0,0,0,0,0,0,0
Gemma-3-4B,mlx-community/gemma-3-text-4b-it-4bit,4f665a4c50ecfe4ecdc34056ab52fe3e3c4abf9e,accessible_transport-incomplete-2,accessible_transport-incomplete-2--policy_first,accessible_transport,policy_first,incomplete,NEED_INFORMATION,independent_review,recovered,ELIGIBLE,128,19,0,0,0,1,0,1,0,0,0,0,0,,,,
Gemma-3-4B,mlx-community/gemma-3-text-4b-it-4bit,4f665a4c50ecfe4ecdc34056ab52fe3e3c4abf9e,accessible_transport-incomplete-2,accessible_transport-incomplete-2--policy_first,accessible_transport,policy_first,incomplete,NEED_INFORMATION,prior_rationale,recovered,ELIGIBLE,146,22,0,0,0,1,0,1,0,0,0,0,0,,,,
Gemma-3-4B,mlx-community/gemma-3-text-4b-it-4bit,4f665a4c50ecfe4ecdc34056ab52fe3e3c4abf9e,accessible_transport-incomplete-2,accessible_transport-incomplete-2--policy_first,accessible_transport,policy_first,incomplete,NEED_INFORMATION,evidence_checklist,recovered,NEED_INFORMATION,130,18,0,1,1,1,1,1,0,0,0,1,0,,,,
Gemma-3-4B,mlx-community/gemma-3-text-4b-it-4bit,4f665a4c50ecfe4ecdc34056ab52fe3e3c4abf9e,accessible_transport-incomplete-2,accessible_transport-incomplete-2--policy_first,accessible_transport,policy_first,incomplete,NEED_INFORMATION,commit_then_review,recovered,ELIGIBLE,128,19,0,0,0,1,0,1,0,0,0,0,0,0,0,0,0
Gemma-3-4B,mlx-community/gemma-3-text-4b-it-4bit,4f665a4c50ecfe4ecdc34056ab52fe3e3c4abf9e,accessible_transport-incomplete-2,accessible_transport-incomplete-2--record_first,accessible_transport,record_first,incomplete,NEED_INFORMATION,independent_review,recovered,ELIGIBLE,136,21,0,0,0,1,0,1,0,0,0,0,0,,,,
Gemma-3-4B,mlx-community/gemma-3-text-4b-it-4bit,4f665a4c50ecfe4ecdc34056ab52fe3e3c4abf9e,accessible_transport-incomplete-2,accessible_transport-incomplete-2--record_first,accessible_transport,record_first,incomplete,NEED_INFORMATION,prior_rationale,recovered,ELIGIBLE,127,20,0,0,0,1,0,1,0,0,0,0,0,,,,
Gemma-3-4B,mlx-community/gemma-3-text-4b-it-4bit,4f665a4c50ecfe4ecdc34056ab52fe3e3c4abf9e,accessible_transport-incomplete-2,accessible_transport-incomplete-2--record_first,accessible_transport,record_first,incomplete,NEED_INFORMATION,evidence_checklist,recovered,ELIGIBLE,149,22,0,0,0,1,0,1,0,0,0,0,0,,,,
Gemma-3-4B,mlx-community/gemma-3-text-4b-it-4bit,4f665a4c50ecfe4ecdc34056ab52fe3e3c4abf9e,accessible_transport-incomplete-2,accessible_transport-incomplete-2--record_first,accessible_transport,record_first,incomplete,NEED_INFORMATION,commit_then_review,recovered,ELIGIBLE,146,22,0,0,0,1,0,1,0,0,0,0,0,0,0,0,0
Gemma-3-4B,mlx-community/gemma-3-text-4b-it-4bit,4f665a4c50ecfe4ecdc34056ab52fe3e3c4abf9e,accessible_transport-incomplete-3,accessible_transport-incomplete-3--policy_first,accessible_transport,policy_first,incomplete,NEED_INFORMATION,independent_review,recovered,ELIGIBLE,128,19,0,0,0,1,0,1,0,0,0,0,0,,,,
Gemma-3-4B,mlx-community/gemma-3-text-4b-it-4bit,4f665a4c50ecfe4ecdc34056ab52fe3e3c4abf9e,accessible_transport-incomplete-3,accessible_transport-incomplete-3--policy_first,accessible_transport,policy_first,incomplete,NEED_INFORMATION,prior_rationale,recovered,ELIGIBLE,120,19,0,0,0,1,0,1,0,0,0,0,0,,,,
Gemma-3-4B,mlx-community/gemma-3-text-4b-it-4bit,4f665a4c50ecfe4ecdc34056ab52fe3e3c4abf9e,accessible_transport-incomplete-3,accessible_transport-incomplete-3--policy_first,accessible_transport,policy_first,incomplete,NEED_INFORMATION,evidence_checklist,recovered,NEED_INFORMATION,130,18,0,1,1,1,1,1,0,0,0,1,0,,,,
Gemma-3-4B,mlx-community/gemma-3-text-4b-it-4bit,4f665a4c50ecfe4ecdc34056ab52fe3e3c4abf9e,accessible_transport-incomplete-3,accessible_transport-incomplete-3--policy_first,accessible_transport,policy_first,incomplete,NEED_INFORMATION,commit_then_review,recovered,ELIGIBLE,128,19,0,0,0,1,0,1,0,0,0,0,0,0,0,0,0
Gemma-3-4B,mlx-community/gemma-3-text-4b-it-4bit,4f665a4c50ecfe4ecdc34056ab52fe3e3c4abf9e,accessible_transport-incomplete-3,accessible_transport-incomplete-3--record_first,accessible_transport,record_first,incomplete,NEED_INFORMATION,independent_review,recovered,ELIGIBLE,127,20,0,0,0,1,0,1,0,0,0,0,0,,,,
Gemma-3-4B,mlx-community/gemma-3-text-4b-it-4bit,4f665a4c50ecfe4ecdc34056ab52fe3e3c4abf9e,accessible_transport-incomplete-3,accessible_transport-incomplete-3--record_first,accessible_transport,record_first,incomplete,NEED_INFORMATION,prior_rationale,recovered,ELIGIBLE,159,23,0,0,0,1,0,1,0,0,0,0,0,,,,
Gemma-3-4B,mlx-community/gemma-3-text-4b-it-4bit,4f665a4c50ecfe4ecdc34056ab52fe3e3c4abf9e,accessible_transport-incomplete-3,accessible_transport-incomplete-3--record_first,accessible_transport,record_first,incomplete,NEED_INFORMATION,evidence_checklist,recovered,ELIGIBLE,129,20,0,0,0,1,0,1,0,0,0,0,0,,,,
Gemma-3-4B,mlx-community/gemma-3-text-4b-it-4bit,4f665a4c50ecfe4ecdc34056ab52fe3e3c4abf9e,accessible_transport-incomplete-3,accessible_transport-incomplete-3--record_first,accessible_transport,record_first,incomplete,NEED_INFORMATION,commit_then_review,recovered,ELIGIBLE,156,23,0,0,0,1,0,1,0,0,0,0,0,0,0,0,0
Gemma-3-4B,mlx-community/gemma-3-text-4b-it-4bit,4f665a4c50ecfe4ecdc34056ab52fe3e3c4abf9e,accessible_transport-conflict-1,accessible_transport-conflict-1--policy_first,accessible_transport,policy_first,conflict,HUMAN_REVIEW,independent_review,recovered,ELIGIBLE,130,19,0,0,0,0,0,1,0,0,0,0,0,,,,
Gemma-3-4B,mlx-community/gemma-3-text-4b-it-4bit,4f665a4c50ecfe4ecdc34056ab52fe3e3c4abf9e,accessible_transport-conflict-1,accessible_transport-conflict-1--policy_first,accessible_transport,policy_first,conflict,HUMAN_REVIEW,prior_rationale,recovered,ELIGIBLE,146,22,0,0,0,0,0,1,0,0,0,0,0,,,,
Gemma-3-4B,mlx-community/gemma-3-text-4b-it-4bit,4f665a4c50ecfe4ecdc34056ab52fe3e3c4abf9e,accessible_transport-conflict-1,accessible_transport-conflict-1--policy_first,accessible_transport,policy_first,conflict,HUMAN_REVIEW,evidence_checklist,recovered,ELIGIBLE,144,22,0,0,0,0,0,1,0,0,0,0,0,,,,
Gemma-3-4B,mlx-community/gemma-3-text-4b-it-4bit,4f665a4c50ecfe4ecdc34056ab52fe3e3c4abf9e,accessible_transport-conflict-1,accessible_transport-conflict-1--policy_first,accessible_transport,policy_first,conflict,HUMAN_REVIEW,commit_then_review,recovered,ELIGIBLE,146,22,0,0,0,0,0,1,0,0,0,0,0,0,0,0,0
Gemma-3-4B,mlx-community/gemma-3-text-4b-it-4bit,4f665a4c50ecfe4ecdc34056ab52fe3e3c4abf9e,accessible_transport-conflict-1,accessible_transport-conflict-1--record_first,accessible_transport,record_first,conflict,HUMAN_REVIEW,independent_review,recovered,ELIGIBLE,153,23,0,0,0,0,0,1,0,0,0,0,0,,,,
Gemma-3-4B,mlx-community/gemma-3-text-4b-it-4bit,4f665a4c50ecfe4ecdc34056ab52fe3e3c4abf9e,accessible_transport-conflict-1,accessible_transport-conflict-1--record_first,accessible_transport,record_first,conflict,HUMAN_REVIEW,prior_rationale,recovered,ELIGIBLE,158,24,0,0,0,0,0,1,0,0,0,0,0,,,,
Gemma-3-4B,mlx-community/gemma-3-text-4b-it-4bit,4f665a4c50ecfe4ecdc34056ab52fe3e3c4abf9e,accessible_transport-conflict-1,accessible_transport-conflict-1--record_first,accessible_transport,record_first,conflict,HUMAN_REVIEW,evidence_checklist,recovered,ELIGIBLE,158,24,0,0,0,0,0,1,0,0,0,0,0,,,,
Gemma-3-4B,mlx-community/gemma-3-text-4b-it-4bit,4f665a4c50ecfe4ecdc34056ab52fe3e3c4abf9e,accessible_transport-conflict-1,accessible_transport-conflict-1--record_first,accessible_transport,record_first,conflict,HUMAN_REVIEW,commit_then_review,recovered,ELIGIBLE,153,23,0,0,0,0,0,1,0,0,0,0,0,0,0,0,0
Gemma-3-4B,mlx-community/gemma-3-text-4b-it-4bit,4f665a4c50ecfe4ecdc34056ab52fe3e3c4abf9e,accessible_transport-conflict-2,accessible_transport-conflict-2--policy_first,accessible_transport,policy_first,conflict,HUMAN_REVIEW,independent_review,recovered,ELIGIBLE,146,22,0,0,0,0,0,1,0,0,0,0,0,,,,
Gemma-3-4B,mlx-community/gemma-3-text-4b-it-4bit,4f665a4c50ecfe4ecdc34056ab52fe3e3c4abf9e,accessible_transport-conflict-2,accessible_transport-conflict-2--policy_first,accessible_transport,policy_first,conflict,HUMAN_REVIEW,prior_rationale,recovered,ELIGIBLE,151,23,0,0,0,0,0,1,0,0,0,0,0,,,,
Gemma-3-4B,mlx-community/gemma-3-text-4b-it-4bit,4f665a4c50ecfe4ecdc34056ab52fe3e3c4abf9e,accessible_transport-conflict-2,accessible_transport-conflict-2--policy_first,accessible_transport,policy_first,conflict,HUMAN_REVIEW,evidence_checklist,recovered,ELIGIBLE,139,21,0,0,0,0,0,1,0,0,0,0,0,,,,
Gemma-3-4B,mlx-community/gemma-3-text-4b-it-4bit,4f665a4c50ecfe4ecdc34056ab52fe3e3c4abf9e,accessible_transport-conflict-2,accessible_transport-conflict-2--policy_first,accessible_transport,policy_first,conflict,HUMAN_REVIEW,commit_then_review,recovered,ELIGIBLE,151,23,0,0,0,0,0,1,0,0,0,0,0,0,0,0,0
Gemma-3-4B,mlx-community/gemma-3-text-4b-it-4bit,4f665a4c50ecfe4ecdc34056ab52fe3e3c4abf9e,accessible_transport-conflict-2,accessible_transport-conflict-2--record_first,accessible_transport,record_first,conflict,HUMAN_REVIEW,independent_review,recovered,ELIGIBLE,167,26,0,0,0,0,0,1,0,0,0,0,0,,,,
Gemma-3-4B,mlx-community/gemma-3-text-4b-it-4bit,4f665a4c50ecfe4ecdc34056ab52fe3e3c4abf9e,accessible_transport-conflict-2,accessible_transport-conflict-2--record_first,accessible_transport,record_first,conflict,HUMAN_REVIEW,prior_rationale,recovered,ELIGIBLE,158,24,0,0,0,0,0,1,0,0,0,0,0,,,,
Gemma-3-4B,mlx-community/gemma-3-text-4b-it-4bit,4f665a4c50ecfe4ecdc34056ab52fe3e3c4abf9e,accessible_transport-conflict-2,accessible_transport-conflict-2--record_first,accessible_transport,record_first,conflict,HUMAN_REVIEW,evidence_checklist,recovered,ELIGIBLE,158,24,0,0,0,0,0,1,0,0,0,0,0,,,,
Gemma-3-4B,mlx-community/gemma-3-text-4b-it-4bit,4f665a4c50ecfe4ecdc34056ab52fe3e3c4abf9e,accessible_transport-conflict-2,accessible_transport-conflict-2--record_first,accessible_transport,record_first,conflict,HUMAN_REVIEW,commit_then_review,recovered,ELIGIBLE,167,26,0,0,0,0,0,1,0,0,0,0,0,0,0,0,0
Gemma-3-4B,mlx-community/gemma-3-text-4b-it-4bit,4f665a4c50ecfe4ecdc34056ab52fe3e3c4abf9e,accessible_transport-conflict-3,accessible_transport-conflict-3--policy_first,accessible_transport,policy_first,conflict,HUMAN_REVIEW,independent_review,recovered,ELIGIBLE,130,19,0,0,0,0,0,1,0,0,0,0,0,,,,
Gemma-3-4B,mlx-community/gemma-3-text-4b-it-4bit,4f665a4c50ecfe4ecdc34056ab52fe3e3c4abf9e,accessible_transport-conflict-3,accessible_transport-conflict-3--policy_first,accessible_transport,policy_first,conflict,HUMAN_REVIEW,prior_rationale,recovered,ELIGIBLE,151,23,0,0,0,0,0,1,0,0,0,0,0,,,,
Gemma-3-4B,mlx-community/gemma-3-text-4b-it-4bit,4f665a4c50ecfe4ecdc34056ab52fe3e3c4abf9e,accessible_transport-conflict-3,accessible_transport-conflict-3--policy_first,accessible_transport,policy_first,conflict,HUMAN_REVIEW,evidence_checklist,recovered,ELIGIBLE,144,22,0,0,0,0,0,1,0,0,0,0,0,,,,
Gemma-3-4B,mlx-community/gemma-3-text-4b-it-4bit,4f665a4c50ecfe4ecdc34056ab52fe3e3c4abf9e,accessible_transport-conflict-3,accessible_transport-conflict-3--policy_first,accessible_transport,policy_first,conflict,HUMAN_REVIEW,commit_then_review,recovered,ELIGIBLE,151,23,0,0,0,0,0,1,0,0,0,0,0,0,0,0,0
Gemma-3-4B,mlx-community/gemma-3-text-4b-it-4bit,4f665a4c50ecfe4ecdc34056ab52fe3e3c4abf9e,accessible_transport-conflict-3,accessible_transport-conflict-3--record_first,accessible_transport,record_first,conflict,HUMAN_REVIEW,independent_review,recovered,ELIGIBLE,167,26,0,0,0,0,0,1,0,0,0,0,0,,,,
Gemma-3-4B,mlx-community/gemma-3-text-4b-it-4bit,4f665a4c50ecfe4ecdc34056ab52fe3e3c4abf9e,accessible_transport-conflict-3,accessible_transport-conflict-3--record_first,accessible_transport,record_first,conflict,HUMAN_REVIEW,prior_rationale,recovered,ELIGIBLE,158,24,0,0,0,0,0,1,0,0,0,0,0,,,,
Gemma-3-4B,mlx-community/gemma-3-text-4b-it-4bit,4f665a4c50ecfe4ecdc34056ab52fe3e3c4abf9e,accessible_transport-conflict-3,accessible_transport-conflict-3--record_first,accessible_transport,record_first,conflict,HUMAN_REVIEW,evidence_checklist,recovered,ELIGIBLE,160,25,0,0,0,0,0,1,0,0,0,0,0,,,,
Gemma-3-4B,mlx-community/gemma-3-text-4b-it-4bit,4f665a4c50ecfe4ecdc34056ab52fe3e3c4abf9e,accessible_transport-conflict-3,accessible_transport-conflict-3--record_first,accessible_transport,record_first,conflict,HUMAN_REVIEW,commit_then_review,recovered,ELIGIBLE,167,26,0,0,0,0,0,1,0,0,0,0,0,0,0,0,0
Gemma-3-4B,mlx-community/gemma-3-text-4b-it-4bit,4f665a4c50ecfe4ecdc34056ab52fe3e3c4abf9e,document_support-valid-1,document_support-valid-1--policy_first,document_support,policy_first,valid,ELIGIBLE,independent_review,recovered,ELIGIBLE,130,21,0,1,1,1,1,1,0,0,0,0,0,,,,
Gemma-3-4B,mlx-community/gemma-3-text-4b-it-4bit,4f665a4c50ecfe4ecdc34056ab52fe3e3c4abf9e,document_support-valid-1,document_support-valid-1--policy_first,document_support,policy_first,valid,ELIGIBLE,prior_rationale,recovered,ELIGIBLE,155,24,0,1,1,1,1,1,0,0,0,0,0,,,,
Gemma-3-4B,mlx-community/gemma-3-text-4b-it-4bit,4f665a4c50ecfe4ecdc34056ab52fe3e3c4abf9e,document_support-valid-1,document_support-valid-1--policy_first,document_support,policy_first,valid,ELIGIBLE,evidence_checklist,recovered,ELIGIBLE,167,26,0,1,1,1,1,1,0,0,0,0,0,,,,
Gemma-3-4B,mlx-community/gemma-3-text-4b-it-4bit,4f665a4c50ecfe4ecdc34056ab52fe3e3c4abf9e,document_support-valid-1,document_support-valid-1--policy_first,document_support,policy_first,valid,ELIGIBLE,commit_then_review,recovered,ELIGIBLE,130,21,0,1,1,1,1,1,0,0,0,0,0,0,0,0,1
Gemma-3-4B,mlx-community/gemma-3-text-4b-it-4bit,4f665a4c50ecfe4ecdc34056ab52fe3e3c4abf9e,document_support-valid-1,document_support-valid-1--record_first,document_support,record_first,valid,ELIGIBLE,independent_review,recovered,ELIGIBLE,162,25,0,1,1,1,1,1,0,0,0,0,0,,,,
Gemma-3-4B,mlx-community/gemma-3-text-4b-it-4bit,4f665a4c50ecfe4ecdc34056ab52fe3e3c4abf9e,document_support-valid-1,document_support-valid-1--record_first,document_support,record_first,valid,ELIGIBLE,prior_rationale,recovered,ELIGIBLE,162,25,0,1,1,1,1,1,0,0,0,0,0,,,,
Gemma-3-4B,mlx-community/gemma-3-text-4b-it-4bit,4f665a4c50ecfe4ecdc34056ab52fe3e3c4abf9e,document_support-valid-1,document_support-valid-1--record_first,document_support,record_first,valid,ELIGIBLE,evidence_checklist,recovered,ELIGIBLE,162,25,0,1,1,1,1,1,0,0,0,0,0,,,,
Gemma-3-4B,mlx-community/gemma-3-text-4b-it-4bit,4f665a4c50ecfe4ecdc34056ab52fe3e3c4abf9e,document_support-valid-1,document_support-valid-1--record_first,document_support,record_first,valid,ELIGIBLE,commit_then_review,recovered,ELIGIBLE,162,25,0,1,1,1,1,1,0,0,0,0,0,0,0,0,1
Gemma-3-4B,mlx-community/gemma-3-text-4b-it-4bit,4f665a4c50ecfe4ecdc34056ab52fe3e3c4abf9e,document_support-valid-2,document_support-valid-2--policy_first,document_support,policy_first,valid,ELIGIBLE,independent_review,recovered,ELIGIBLE,130,21,0,1,1,1,1,1,0,0,0,0,0,,,,
Gemma-3-4B,mlx-community/gemma-3-text-4b-it-4bit,4f665a4c50ecfe4ecdc34056ab52fe3e3c4abf9e,document_support-valid-2,document_support-valid-2--policy_first,document_support,policy_first,valid,ELIGIBLE,prior_rationale,recovered,ELIGIBLE,148,24,0,1,1,1,1,1,0,0,0,0,0,,,,
Gemma-3-4B,mlx-community/gemma-3-text-4b-it-4bit,4f665a4c50ecfe4ecdc34056ab52fe3e3c4abf9e,document_support-valid-2,document_support-valid-2--policy_first,document_support,policy_first,valid,ELIGIBLE,evidence_checklist,recovered,ELIGIBLE,160,25,0,1,1,1,1,1,0,0,0,0,0,,,,
Gemma-3-4B,mlx-community/gemma-3-text-4b-it-4bit,4f665a4c50ecfe4ecdc34056ab52fe3e3c4abf9e,document_support-valid-2,document_support-valid-2--policy_first,document_support,policy_first,valid,ELIGIBLE,commit_then_review,recovered,ELIGIBLE,130,21,0,1,1,1,1,1,0,0,0,0,0,0,0,0,1
Gemma-3-4B,mlx-community/gemma-3-text-4b-it-4bit,4f665a4c50ecfe4ecdc34056ab52fe3e3c4abf9e,document_support-valid-2,document_support-valid-2--record_first,document_support,record_first,valid,ELIGIBLE,independent_review,recovered,ELIGIBLE,162,25,0,1,1,1,1,1,0,0,0,0,0,,,,
Gemma-3-4B,mlx-community/gemma-3-text-4b-it-4bit,4f665a4c50ecfe4ecdc34056ab52fe3e3c4abf9e,document_support-valid-2,document_support-valid-2--record_first,document_support,record_first,valid,ELIGIBLE,prior_rationale,recovered,ELIGIBLE,162,25,0,1,1,1,1,1,0,0,0,0,0,,,,
Gemma-3-4B,mlx-community/gemma-3-text-4b-it-4bit,4f665a4c50ecfe4ecdc34056ab52fe3e3c4abf9e,document_support-valid-2,document_support-valid-2--record_first,document_support,record_first,valid,ELIGIBLE,evidence_checklist,recovered,ELIGIBLE,162,25,0,1,1,1,1,1,0,0,0,0,0,,,,
Gemma-3-4B,mlx-community/gemma-3-text-4b-it-4bit,4f665a4c50ecfe4ecdc34056ab52fe3e3c4abf9e,document_support-valid-2,document_support-valid-2--record_first,document_support,record_first,valid,ELIGIBLE,commit_then_review,recovered,ELIGIBLE,162,25,0,1,1,1,1,1,0,0,0,0,0,0,0,0,1
Gemma-3-4B,mlx-community/gemma-3-text-4b-it-4bit,4f665a4c50ecfe4ecdc34056ab52fe3e3c4abf9e,document_support-valid-3,document_support-valid-3--policy_first,document_support,policy_first,valid,ELIGIBLE,independent_review,recovered,ELIGIBLE,130,21,0,1,1,1,1,1,0,0,0,0,0,,,,
Gemma-3-4B,mlx-community/gemma-3-text-4b-it-4bit,4f665a4c50ecfe4ecdc34056ab52fe3e3c4abf9e,document_support-valid-3,document_support-valid-3--policy_first,document_support,policy_first,valid,ELIGIBLE,prior_rationale,recovered,ELIGIBLE,148,24,0,1,1,1,1,1,0,0,0,0,0,,,,
Gemma-3-4B,mlx-community/gemma-3-text-4b-it-4bit,4f665a4c50ecfe4ecdc34056ab52fe3e3c4abf9e,document_support-valid-3,document_support-valid-3--policy_first,document_support,policy_first,valid,ELIGIBLE,evidence_checklist,recovered,ELIGIBLE,160,25,0,1,1,1,1,1,0,0,0,0,0,,,,
Gemma-3-4B,mlx-community/gemma-3-text-4b-it-4bit,4f665a4c50ecfe4ecdc34056ab52fe3e3c4abf9e,document_support-valid-3,document_support-valid-3--policy_first,document_support,policy_first,valid,ELIGIBLE,commit_then_review,recovered,ELIGIBLE,130,21,0,1,1,1,1,1,0,0,0,0,0,0,0,0,1
Gemma-3-4B,mlx-community/gemma-3-text-4b-it-4bit,4f665a4c50ecfe4ecdc34056ab52fe3e3c4abf9e,document_support-valid-3,document_support-valid-3--record_first,document_support,record_first,valid,ELIGIBLE,independent_review,recovered,ELIGIBLE,162,25,0,1,1,1,1,1,0,0,0,0,0,,,,
Gemma-3-4B,mlx-community/gemma-3-text-4b-it-4bit,4f665a4c50ecfe4ecdc34056ab52fe3e3c4abf9e,document_support-valid-3,document_support-valid-3--record_first,document_support,record_first,valid,ELIGIBLE,prior_rationale,recovered,ELIGIBLE,162,25,0,1,1,1,1,1,0,0,0,0,0,,,,
Gemma-3-4B,mlx-community/gemma-3-text-4b-it-4bit,4f665a4c50ecfe4ecdc34056ab52fe3e3c4abf9e,document_support-valid-3,document_support-valid-3--record_first,document_support,record_first,valid,ELIGIBLE,evidence_checklist,recovered,ELIGIBLE,162,25,0,1,1,1,1,1,0,0,0,0,0,,,,
Gemma-3-4B,mlx-community/gemma-3-text-4b-it-4bit,4f665a4c50ecfe4ecdc34056ab52fe3e3c4abf9e,document_support-valid-3,document_support-valid-3--record_first,document_support,record_first,valid,ELIGIBLE,commit_then_review,recovered,ELIGIBLE,162,25,0,1,1,1,1,1,0,0,0,0,0,0,0,0,1
Gemma-3-4B,mlx-community/gemma-3-text-4b-it-4bit,4f665a4c50ecfe4ecdc34056ab52fe3e3c4abf9e,document_support-invalid-1,document_support-invalid-1--policy_first,document_support,policy_first,invalid,INELIGIBLE,independent_review,recovered,ELIGIBLE,130,21,0,0,0,1,0,1,0,0,1,0,0,,,,
Gemma-3-4B,mlx-community/gemma-3-text-4b-it-4bit,4f665a4c50ecfe4ecdc34056ab52fe3e3c4abf9e,document_support-invalid-1,document_support-invalid-1--policy_first,document_support,policy_first,invalid,INELIGIBLE,prior_rationale,recovered,ELIGIBLE,155,24,0,0,0,1,0,1,0,0,1,0,0,,,,
Gemma-3-4B,mlx-community/gemma-3-text-4b-it-4bit,4f665a4c50ecfe4ecdc34056ab52fe3e3c4abf9e,document_support-invalid-1,document_support-invalid-1--policy_first,document_support,policy_first,invalid,INELIGIBLE,evidence_checklist,recovered,ELIGIBLE,160,25,0,0,0,1,0,1,0,0,1,0,0,,,,
Gemma-3-4B,mlx-community/gemma-3-text-4b-it-4bit,4f665a4c50ecfe4ecdc34056ab52fe3e3c4abf9e,document_support-invalid-1,document_support-invalid-1--policy_first,document_support,policy_first,invalid,INELIGIBLE,commit_then_review,recovered,ELIGIBLE,134,21,0,0,0,1,0,1,0,0,1,0,0,0,0,0,0
Gemma-3-4B,mlx-community/gemma-3-text-4b-it-4bit,4f665a4c50ecfe4ecdc34056ab52fe3e3c4abf9e,document_support-invalid-1,document_support-invalid-1--record_first,document_support,record_first,invalid,INELIGIBLE,independent_review,recovered,ELIGIBLE,152,24,0,0,0,1,0,1,0,0,1,0,0,,,,
Gemma-3-4B,mlx-community/gemma-3-text-4b-it-4bit,4f665a4c50ecfe4ecdc34056ab52fe3e3c4abf9e,document_support-invalid-1,document_support-invalid-1--record_first,document_support,record_first,invalid,INELIGIBLE,prior_rationale,recovered,ELIGIBLE,143,23,0,0,0,1,0,1,0,0,1,0,0,,,,
Gemma-3-4B,mlx-community/gemma-3-text-4b-it-4bit,4f665a4c50ecfe4ecdc34056ab52fe3e3c4abf9e,document_support-invalid-1,document_support-invalid-1--record_first,document_support,record_first,invalid,INELIGIBLE,evidence_checklist,recovered,ELIGIBLE,156,24,0,0,0,1,0,1,0,0,1,0,0,,,,
Gemma-3-4B,mlx-community/gemma-3-text-4b-it-4bit,4f665a4c50ecfe4ecdc34056ab52fe3e3c4abf9e,document_support-invalid-1,document_support-invalid-1--record_first,document_support,record_first,invalid,INELIGIBLE,commit_then_review,recovered,ELIGIBLE,152,24,0,0,0,1,0,1,0,0,1,0,0,0,0,0,0
Gemma-3-4B,mlx-community/gemma-3-text-4b-it-4bit,4f665a4c50ecfe4ecdc34056ab52fe3e3c4abf9e,document_support-invalid-2,document_support-invalid-2--policy_first,document_support,policy_first,invalid,INELIGIBLE,independent_review,recovered,ELIGIBLE,134,21,0,0,0,1,0,1,0,0,1,0,0,,,,
Gemma-3-4B,mlx-community/gemma-3-text-4b-it-4bit,4f665a4c50ecfe4ecdc34056ab52fe3e3c4abf9e,document_support-invalid-2,document_support-invalid-2--policy_first,document_support,policy_first,invalid,INELIGIBLE,prior_rationale,recovered,ELIGIBLE,155,24,0,0,0,1,0,1,0,0,1,0,0,,,,
Gemma-3-4B,mlx-community/gemma-3-text-4b-it-4bit,4f665a4c50ecfe4ecdc34056ab52fe3e3c4abf9e,document_support-invalid-2,document_support-invalid-2--policy_first,document_support,policy_first,invalid,INELIGIBLE,evidence_checklist,recovered,ELIGIBLE,148,23,0,0,0,1,0,1,0,0,1,0,0,,,,
Gemma-3-4B,mlx-community/gemma-3-text-4b-it-4bit,4f665a4c50ecfe4ecdc34056ab52fe3e3c4abf9e,document_support-invalid-2,document_support-invalid-2--policy_first,document_support,policy_first,invalid,INELIGIBLE,commit_then_review,recovered,ELIGIBLE,134,21,0,0,0,1,0,1,0,0,1,0,0,0,0,0,0
Gemma-3-4B,mlx-community/gemma-3-text-4b-it-4bit,4f665a4c50ecfe4ecdc34056ab52fe3e3c4abf9e,document_support-invalid-2,document_support-invalid-2--record_first,document_support,record_first,invalid,INELIGIBLE,independent_review,recovered,ELIGIBLE,163,26,0,0,0,1,0,1,0,0,1,0,0,,,,
Gemma-3-4B,mlx-community/gemma-3-text-4b-it-4bit,4f665a4c50ecfe4ecdc34056ab52fe3e3c4abf9e,document_support-invalid-2,document_support-invalid-2--record_first,document_support,record_first,invalid,INELIGIBLE,prior_rationale,recovered,ELIGIBLE,148,24,0,0,0,1,0,1,0,0,1,0,0,,,,
Gemma-3-4B,mlx-community/gemma-3-text-4b-it-4bit,4f665a4c50ecfe4ecdc34056ab52fe3e3c4abf9e,document_support-invalid-2,document_support-invalid-2--record_first,document_support,record_first,invalid,INELIGIBLE,evidence_checklist,recovered,ELIGIBLE,155,24,0,0,0,1,0,1,0,0,1,0,0,,,,
Gemma-3-4B,mlx-community/gemma-3-text-4b-it-4bit,4f665a4c50ecfe4ecdc34056ab52fe3e3c4abf9e,document_support-invalid-2,document_support-invalid-2--record_first,document_support,record_first,invalid,INELIGIBLE,commit_then_review,recovered,ELIGIBLE,139,22,0,0,0,1,0,1,0,0,1,0,0,0,0,0,0
Gemma-3-4B,mlx-community/gemma-3-text-4b-it-4bit,4f665a4c50ecfe4ecdc34056ab52fe3e3c4abf9e,document_support-invalid-3,document_support-invalid-3--policy_first,document_support,policy_first,invalid,INELIGIBLE,independent_review,recovered,ELIGIBLE,130,21,0,0,0,1,0,1,0,0,1,0,0,,,,
Gemma-3-4B,mlx-community/gemma-3-text-4b-it-4bit,4f665a4c50ecfe4ecdc34056ab52fe3e3c4abf9e,document_support-invalid-3,document_support-invalid-3--policy_first,document_support,policy_first,invalid,INELIGIBLE,prior_rationale,recovered,ELIGIBLE,148,24,0,0,0,1,0,1,0,0,1,0,0,,,,
Gemma-3-4B,mlx-community/gemma-3-text-4b-it-4bit,4f665a4c50ecfe4ecdc34056ab52fe3e3c4abf9e,document_support-invalid-3,document_support-invalid-3--policy_first,document_support,policy_first,invalid,INELIGIBLE,evidence_checklist,recovered,ELIGIBLE,160,25,0,0,0,1,0,1,0,0,1,0,0,,,,
Gemma-3-4B,mlx-community/gemma-3-text-4b-it-4bit,4f665a4c50ecfe4ecdc34056ab52fe3e3c4abf9e,document_support-invalid-3,document_support-invalid-3--policy_first,document_support,policy_first,invalid,INELIGIBLE,commit_then_review,recovered,ELIGIBLE,130,21,0,0,0,1,0,1,0,0,1,0,0,0,0,0,0
Gemma-3-4B,mlx-community/gemma-3-text-4b-it-4bit,4f665a4c50ecfe4ecdc34056ab52fe3e3c4abf9e,document_support-invalid-3,document_support-invalid-3--record_first,document_support,record_first,invalid,INELIGIBLE,independent_review,recovered,ELIGIBLE,143,23,0,0,0,1,0,1,0,0,1,0,0,,,,
Gemma-3-4B,mlx-community/gemma-3-text-4b-it-4bit,4f665a4c50ecfe4ecdc34056ab52fe3e3c4abf9e,document_support-invalid-3,document_support-invalid-3--record_first,document_support,record_first,invalid,INELIGIBLE,prior_rationale,recovered,ELIGIBLE,136,22,0,0,0,1,0,1,0,0,1,0,0,,,,
Gemma-3-4B,mlx-community/gemma-3-text-4b-it-4bit,4f665a4c50ecfe4ecdc34056ab52fe3e3c4abf9e,document_support-invalid-3,document_support-invalid-3--record_first,document_support,record_first,invalid,INELIGIBLE,evidence_checklist,recovered,ELIGIBLE,155,24,0,0,0,1,0,1,0,0,1,0,0,,,,
Gemma-3-4B,mlx-community/gemma-3-text-4b-it-4bit,4f665a4c50ecfe4ecdc34056ab52fe3e3c4abf9e,document_support-invalid-3,document_support-invalid-3--record_first,document_support,record_first,invalid,INELIGIBLE,commit_then_review,recovered,ELIGIBLE,139,22,0,0,0,1,0,1,0,0,1,0,0,0,0,0,0
Gemma-3-4B,mlx-community/gemma-3-text-4b-it-4bit,4f665a4c50ecfe4ecdc34056ab52fe3e3c4abf9e,document_support-incomplete-1,document_support-incomplete-1--policy_first,document_support,policy_first,incomplete,NEED_INFORMATION,independent_review,recovered,ELIGIBLE,130,21,0,0,0,1,0,1,0,0,0,0,0,,,,
Gemma-3-4B,mlx-community/gemma-3-text-4b-it-4bit,4f665a4c50ecfe4ecdc34056ab52fe3e3c4abf9e,document_support-incomplete-1,document_support-incomplete-1--policy_first,document_support,policy_first,incomplete,NEED_INFORMATION,prior_rationale,recovered,ELIGIBLE,133,21,0,0,0,1,0,1,0,0,0,0,0,,,,
Gemma-3-4B,mlx-community/gemma-3-text-4b-it-4bit,4f665a4c50ecfe4ecdc34056ab52fe3e3c4abf9e,document_support-incomplete-1,document_support-incomplete-1--policy_first,document_support,policy_first,incomplete,NEED_INFORMATION,evidence_checklist,recovered,NEED_INFORMATION,150,20,0,1,1,1,1,1,0,0,0,1,0,,,,
Gemma-3-4B,mlx-community/gemma-3-text-4b-it-4bit,4f665a4c50ecfe4ecdc34056ab52fe3e3c4abf9e,document_support-incomplete-1,document_support-incomplete-1--policy_first,document_support,policy_first,incomplete,NEED_INFORMATION,commit_then_review,recovered,ELIGIBLE,130,21,0,0,0,1,0,1,0,0,0,0,0,0,0,0,0
Gemma-3-4B,mlx-community/gemma-3-text-4b-it-4bit,4f665a4c50ecfe4ecdc34056ab52fe3e3c4abf9e,document_support-incomplete-1,document_support-incomplete-1--record_first,document_support,record_first,incomplete,NEED_INFORMATION,independent_review,recovered,ELIGIBLE,118,18,0,0,0,1,0,1,0,0,0,0,0,,,,
Gemma-3-4B,mlx-community/gemma-3-text-4b-it-4bit,4f665a4c50ecfe4ecdc34056ab52fe3e3c4abf9e,document_support-incomplete-1,document_support-incomplete-1--record_first,document_support,record_first,incomplete,NEED_INFORMATION,prior_rationale,recovered,ELIGIBLE,138,22,0,0,0,1,0,1,0,0,0,0,0,,,,
Gemma-3-4B,mlx-community/gemma-3-text-4b-it-4bit,4f665a4c50ecfe4ecdc34056ab52fe3e3c4abf9e,document_support-incomplete-1,document_support-incomplete-1--record_first,document_support,record_first,incomplete,NEED_INFORMATION,evidence_checklist,recovered,ELIGIBLE,136,22,0,0,0,1,0,1,0,0,0,0,0,,,,
Gemma-3-4B,mlx-community/gemma-3-text-4b-it-4bit,4f665a4c50ecfe4ecdc34056ab52fe3e3c4abf9e,document_support-incomplete-1,document_support-incomplete-1--record_first,document_support,record_first,incomplete,NEED_INFORMATION,commit_then_review,recovered,ELIGIBLE,133,21,0,0,0,1,0,1,0,0,0,0,0,0,0,0,0
Gemma-3-4B,mlx-community/gemma-3-text-4b-it-4bit,4f665a4c50ecfe4ecdc34056ab52fe3e3c4abf9e,document_support-incomplete-2,document_support-incomplete-2--policy_first,document_support,policy_first,incomplete,NEED_INFORMATION,independent_review,recovered,ELIGIBLE,130,21,0,0,0,1,0,1,0,0,0,0,0,,,,
Gemma-3-4B,mlx-community/gemma-3-text-4b-it-4bit,4f665a4c50ecfe4ecdc34056ab52fe3e3c4abf9e,document_support-incomplete-2,document_support-incomplete-2--policy_first,document_support,policy_first,incomplete,NEED_INFORMATION,prior_rationale,recovered,ELIGIBLE,123,20,0,0,0,1,0,1,0,0,0,0,0,,,,
Gemma-3-4B,mlx-community/gemma-3-text-4b-it-4bit,4f665a4c50ecfe4ecdc34056ab52fe3e3c4abf9e,document_support-incomplete-2,document_support-incomplete-2--policy_first,document_support,policy_first,incomplete,NEED_INFORMATION,evidence_checklist,recovered,NEED_INFORMATION,159,21,0,1,1,1,1,1,0,0,0,1,0,,,,
Gemma-3-4B,mlx-community/gemma-3-text-4b-it-4bit,4f665a4c50ecfe4ecdc34056ab52fe3e3c4abf9e,document_support-incomplete-2,document_support-incomplete-2--policy_first,document_support,policy_first,incomplete,NEED_INFORMATION,commit_then_review,recovered,ELIGIBLE,130,21,0,0,0,1,0,1,0,0,0,0,0,0,0,0,0
Gemma-3-4B,mlx-community/gemma-3-text-4b-it-4bit,4f665a4c50ecfe4ecdc34056ab52fe3e3c4abf9e,document_support-incomplete-2,document_support-incomplete-2--record_first,document_support,record_first,incomplete,NEED_INFORMATION,independent_review,recovered,ELIGIBLE,133,21,0,0,0,1,0,1,0,0,0,0,0,,,,
Gemma-3-4B,mlx-community/gemma-3-text-4b-it-4bit,4f665a4c50ecfe4ecdc34056ab52fe3e3c4abf9e,document_support-incomplete-2,document_support-incomplete-2--record_first,document_support,record_first,incomplete,NEED_INFORMATION,prior_rationale,recovered,ELIGIBLE,143,23,0,0,0,1,0,1,0,0,0,0,0,,,,
Gemma-3-4B,mlx-community/gemma-3-text-4b-it-4bit,4f665a4c50ecfe4ecdc34056ab52fe3e3c4abf9e,document_support-incomplete-2,document_support-incomplete-2--record_first,document_support,record_first,incomplete,NEED_INFORMATION,evidence_checklist,recovered,ELIGIBLE,136,22,0,0,0,1,0,1,0,0,0,0,0,,,,
Gemma-3-4B,mlx-community/gemma-3-text-4b-it-4bit,4f665a4c50ecfe4ecdc34056ab52fe3e3c4abf9e,document_support-incomplete-2,document_support-incomplete-2--record_first,document_support,record_first,incomplete,NEED_INFORMATION,commit_then_review,recovered,ELIGIBLE,133,21,0,0,0,1,0,1,0,0,0,0,0,0,0,0,0
Gemma-3-4B,mlx-community/gemma-3-text-4b-it-4bit,4f665a4c50ecfe4ecdc34056ab52fe3e3c4abf9e,document_support-incomplete-3,document_support-incomplete-3--policy_first,document_support,policy_first,incomplete,NEED_INFORMATION,independent_review,recovered,ELIGIBLE,133,21,0,0,0,1,0,1,0,0,0,0,0,,,,
Gemma-3-4B,mlx-community/gemma-3-text-4b-it-4bit,4f665a4c50ecfe4ecdc34056ab52fe3e3c4abf9e,document_support-incomplete-3,document_support-incomplete-3--policy_first,document_support,policy_first,incomplete,NEED_INFORMATION,prior_rationale,recovered,ELIGIBLE,130,21,0,0,0,1,0,1,0,0,0,0,0,,,,
Gemma-3-4B,mlx-community/gemma-3-text-4b-it-4bit,4f665a4c50ecfe4ecdc34056ab52fe3e3c4abf9e,document_support-incomplete-3,document_support-incomplete-3--policy_first,document_support,policy_first,incomplete,NEED_INFORMATION,evidence_checklist,recovered,NEED_INFORMATION,159,21,0,1,1,1,1,1,0,0,0,1,0,,,,
Gemma-3-4B,mlx-community/gemma-3-text-4b-it-4bit,4f665a4c50ecfe4ecdc34056ab52fe3e3c4abf9e,document_support-incomplete-3,document_support-incomplete-3--policy_first,document_support,policy_first,incomplete,NEED_INFORMATION,commit_then_review,recovered,ELIGIBLE,130,21,0,0,0,1,0,1,0,0,0,0,0,0,0,0,0
Gemma-3-4B,mlx-community/gemma-3-text-4b-it-4bit,4f665a4c50ecfe4ecdc34056ab52fe3e3c4abf9e,document_support-incomplete-3,document_support-incomplete-3--record_first,document_support,record_first,incomplete,NEED_INFORMATION,independent_review,recovered,ELIGIBLE,118,18,0,0,0,1,0,1,0,0,0,0,0,,,,
Gemma-3-4B,mlx-community/gemma-3-text-4b-it-4bit,4f665a4c50ecfe4ecdc34056ab52fe3e3c4abf9e,document_support-incomplete-3,document_support-incomplete-3--record_first,document_support,record_first,incomplete,NEED_INFORMATION,prior_rationale,recovered,ELIGIBLE,143,23,0,0,0,1,0,1,0,0,0,0,0,,,,
Gemma-3-4B,mlx-community/gemma-3-text-4b-it-4bit,4f665a4c50ecfe4ecdc34056ab52fe3e3c4abf9e,document_support-incomplete-3,document_support-incomplete-3--record_first,document_support,record_first,incomplete,NEED_INFORMATION,evidence_checklist,recovered,ELIGIBLE,136,22,0,0,0,1,0,1,0,0,0,0,0,,,,
Gemma-3-4B,mlx-community/gemma-3-text-4b-it-4bit,4f665a4c50ecfe4ecdc34056ab52fe3e3c4abf9e,document_support-incomplete-3,document_support-incomplete-3--record_first,document_support,record_first,incomplete,NEED_INFORMATION,commit_then_review,recovered,ELIGIBLE,133,21,0,0,0,1,0,1,0,0,0,0,0,0,0,0,0
Gemma-3-4B,mlx-community/gemma-3-text-4b-it-4bit,4f665a4c50ecfe4ecdc34056ab52fe3e3c4abf9e,document_support-conflict-1,document_support-conflict-1--policy_first,document_support,policy_first,conflict,HUMAN_REVIEW,independent_review,recovered,ELIGIBLE,148,24,0,0,0,0,0,1,0,0,0,0,0,,,,
Gemma-3-4B,mlx-community/gemma-3-text-4b-it-4bit,4f665a4c50ecfe4ecdc34056ab52fe3e3c4abf9e,document_support-conflict-1,document_support-conflict-1--policy_first,document_support,policy_first,conflict,HUMAN_REVIEW,prior_rationale,recovered,ELIGIBLE,202,31,0,0,0,0,0,1,0,0,0,0,0,,,,
Gemma-3-4B,mlx-community/gemma-3-text-4b-it-4bit,4f665a4c50ecfe4ecdc34056ab52fe3e3c4abf9e,document_support-conflict-1,document_support-conflict-1--policy_first,document_support,policy_first,conflict,HUMAN_REVIEW,evidence_checklist,recovered,ELIGIBLE,160,25,0,0,0,0,0,1,0,0,0,0,0,,,,
Gemma-3-4B,mlx-community/gemma-3-text-4b-it-4bit,4f665a4c50ecfe4ecdc34056ab52fe3e3c4abf9e,document_support-conflict-1,document_support-conflict-1--policy_first,document_support,policy_first,conflict,HUMAN_REVIEW,commit_then_review,recovered,ELIGIBLE,148,24,0,0,0,0,0,1,0,0,0,0,0,0,0,0,0
Gemma-3-4B,mlx-community/gemma-3-text-4b-it-4bit,4f665a4c50ecfe4ecdc34056ab52fe3e3c4abf9e,document_support-conflict-1,document_support-conflict-1--record_first,document_support,record_first,conflict,HUMAN_REVIEW,independent_review,recovered,ELIGIBLE,188,28,0,0,0,0,0,1,0,0,0,0,0,,,,
Gemma-3-4B,mlx-community/gemma-3-text-4b-it-4bit,4f665a4c50ecfe4ecdc34056ab52fe3e3c4abf9e,document_support-conflict-1,document_support-conflict-1--record_first,document_support,record_first,conflict,HUMAN_REVIEW,prior_rationale,recovered,ELIGIBLE,148,24,0,0,0,0,0,1,0,0,0,0,0,,,,
Gemma-3-4B,mlx-community/gemma-3-text-4b-it-4bit,4f665a4c50ecfe4ecdc34056ab52fe3e3c4abf9e,document_support-conflict-1,document_support-conflict-1--record_first,document_support,record_first,conflict,HUMAN_REVIEW,evidence_checklist,recovered,ELIGIBLE,167,26,0,0,0,0,0,1,0,0,0,0,0,,,,
Gemma-3-4B,mlx-community/gemma-3-text-4b-it-4bit,4f665a4c50ecfe4ecdc34056ab52fe3e3c4abf9e,document_support-conflict-1,document_support-conflict-1--record_first,document_support,record_first,conflict,HUMAN_REVIEW,commit_then_review,recovered,ELIGIBLE,188,28,0,0,0,0,0,1,0,0,0,0,0,0,0,0,0
Gemma-3-4B,mlx-community/gemma-3-text-4b-it-4bit,4f665a4c50ecfe4ecdc34056ab52fe3e3c4abf9e,document_support-conflict-2,document_support-conflict-2--policy_first,document_support,policy_first,conflict,HUMAN_REVIEW,independent_review,recovered,ELIGIBLE,148,24,0,0,0,0,0,1,0,0,0,0,0,,,,
Gemma-3-4B,mlx-community/gemma-3-text-4b-it-4bit,4f665a4c50ecfe4ecdc34056ab52fe3e3c4abf9e,document_support-conflict-2,document_support-conflict-2--policy_first,document_support,policy_first,conflict,HUMAN_REVIEW,prior_rationale,recovered,ELIGIBLE,202,31,0,0,0,0,0,1,0,0,0,0,0,,,,
Gemma-3-4B,mlx-community/gemma-3-text-4b-it-4bit,4f665a4c50ecfe4ecdc34056ab52fe3e3c4abf9e,document_support-conflict-2,document_support-conflict-2--policy_first,document_support,policy_first,conflict,HUMAN_REVIEW,evidence_checklist,recovered,ELIGIBLE,160,25,0,0,0,0,0,1,0,0,0,0,0,,,,
Gemma-3-4B,mlx-community/gemma-3-text-4b-it-4bit,4f665a4c50ecfe4ecdc34056ab52fe3e3c4abf9e,document_support-conflict-2,document_support-conflict-2--policy_first,document_support,policy_first,conflict,HUMAN_REVIEW,commit_then_review,recovered,ELIGIBLE,148,24,0,0,0,0,0,1,0,0,0,0,0,0,0,0,0
Gemma-3-4B,mlx-community/gemma-3-text-4b-it-4bit,4f665a4c50ecfe4ecdc34056ab52fe3e3c4abf9e,document_support-conflict-2,document_support-conflict-2--record_first,document_support,record_first,conflict,HUMAN_REVIEW,independent_review,recovered,ELIGIBLE,171,27,0,0,0,0,0,1,0,0,0,0,0,,,,
Gemma-3-4B,mlx-community/gemma-3-text-4b-it-4bit,4f665a4c50ecfe4ecdc34056ab52fe3e3c4abf9e,document_support-conflict-2,document_support-conflict-2--record_first,document_support,record_first,conflict,HUMAN_REVIEW,prior_rationale,recovered,ELIGIBLE,148,24,0,0,0,0,0,1,0,0,0,0,0,,,,
Gemma-3-4B,mlx-community/gemma-3-text-4b-it-4bit,4f665a4c50ecfe4ecdc34056ab52fe3e3c4abf9e,document_support-conflict-2,document_support-conflict-2--record_first,document_support,record_first,conflict,HUMAN_REVIEW,evidence_checklist,recovered,ELIGIBLE,167,26,0,0,0,0,0,1,0,0,0,0,0,,,,
Gemma-3-4B,mlx-community/gemma-3-text-4b-it-4bit,4f665a4c50ecfe4ecdc34056ab52fe3e3c4abf9e,document_support-conflict-2,document_support-conflict-2--record_first,document_support,record_first,conflict,HUMAN_REVIEW,commit_then_review,recovered,ELIGIBLE,171,27,0,0,0,0,0,1,0,0,0,0,0,0,0,0,0
Gemma-3-4B,mlx-community/gemma-3-text-4b-it-4bit,4f665a4c50ecfe4ecdc34056ab52fe3e3c4abf9e,document_support-conflict-3,document_support-conflict-3--policy_first,document_support,policy_first,conflict,HUMAN_REVIEW,independent_review,recovered,ELIGIBLE,148,24,0,0,0,0,0,1,0,0,0,0,0,,,,
Gemma-3-4B,mlx-community/gemma-3-text-4b-it-4bit,4f665a4c50ecfe4ecdc34056ab52fe3e3c4abf9e,document_support-conflict-3,document_support-conflict-3--policy_first,document_support,policy_first,conflict,HUMAN_REVIEW,prior_rationale,recovered,ELIGIBLE,202,31,0,0,0,0,0,1,0,0,0,0,0,,,,
Gemma-3-4B,mlx-community/gemma-3-text-4b-it-4bit,4f665a4c50ecfe4ecdc34056ab52fe3e3c4abf9e,document_support-conflict-3,document_support-conflict-3--policy_first,document_support,policy_first,conflict,HUMAN_REVIEW,evidence_checklist,recovered,ELIGIBLE,160,25,0,0,0,0,0,1,0,0,0,0,0,,,,
Gemma-3-4B,mlx-community/gemma-3-text-4b-it-4bit,4f665a4c50ecfe4ecdc34056ab52fe3e3c4abf9e,document_support-conflict-3,document_support-conflict-3--policy_first,document_support,policy_first,conflict,HUMAN_REVIEW,commit_then_review,recovered,ELIGIBLE,152,24,0,0,0,0,0,1,0,0,0,0,0,0,0,0,0
Gemma-3-4B,mlx-community/gemma-3-text-4b-it-4bit,4f665a4c50ecfe4ecdc34056ab52fe3e3c4abf9e,document_support-conflict-3,document_support-conflict-3--record_first,document_support,record_first,conflict,HUMAN_REVIEW,independent_review,recovered,ELIGIBLE,171,27,0,0,0,0,0,1,0,0,0,0,0,,,,
Gemma-3-4B,mlx-community/gemma-3-text-4b-it-4bit,4f665a4c50ecfe4ecdc34056ab52fe3e3c4abf9e,document_support-conflict-3,document_support-conflict-3--record_first,document_support,record_first,conflict,HUMAN_REVIEW,prior_rationale,recovered,ELIGIBLE,167,26,0,0,0,0,0,1,0,0,0,0,0,,,,
Gemma-3-4B,mlx-community/gemma-3-text-4b-it-4bit,4f665a4c50ecfe4ecdc34056ab52fe3e3c4abf9e,document_support-conflict-3,document_support-conflict-3--record_first,document_support,record_first,conflict,HUMAN_REVIEW,evidence_checklist,recovered,ELIGIBLE,167,26,0,0,0,0,0,1,0,0,0,0,0,,,,
Gemma-3-4B,mlx-community/gemma-3-text-4b-it-4bit,4f665a4c50ecfe4ecdc34056ab52fe3e3c4abf9e,document_support-conflict-3,document_support-conflict-3--record_first,document_support,record_first,conflict,HUMAN_REVIEW,commit_then_review,recovered,ELIGIBLE,170,27,0,0,0,0,0,1,0,0,0,0,0,0,0,0,0
Gemma-3-4B,mlx-community/gemma-3-text-4b-it-4bit,4f665a4c50ecfe4ecdc34056ab52fe3e3c4abf9e,interpretation_booking-valid-1,interpretation_booking-valid-1--policy_first,interpretation_booking,policy_first,valid,ELIGIBLE,independent_review,recovered,ELIGIBLE,167,24,0,1,1,1,1,1,0,0,0,0,0,,,,
Gemma-3-4B,mlx-community/gemma-3-text-4b-it-4bit,4f665a4c50ecfe4ecdc34056ab52fe3e3c4abf9e,interpretation_booking-valid-1,interpretation_booking-valid-1--policy_first,interpretation_booking,policy_first,valid,ELIGIBLE,prior_rationale,recovered,ELIGIBLE,140,20,0,1,1,1,1,1,0,0,0,0,0,,,,
Gemma-3-4B,mlx-community/gemma-3-text-4b-it-4bit,4f665a4c50ecfe4ecdc34056ab52fe3e3c4abf9e,interpretation_booking-valid-1,interpretation_booking-valid-1--policy_first,interpretation_booking,policy_first,valid,ELIGIBLE,evidence_checklist,recovered,ELIGIBLE,159,22,0,1,1,1,1,1,0,0,0,0,0,,,,
Gemma-3-4B,mlx-community/gemma-3-text-4b-it-4bit,4f665a4c50ecfe4ecdc34056ab52fe3e3c4abf9e,interpretation_booking-valid-1,interpretation_booking-valid-1--policy_first,interpretation_booking,policy_first,valid,ELIGIBLE,commit_then_review,recovered,ELIGIBLE,159,22,0,1,1,1,1,1,0,0,0,0,0,0,0,0,1
Gemma-3-4B,mlx-community/gemma-3-text-4b-it-4bit,4f665a4c50ecfe4ecdc34056ab52fe3e3c4abf9e,interpretation_booking-valid-1,interpretation_booking-valid-1--record_first,interpretation_booking,record_first,valid,ELIGIBLE,independent_review,recovered,ELIGIBLE,130,17,0,1,1,1,1,1,0,0,0,0,0,,,,
Gemma-3-4B,mlx-community/gemma-3-text-4b-it-4bit,4f665a4c50ecfe4ecdc34056ab52fe3e3c4abf9e,interpretation_booking-valid-1,interpretation_booking-valid-1--record_first,interpretation_booking,record_first,valid,ELIGIBLE,prior_rationale,recovered,ELIGIBLE,166,23,0,1,1,1,1,1,0,0,0,0,0,,,,
Gemma-3-4B,mlx-community/gemma-3-text-4b-it-4bit,4f665a4c50ecfe4ecdc34056ab52fe3e3c4abf9e,interpretation_booking-valid-1,interpretation_booking-valid-1--record_first,interpretation_booking,record_first,valid,ELIGIBLE,evidence_checklist,recovered,ELIGIBLE,112,15,0,1,1,1,1,1,0,0,0,0,0,,,,
Gemma-3-4B,mlx-community/gemma-3-text-4b-it-4bit,4f665a4c50ecfe4ecdc34056ab52fe3e3c4abf9e,interpretation_booking-valid-1,interpretation_booking-valid-1--record_first,interpretation_booking,record_first,valid,ELIGIBLE,commit_then_review,recovered,ELIGIBLE,153,21,0,1,1,1,1,1,0,0,0,0,0,0,0,0,1
Gemma-3-4B,mlx-community/gemma-3-text-4b-it-4bit,4f665a4c50ecfe4ecdc34056ab52fe3e3c4abf9e,interpretation_booking-valid-2,interpretation_booking-valid-2--policy_first,interpretation_booking,policy_first,valid,ELIGIBLE,independent_review,recovered,ELIGIBLE,150,21,0,1,1,1,1,1,0,0,0,0,0,,,,
Gemma-3-4B,mlx-community/gemma-3-text-4b-it-4bit,4f665a4c50ecfe4ecdc34056ab52fe3e3c4abf9e,interpretation_booking-valid-2,interpretation_booking-valid-2--policy_first,interpretation_booking,policy_first,valid,ELIGIBLE,prior_rationale,recovered,ELIGIBLE,140,20,0,1,1,1,1,1,0,0,0,0,0,,,,
Gemma-3-4B,mlx-community/gemma-3-text-4b-it-4bit,4f665a4c50ecfe4ecdc34056ab52fe3e3c4abf9e,interpretation_booking-valid-2,interpretation_booking-valid-2--policy_first,interpretation_booking,policy_first,valid,ELIGIBLE,evidence_checklist,recovered,ELIGIBLE,159,22,0,1,1,1,1,1,0,0,0,0,0,,,,
Gemma-3-4B,mlx-community/gemma-3-text-4b-it-4bit,4f665a4c50ecfe4ecdc34056ab52fe3e3c4abf9e,interpretation_booking-valid-2,interpretation_booking-valid-2--policy_first,interpretation_booking,policy_first,valid,ELIGIBLE,commit_then_review,recovered,ELIGIBLE,159,22,0,1,1,1,1,1,0,0,0,0,0,0,0,0,1
Gemma-3-4B,mlx-community/gemma-3-text-4b-it-4bit,4f665a4c50ecfe4ecdc34056ab52fe3e3c4abf9e,interpretation_booking-valid-2,interpretation_booking-valid-2--record_first,interpretation_booking,record_first,valid,ELIGIBLE,independent_review,recovered,ELIGIBLE,143,19,0,1,1,1,1,1,0,0,0,0,0,,,,
Gemma-3-4B,mlx-community/gemma-3-text-4b-it-4bit,4f665a4c50ecfe4ecdc34056ab52fe3e3c4abf9e,interpretation_booking-valid-2,interpretation_booking-valid-2--record_first,interpretation_booking,record_first,valid,ELIGIBLE,prior_rationale,recovered,ELIGIBLE,166,23,0,1,1,1,1,1,0,0,0,0,0,,,,
Gemma-3-4B,mlx-community/gemma-3-text-4b-it-4bit,4f665a4c50ecfe4ecdc34056ab52fe3e3c4abf9e,interpretation_booking-valid-2,interpretation_booking-valid-2--record_first,interpretation_booking,record_first,valid,ELIGIBLE,evidence_checklist,recovered,ELIGIBLE,112,15,0,1,1,1,1,1,0,0,0,0,0,,,,
Gemma-3-4B,mlx-community/gemma-3-text-4b-it-4bit,4f665a4c50ecfe4ecdc34056ab52fe3e3c4abf9e,interpretation_booking-valid-2,interpretation_booking-valid-2--record_first,interpretation_booking,record_first,valid,ELIGIBLE,commit_then_review,recovered,ELIGIBLE,153,21,0,1,1,1,1,1,0,0,0,0,0,0,0,0,1
Gemma-3-4B,mlx-community/gemma-3-text-4b-it-4bit,4f665a4c50ecfe4ecdc34056ab52fe3e3c4abf9e,interpretation_booking-valid-3,interpretation_booking-valid-3--policy_first,interpretation_booking,policy_first,valid,ELIGIBLE,independent_review,recovered,ELIGIBLE,150,21,0,1,1,1,1,1,0,0,0,0,0,,,,
Gemma-3-4B,mlx-community/gemma-3-text-4b-it-4bit,4f665a4c50ecfe4ecdc34056ab52fe3e3c4abf9e,interpretation_booking-valid-3,interpretation_booking-valid-3--policy_first,interpretation_booking,policy_first,valid,ELIGIBLE,prior_rationale,recovered,ELIGIBLE,140,20,0,1,1,1,1,1,0,0,0,0,0,,,,
Gemma-3-4B,mlx-community/gemma-3-text-4b-it-4bit,4f665a4c50ecfe4ecdc34056ab52fe3e3c4abf9e,interpretation_booking-valid-3,interpretation_booking-valid-3--policy_first,interpretation_booking,policy_first,valid,ELIGIBLE,evidence_checklist,recovered,ELIGIBLE,159,22,0,1,1,1,1,1,0,0,0,0,0,,,,
Gemma-3-4B,mlx-community/gemma-3-text-4b-it-4bit,4f665a4c50ecfe4ecdc34056ab52fe3e3c4abf9e,interpretation_booking-valid-3,interpretation_booking-valid-3--policy_first,interpretation_booking,policy_first,valid,ELIGIBLE,commit_then_review,recovered,ELIGIBLE,159,22,0,1,1,1,1,1,0,0,0,0,0,0,0,0,1
Gemma-3-4B,mlx-community/gemma-3-text-4b-it-4bit,4f665a4c50ecfe4ecdc34056ab52fe3e3c4abf9e,interpretation_booking-valid-3,interpretation_booking-valid-3--record_first,interpretation_booking,record_first,valid,ELIGIBLE,independent_review,recovered,ELIGIBLE,130,17,0,1,1,1,1,1,0,0,0,0,0,,,,
Gemma-3-4B,mlx-community/gemma-3-text-4b-it-4bit,4f665a4c50ecfe4ecdc34056ab52fe3e3c4abf9e,interpretation_booking-valid-3,interpretation_booking-valid-3--record_first,interpretation_booking,record_first,valid,ELIGIBLE,prior_rationale,recovered,ELIGIBLE,166,23,0,1,1,1,1,1,0,0,0,0,0,,,,
Gemma-3-4B,mlx-community/gemma-3-text-4b-it-4bit,4f665a4c50ecfe4ecdc34056ab52fe3e3c4abf9e,interpretation_booking-valid-3,interpretation_booking-valid-3--record_first,interpretation_booking,record_first,valid,ELIGIBLE,evidence_checklist,recovered,ELIGIBLE,112,15,0,1,1,1,1,1,0,0,0,0,0,,,,
Gemma-3-4B,mlx-community/gemma-3-text-4b-it-4bit,4f665a4c50ecfe4ecdc34056ab52fe3e3c4abf9e,interpretation_booking-valid-3,interpretation_booking-valid-3--record_first,interpretation_booking,record_first,valid,ELIGIBLE,commit_then_review,recovered,ELIGIBLE,153,21,0,1,1,1,1,1,0,0,0,0,0,0,0,0,1
Gemma-3-4B,mlx-community/gemma-3-text-4b-it-4bit,4f665a4c50ecfe4ecdc34056ab52fe3e3c4abf9e,interpretation_booking-invalid-1,interpretation_booking-invalid-1--policy_first,interpretation_booking,policy_first,invalid,INELIGIBLE,independent_review,recovered,ELIGIBLE,147,21,0,0,0,1,0,1,0,0,1,0,0,,,,
Gemma-3-4B,mlx-community/gemma-3-text-4b-it-4bit,4f665a4c50ecfe4ecdc34056ab52fe3e3c4abf9e,interpretation_booking-invalid-1,interpretation_booking-invalid-1--policy_first,interpretation_booking,policy_first,invalid,INELIGIBLE,prior_rationale,recovered,ELIGIBLE,140,20,0,0,0,1,0,1,0,0,1,0,0,,,,
Gemma-3-4B,mlx-community/gemma-3-text-4b-it-4bit,4f665a4c50ecfe4ecdc34056ab52fe3e3c4abf9e,interpretation_booking-invalid-1,interpretation_booking-invalid-1--policy_first,interpretation_booking,policy_first,invalid,INELIGIBLE,evidence_checklist,recovered,ELIGIBLE,159,22,0,0,0,1,0,1,0,0,1,0,0,,,,
Gemma-3-4B,mlx-community/gemma-3-text-4b-it-4bit,4f665a4c50ecfe4ecdc34056ab52fe3e3c4abf9e,interpretation_booking-invalid-1,interpretation_booking-invalid-1--policy_first,interpretation_booking,policy_first,invalid,INELIGIBLE,commit_then_review,recovered,ELIGIBLE,140,20,0,0,0,1,0,1,0,0,1,0,0,0,0,0,0
Gemma-3-4B,mlx-community/gemma-3-text-4b-it-4bit,4f665a4c50ecfe4ecdc34056ab52fe3e3c4abf9e,interpretation_booking-invalid-1,interpretation_booking-invalid-1--record_first,interpretation_booking,record_first,invalid,INELIGIBLE,independent_review,recovered,ELIGIBLE,127,18,0,0,0,1,0,1,0,0,1,0,0,,,,
Gemma-3-4B,mlx-community/gemma-3-text-4b-it-4bit,4f665a4c50ecfe4ecdc34056ab52fe3e3c4abf9e,interpretation_booking-invalid-1,interpretation_booking-invalid-1--record_first,interpretation_booking,record_first,invalid,INELIGIBLE,prior_rationale,recovered,ELIGIBLE,147,21,0,0,0,1,0,1,0,0,1,0,0,,,,
Gemma-3-4B,mlx-community/gemma-3-text-4b-it-4bit,4f665a4c50ecfe4ecdc34056ab52fe3e3c4abf9e,interpretation_booking-invalid-1,interpretation_booking-invalid-1--record_first,interpretation_booking,record_first,invalid,INELIGIBLE,evidence_checklist,recovered,ELIGIBLE,159,22,0,0,0,1,0,1,0,0,1,0,0,,,,
Gemma-3-4B,mlx-community/gemma-3-text-4b-it-4bit,4f665a4c50ecfe4ecdc34056ab52fe3e3c4abf9e,interpretation_booking-invalid-1,interpretation_booking-invalid-1--record_first,interpretation_booking,record_first,invalid,INELIGIBLE,commit_then_review,recovered,ELIGIBLE,129,18,0,0,0,1,0,1,0,0,1,0,0,0,0,0,0
Gemma-3-4B,mlx-community/gemma-3-text-4b-it-4bit,4f665a4c50ecfe4ecdc34056ab52fe3e3c4abf9e,interpretation_booking-invalid-2,interpretation_booking-invalid-2--policy_first,interpretation_booking,policy_first,invalid,INELIGIBLE,independent_review,recovered,ELIGIBLE,141,20,0,0,0,1,0,1,0,0,1,0,0,,,,
Gemma-3-4B,mlx-community/gemma-3-text-4b-it-4bit,4f665a4c50ecfe4ecdc34056ab52fe3e3c4abf9e,interpretation_booking-invalid-2,interpretation_booking-invalid-2--policy_first,interpretation_booking,policy_first,invalid,INELIGIBLE,prior_rationale,recovered,ELIGIBLE,150,22,0,0,0,1,0,1,0,0,1,0,0,,,,
Gemma-3-4B,mlx-community/gemma-3-text-4b-it-4bit,4f665a4c50ecfe4ecdc34056ab52fe3e3c4abf9e,interpretation_booking-invalid-2,interpretation_booking-invalid-2--policy_first,interpretation_booking,policy_first,invalid,INELIGIBLE,evidence_checklist,recovered,ELIGIBLE,166,23,0,0,0,1,0,1,0,0,1,0,0,,,,
Gemma-3-4B,mlx-community/gemma-3-text-4b-it-4bit,4f665a4c50ecfe4ecdc34056ab52fe3e3c4abf9e,interpretation_booking-invalid-2,interpretation_booking-invalid-2--policy_first,interpretation_booking,policy_first,invalid,INELIGIBLE,commit_then_review,recovered,ELIGIBLE,157,23,0,0,0,1,0,1,0,0,1,0,0,0,0,0,0
Gemma-3-4B,mlx-community/gemma-3-text-4b-it-4bit,4f665a4c50ecfe4ecdc34056ab52fe3e3c4abf9e,interpretation_booking-invalid-2,interpretation_booking-invalid-2--record_first,interpretation_booking,record_first,invalid,INELIGIBLE,independent_review,recovered,ELIGIBLE,149,21,0,0,0,1,0,1,0,0,1,0,0,,,,
Gemma-3-4B,mlx-community/gemma-3-text-4b-it-4bit,4f665a4c50ecfe4ecdc34056ab52fe3e3c4abf9e,interpretation_booking-invalid-2,interpretation_booking-invalid-2--record_first,interpretation_booking,record_first,invalid,INELIGIBLE,prior_rationale,recovered,ELIGIBLE,147,21,0,0,0,1,0,1,0,0,1,0,0,,,,
Gemma-3-4B,mlx-community/gemma-3-text-4b-it-4bit,4f665a4c50ecfe4ecdc34056ab52fe3e3c4abf9e,interpretation_booking-invalid-2,interpretation_booking-invalid-2--record_first,interpretation_booking,record_first,invalid,INELIGIBLE,evidence_checklist,recovered,ELIGIBLE,159,22,0,0,0,1,0,1,0,0,1,0,0,,,,
Gemma-3-4B,mlx-community/gemma-3-text-4b-it-4bit,4f665a4c50ecfe4ecdc34056ab52fe3e3c4abf9e,interpretation_booking-invalid-2,interpretation_booking-invalid-2--record_first,interpretation_booking,record_first,invalid,INELIGIBLE,commit_then_review,recovered,ELIGIBLE,129,18,0,0,0,1,0,1,0,0,1,0,0,0,0,0,0
Gemma-3-4B,mlx-community/gemma-3-text-4b-it-4bit,4f665a4c50ecfe4ecdc34056ab52fe3e3c4abf9e,interpretation_booking-invalid-3,interpretation_booking-invalid-3--policy_first,interpretation_booking,policy_first,invalid,INELIGIBLE,independent_review,recovered,ELIGIBLE,147,21,0,0,0,1,0,1,0,0,1,0,0,,,,
Gemma-3-4B,mlx-community/gemma-3-text-4b-it-4bit,4f665a4c50ecfe4ecdc34056ab52fe3e3c4abf9e,interpretation_booking-invalid-3,interpretation_booking-invalid-3--policy_first,interpretation_booking,policy_first,invalid,INELIGIBLE,prior_rationale,recovered,ELIGIBLE,145,21,0,0,0,1,0,1,0,0,1,0,0,,,,
Gemma-3-4B,mlx-community/gemma-3-text-4b-it-4bit,4f665a4c50ecfe4ecdc34056ab52fe3e3c4abf9e,interpretation_booking-invalid-3,interpretation_booking-invalid-3--policy_first,interpretation_booking,policy_first,invalid,INELIGIBLE,evidence_checklist,recovered,ELIGIBLE,159,22,0,0,0,1,0,1,0,0,1,0,0,,,,
Gemma-3-4B,mlx-community/gemma-3-text-4b-it-4bit,4f665a4c50ecfe4ecdc34056ab52fe3e3c4abf9e,interpretation_booking-invalid-3,interpretation_booking-invalid-3--policy_first,interpretation_booking,policy_first,invalid,INELIGIBLE,commit_then_review,recovered,ELIGIBLE,140,20,0,0,0,1,0,1,0,0,1,0,0,0,0,0,0
Gemma-3-4B,mlx-community/gemma-3-text-4b-it-4bit,4f665a4c50ecfe4ecdc34056ab52fe3e3c4abf9e,interpretation_booking-invalid-3,interpretation_booking-invalid-3--record_first,interpretation_booking,record_first,invalid,INELIGIBLE,independent_review,recovered,ELIGIBLE,143,20,0,0,0,1,0,1,0,0,1,0,0,,,,
Gemma-3-4B,mlx-community/gemma-3-text-4b-it-4bit,4f665a4c50ecfe4ecdc34056ab52fe3e3c4abf9e,interpretation_booking-invalid-3,interpretation_booking-invalid-3--record_first,interpretation_booking,record_first,invalid,INELIGIBLE,prior_rationale,recovered,ELIGIBLE,147,21,0,0,0,1,0,1,0,0,1,0,0,,,,
Gemma-3-4B,mlx-community/gemma-3-text-4b-it-4bit,4f665a4c50ecfe4ecdc34056ab52fe3e3c4abf9e,interpretation_booking-invalid-3,interpretation_booking-invalid-3--record_first,interpretation_booking,record_first,invalid,INELIGIBLE,evidence_checklist,recovered,ELIGIBLE,159,22,0,0,0,1,0,1,0,0,1,0,0,,,,
Gemma-3-4B,mlx-community/gemma-3-text-4b-it-4bit,4f665a4c50ecfe4ecdc34056ab52fe3e3c4abf9e,interpretation_booking-invalid-3,interpretation_booking-invalid-3--record_first,interpretation_booking,record_first,invalid,INELIGIBLE,commit_then_review,recovered,ELIGIBLE,129,18,0,0,0,1,0,1,0,0,1,0,0,0,0,0,0
Gemma-3-4B,mlx-community/gemma-3-text-4b-it-4bit,4f665a4c50ecfe4ecdc34056ab52fe3e3c4abf9e,interpretation_booking-incomplete-1,interpretation_booking-incomplete-1--policy_first,interpretation_booking,policy_first,incomplete,NEED_INFORMATION,independent_review,recovered,ELIGIBLE,147,20,0,0,0,1,0,1,0,0,0,0,0,,,,
Gemma-3-4B,mlx-community/gemma-3-text-4b-it-4bit,4f665a4c50ecfe4ecdc34056ab52fe3e3c4abf9e,interpretation_booking-incomplete-1,interpretation_booking-incomplete-1--policy_first,interpretation_booking,policy_first,incomplete,NEED_INFORMATION,prior_rationale,recovered,ELIGIBLE,143,20,0,0,0,1,0,1,0,0,0,0,0,,,,
Gemma-3-4B,mlx-community/gemma-3-text-4b-it-4bit,4f665a4c50ecfe4ecdc34056ab52fe3e3c4abf9e,interpretation_booking-incomplete-1,interpretation_booking-incomplete-1--policy_first,interpretation_booking,policy_first,incomplete,NEED_INFORMATION,evidence_checklist,recovered,NEED_INFORMATION,183,25,0,1,1,1,1,1,0,0,0,1,0,,,,
Gemma-3-4B,mlx-community/gemma-3-text-4b-it-4bit,4f665a4c50ecfe4ecdc34056ab52fe3e3c4abf9e,interpretation_booking-incomplete-1,interpretation_booking-incomplete-1--policy_first,interpretation_booking,policy_first,incomplete,NEED_INFORMATION,commit_then_review,recovered,ELIGIBLE,140,19,0,0,0,1,0,1,0,0,0,0,0,0,0,0,0
Gemma-3-4B,mlx-community/gemma-3-text-4b-it-4bit,4f665a4c50ecfe4ecdc34056ab52fe3e3c4abf9e,interpretation_booking-incomplete-1,interpretation_booking-incomplete-1--record_first,interpretation_booking,record_first,incomplete,NEED_INFORMATION,independent_review,recovered,ELIGIBLE,149,21,0,0,0,1,0,1,0,0,0,0,0,,,,
Gemma-3-4B,mlx-community/gemma-3-text-4b-it-4bit,4f665a4c50ecfe4ecdc34056ab52fe3e3c4abf9e,interpretation_booking-incomplete-1,interpretation_booking-incomplete-1--record_first,interpretation_booking,record_first,incomplete,NEED_INFORMATION,prior_rationale,recovered,ELIGIBLE,149,21,0,0,0,1,0,1,0,0,0,0,0,,,,
Gemma-3-4B,mlx-community/gemma-3-text-4b-it-4bit,4f665a4c50ecfe4ecdc34056ab52fe3e3c4abf9e,interpretation_booking-incomplete-1,interpretation_booking-incomplete-1--record_first,interpretation_booking,record_first,incomplete,NEED_INFORMATION,evidence_checklist,recovered,ELIGIBLE,142,20,0,0,0,1,0,1,0,0,0,0,0,,,,
Gemma-3-4B,mlx-community/gemma-3-text-4b-it-4bit,4f665a4c50ecfe4ecdc34056ab52fe3e3c4abf9e,interpretation_booking-incomplete-1,interpretation_booking-incomplete-1--record_first,interpretation_booking,record_first,incomplete,NEED_INFORMATION,commit_then_review,recovered,ELIGIBLE,149,21,0,0,0,1,0,1,0,0,0,0,0,0,0,0,0
Gemma-3-4B,mlx-community/gemma-3-text-4b-it-4bit,4f665a4c50ecfe4ecdc34056ab52fe3e3c4abf9e,interpretation_booking-incomplete-2,interpretation_booking-incomplete-2--policy_first,interpretation_booking,policy_first,incomplete,NEED_INFORMATION,independent_review,recovered,ELIGIBLE,144,20,0,0,0,1,0,1,0,0,0,0,0,,,,
Gemma-3-4B,mlx-community/gemma-3-text-4b-it-4bit,4f665a4c50ecfe4ecdc34056ab52fe3e3c4abf9e,interpretation_booking-incomplete-2,interpretation_booking-incomplete-2--policy_first,interpretation_booking,policy_first,incomplete,NEED_INFORMATION,prior_rationale,recovered,ELIGIBLE,164,23,0,0,0,1,0,1,0,0,0,0,0,,,,
Gemma-3-4B,mlx-community/gemma-3-text-4b-it-4bit,4f665a4c50ecfe4ecdc34056ab52fe3e3c4abf9e,interpretation_booking-incomplete-2,interpretation_booking-incomplete-2--policy_first,interpretation_booking,policy_first,incomplete,NEED_INFORMATION,evidence_checklist,recovered,NEED_INFORMATION,183,25,0,1,1,1,1,1,0,0,0,1,0,,,,
Gemma-3-4B,mlx-community/gemma-3-text-4b-it-4bit,4f665a4c50ecfe4ecdc34056ab52fe3e3c4abf9e,interpretation_booking-incomplete-2,interpretation_booking-incomplete-2--policy_first,interpretation_booking,policy_first,incomplete,NEED_INFORMATION,commit_then_review,recovered,ELIGIBLE,140,19,0,0,0,1,0,1,0,0,0,0,0,0,0,0,0
Gemma-3-4B,mlx-community/gemma-3-text-4b-it-4bit,4f665a4c50ecfe4ecdc34056ab52fe3e3c4abf9e,interpretation_booking-incomplete-2,interpretation_booking-incomplete-2--record_first,interpretation_booking,record_first,incomplete,NEED_INFORMATION,independent_review,recovered,ELIGIBLE,149,21,0,0,0,1,0,1,0,0,0,0,0,,,,
Gemma-3-4B,mlx-community/gemma-3-text-4b-it-4bit,4f665a4c50ecfe4ecdc34056ab52fe3e3c4abf9e,interpretation_booking-incomplete-2,interpretation_booking-incomplete-2--record_first,interpretation_booking,record_first,incomplete,NEED_INFORMATION,prior_rationale,recovered,ELIGIBLE,149,21,0,0,0,1,0,1,0,0,0,0,0,,,,
Gemma-3-4B,mlx-community/gemma-3-text-4b-it-4bit,4f665a4c50ecfe4ecdc34056ab52fe3e3c4abf9e,interpretation_booking-incomplete-2,interpretation_booking-incomplete-2--record_first,interpretation_booking,record_first,incomplete,NEED_INFORMATION,evidence_checklist,recovered,ELIGIBLE,142,20,0,0,0,1,0,1,0,0,0,0,0,,,,
Gemma-3-4B,mlx-community/gemma-3-text-4b-it-4bit,4f665a4c50ecfe4ecdc34056ab52fe3e3c4abf9e,interpretation_booking-incomplete-2,interpretation_booking-incomplete-2--record_first,interpretation_booking,record_first,incomplete,NEED_INFORMATION,commit_then_review,recovered,ELIGIBLE,149,21,0,0,0,1,0,1,0,0,0,0,0,0,0,0,0
Gemma-3-4B,mlx-community/gemma-3-text-4b-it-4bit,4f665a4c50ecfe4ecdc34056ab52fe3e3c4abf9e,interpretation_booking-incomplete-3,interpretation_booking-incomplete-3--policy_first,interpretation_booking,policy_first,incomplete,NEED_INFORMATION,independent_review,recovered,ELIGIBLE,147,20,0,0,0,1,0,1,0,0,0,0,0,,,,
Gemma-3-4B,mlx-community/gemma-3-text-4b-it-4bit,4f665a4c50ecfe4ecdc34056ab52fe3e3c4abf9e,interpretation_booking-incomplete-3,interpretation_booking-incomplete-3--policy_first,interpretation_booking,policy_first,incomplete,NEED_INFORMATION,prior_rationale,recovered,ELIGIBLE,143,20,0,0,0,1,0,1,0,0,0,0,0,,,,
Gemma-3-4B,mlx-community/gemma-3-text-4b-it-4bit,4f665a4c50ecfe4ecdc34056ab52fe3e3c4abf9e,interpretation_booking-incomplete-3,interpretation_booking-incomplete-3--policy_first,interpretation_booking,policy_first,incomplete,NEED_INFORMATION,evidence_checklist,recovered,NEED_INFORMATION,135,19,0,1,1,1,1,1,0,0,0,1,0,,,,
Gemma-3-4B,mlx-community/gemma-3-text-4b-it-4bit,4f665a4c50ecfe4ecdc34056ab52fe3e3c4abf9e,interpretation_booking-incomplete-3,interpretation_booking-incomplete-3--policy_first,interpretation_booking,policy_first,incomplete,NEED_INFORMATION,commit_then_review,recovered,ELIGIBLE,140,19,0,0,0,1,0,1,0,0,0,0,0,0,0,0,0
Gemma-3-4B,mlx-community/gemma-3-text-4b-it-4bit,4f665a4c50ecfe4ecdc34056ab52fe3e3c4abf9e,interpretation_booking-incomplete-3,interpretation_booking-incomplete-3--record_first,interpretation_booking,record_first,incomplete,NEED_INFORMATION,independent_review,recovered,ELIGIBLE,149,21,0,0,0,1,0,1,0,0,0,0,0,,,,
Gemma-3-4B,mlx-community/gemma-3-text-4b-it-4bit,4f665a4c50ecfe4ecdc34056ab52fe3e3c4abf9e,interpretation_booking-incomplete-3,interpretation_booking-incomplete-3--record_first,interpretation_booking,record_first,incomplete,NEED_INFORMATION,prior_rationale,recovered,ELIGIBLE,149,21,0,0,0,1,0,1,0,0,0,0,0,,,,
Gemma-3-4B,mlx-community/gemma-3-text-4b-it-4bit,4f665a4c50ecfe4ecdc34056ab52fe3e3c4abf9e,interpretation_booking-incomplete-3,interpretation_booking-incomplete-3--record_first,interpretation_booking,record_first,incomplete,NEED_INFORMATION,evidence_checklist,recovered,ELIGIBLE,142,20,0,0,0,1,0,1,0,0,0,0,0,,,,
Gemma-3-4B,mlx-community/gemma-3-text-4b-it-4bit,4f665a4c50ecfe4ecdc34056ab52fe3e3c4abf9e,interpretation_booking-incomplete-3,interpretation_booking-incomplete-3--record_first,interpretation_booking,record_first,incomplete,NEED_INFORMATION,commit_then_review,recovered,ELIGIBLE,88,11,0,0,0,1,0,1,0,0,0,0,0,0,0,0,0
Gemma-3-4B,mlx-community/gemma-3-text-4b-it-4bit,4f665a4c50ecfe4ecdc34056ab52fe3e3c4abf9e,interpretation_booking-conflict-1,interpretation_booking-conflict-1--policy_first,interpretation_booking,policy_first,conflict,HUMAN_REVIEW,independent_review,recovered,ELIGIBLE,162,23,0,0,0,0,0,1,0,0,0,0,0,,,,
Gemma-3-4B,mlx-community/gemma-3-text-4b-it-4bit,4f665a4c50ecfe4ecdc34056ab52fe3e3c4abf9e,interpretation_booking-conflict-1,interpretation_booking-conflict-1--policy_first,interpretation_booking,policy_first,conflict,HUMAN_REVIEW,prior_rationale,recovered,ELIGIBLE,140,20,0,0,0,0,0,1,0,0,0,0,0,,,,
Gemma-3-4B,mlx-community/gemma-3-text-4b-it-4bit,4f665a4c50ecfe4ecdc34056ab52fe3e3c4abf9e,interpretation_booking-conflict-1,interpretation_booking-conflict-1--policy_first,interpretation_booking,policy_first,conflict,HUMAN_REVIEW,evidence_checklist,recovered,ELIGIBLE,169,23,0,0,0,0,0,1,0,0,0,0,0,,,,
Gemma-3-4B,mlx-community/gemma-3-text-4b-it-4bit,4f665a4c50ecfe4ecdc34056ab52fe3e3c4abf9e,interpretation_booking-conflict-1,interpretation_booking-conflict-1--policy_first,interpretation_booking,policy_first,conflict,HUMAN_REVIEW,commit_then_review,recovered,ELIGIBLE,167,24,0,0,0,0,0,1,0,0,0,0,0,0,0,0,0
Gemma-3-4B,mlx-community/gemma-3-text-4b-it-4bit,4f665a4c50ecfe4ecdc34056ab52fe3e3c4abf9e,interpretation_booking-conflict-1,interpretation_booking-conflict-1--record_first,interpretation_booking,record_first,conflict,HUMAN_REVIEW,independent_review,recovered,ELIGIBLE,143,19,0,0,0,0,0,1,0,0,0,0,0,,,,
Gemma-3-4B,mlx-community/gemma-3-text-4b-it-4bit,4f665a4c50ecfe4ecdc34056ab52fe3e3c4abf9e,interpretation_booking-conflict-1,interpretation_booking-conflict-1--record_first,interpretation_booking,record_first,conflict,HUMAN_REVIEW,prior_rationale,recovered,ELIGIBLE,166,23,0,0,0,0,0,1,0,0,0,0,0,,,,
Gemma-3-4B,mlx-community/gemma-3-text-4b-it-4bit,4f665a4c50ecfe4ecdc34056ab52fe3e3c4abf9e,interpretation_booking-conflict-1,interpretation_booking-conflict-1--record_first,interpretation_booking,record_first,conflict,HUMAN_REVIEW,evidence_checklist,recovered,ELIGIBLE,159,22,0,0,0,0,0,1,0,0,0,0,0,,,,
Gemma-3-4B,mlx-community/gemma-3-text-4b-it-4bit,4f665a4c50ecfe4ecdc34056ab52fe3e3c4abf9e,interpretation_booking-conflict-1,interpretation_booking-conflict-1--record_first,interpretation_booking,record_first,conflict,HUMAN_REVIEW,commit_then_review,recovered,ELIGIBLE,143,19,0,0,0,0,0,1,0,0,0,0,0,0,0,0,0
Gemma-3-4B,mlx-community/gemma-3-text-4b-it-4bit,4f665a4c50ecfe4ecdc34056ab52fe3e3c4abf9e,interpretation_booking-conflict-2,interpretation_booking-conflict-2--policy_first,interpretation_booking,policy_first,conflict,HUMAN_REVIEW,independent_review,recovered,ELIGIBLE,167,24,0,0,0,0,0,1,0,0,0,0,0,,,,
Gemma-3-4B,mlx-community/gemma-3-text-4b-it-4bit,4f665a4c50ecfe4ecdc34056ab52fe3e3c4abf9e,interpretation_booking-conflict-2,interpretation_booking-conflict-2--policy_first,interpretation_booking,policy_first,conflict,HUMAN_REVIEW,prior_rationale,recovered,ELIGIBLE,140,20,0,0,0,0,0,1,0,0,0,0,0,,,,
Gemma-3-4B,mlx-community/gemma-3-text-4b-it-4bit,4f665a4c50ecfe4ecdc34056ab52fe3e3c4abf9e,interpretation_booking-conflict-2,interpretation_booking-conflict-2--policy_first,interpretation_booking,policy_first,conflict,HUMAN_REVIEW,evidence_checklist,recovered,ELIGIBLE,169,23,0,0,0,0,0,1,0,0,0,0,0,,,,
Gemma-3-4B,mlx-community/gemma-3-text-4b-it-4bit,4f665a4c50ecfe4ecdc34056ab52fe3e3c4abf9e,interpretation_booking-conflict-2,interpretation_booking-conflict-2--policy_first,interpretation_booking,policy_first,conflict,HUMAN_REVIEW,commit_then_review,recovered,ELIGIBLE,167,24,0,0,0,0,0,1,0,0,0,0,0,0,0,0,0
Gemma-3-4B,mlx-community/gemma-3-text-4b-it-4bit,4f665a4c50ecfe4ecdc34056ab52fe3e3c4abf9e,interpretation_booking-conflict-2,interpretation_booking-conflict-2--record_first,interpretation_booking,record_first,conflict,HUMAN_REVIEW,independent_review,recovered,ELIGIBLE,143,19,0,0,0,0,0,1,0,0,0,0,0,,,,
Gemma-3-4B,mlx-community/gemma-3-text-4b-it-4bit,4f665a4c50ecfe4ecdc34056ab52fe3e3c4abf9e,interpretation_booking-conflict-2,interpretation_booking-conflict-2--record_first,interpretation_booking,record_first,conflict,HUMAN_REVIEW,prior_rationale,recovered,ELIGIBLE,166,23,0,0,0,0,0,1,0,0,0,0,0,,,,
Gemma-3-4B,mlx-community/gemma-3-text-4b-it-4bit,4f665a4c50ecfe4ecdc34056ab52fe3e3c4abf9e,interpretation_booking-conflict-2,interpretation_booking-conflict-2--record_first,interpretation_booking,record_first,conflict,HUMAN_REVIEW,evidence_checklist,recovered,ELIGIBLE,166,23,0,0,0,0,0,1,0,0,0,0,0,,,,
Gemma-3-4B,mlx-community/gemma-3-text-4b-it-4bit,4f665a4c50ecfe4ecdc34056ab52fe3e3c4abf9e,interpretation_booking-conflict-2,interpretation_booking-conflict-2--record_first,interpretation_booking,record_first,conflict,HUMAN_REVIEW,commit_then_review,recovered,ELIGIBLE,143,19,0,0,0,0,0,1,0,0,0,0,0,0,0,0,0
Gemma-3-4B,mlx-community/gemma-3-text-4b-it-4bit,4f665a4c50ecfe4ecdc34056ab52fe3e3c4abf9e,interpretation_booking-conflict-3,interpretation_booking-conflict-3--policy_first,interpretation_booking,policy_first,conflict,HUMAN_REVIEW,independent_review,recovered,ELIGIBLE,167,24,0,0,0,0,0,1,0,0,0,0,0,,,,
Gemma-3-4B,mlx-community/gemma-3-text-4b-it-4bit,4f665a4c50ecfe4ecdc34056ab52fe3e3c4abf9e,interpretation_booking-conflict-3,interpretation_booking-conflict-3--policy_first,interpretation_booking,policy_first,conflict,HUMAN_REVIEW,prior_rationale,recovered,ELIGIBLE,140,20,0,0,0,0,0,1,0,0,0,0,0,,,,
Gemma-3-4B,mlx-community/gemma-3-text-4b-it-4bit,4f665a4c50ecfe4ecdc34056ab52fe3e3c4abf9e,interpretation_booking-conflict-3,interpretation_booking-conflict-3--policy_first,interpretation_booking,policy_first,conflict,HUMAN_REVIEW,evidence_checklist,recovered,ELIGIBLE,169,23,0,0,0,0,0,1,0,0,0,0,0,,,,
Gemma-3-4B,mlx-community/gemma-3-text-4b-it-4bit,4f665a4c50ecfe4ecdc34056ab52fe3e3c4abf9e,interpretation_booking-conflict-3,interpretation_booking-conflict-3--policy_first,interpretation_booking,policy_first,conflict,HUMAN_REVIEW,commit_then_review,recovered,ELIGIBLE,167,24,0,0,0,0,0,1,0,0,0,0,0,0,0,0,0
Gemma-3-4B,mlx-community/gemma-3-text-4b-it-4bit,4f665a4c50ecfe4ecdc34056ab52fe3e3c4abf9e,interpretation_booking-conflict-3,interpretation_booking-conflict-3--record_first,interpretation_booking,record_first,conflict,HUMAN_REVIEW,independent_review,recovered,ELIGIBLE,143,19,0,0,0,0,0,1,0,0,0,0,0,,,,
Gemma-3-4B,mlx-community/gemma-3-text-4b-it-4bit,4f665a4c50ecfe4ecdc34056ab52fe3e3c4abf9e,interpretation_booking-conflict-3,interpretation_booking-conflict-3--record_first,interpretation_booking,record_first,conflict,HUMAN_REVIEW,prior_rationale,recovered,ELIGIBLE,166,23,0,0,0,0,0,1,0,0,0,0,0,,,,
Gemma-3-4B,mlx-community/gemma-3-text-4b-it-4bit,4f665a4c50ecfe4ecdc34056ab52fe3e3c4abf9e,interpretation_booking-conflict-3,interpretation_booking-conflict-3--record_first,interpretation_booking,record_first,conflict,HUMAN_REVIEW,evidence_checklist,recovered,ELIGIBLE,166,23,0,0,0,0,0,1,0,0,0,0,0,,,,
Gemma-3-4B,mlx-community/gemma-3-text-4b-it-4bit,4f665a4c50ecfe4ecdc34056ab52fe3e3c4abf9e,interpretation_booking-conflict-3,interpretation_booking-conflict-3--record_first,interpretation_booking,record_first,conflict,HUMAN_REVIEW,commit_then_review,recovered,ELIGIBLE,143,19,0,0,0,0,0,1,0,0,0,0,0,0,0,0,0
Gemma-3-4B,mlx-community/gemma-3-text-4b-it-4bit,4f665a4c50ecfe4ecdc34056ab52fe3e3c4abf9e,remote_checkin-valid-1,remote_checkin-valid-1--policy_first,remote_checkin,policy_first,valid,ELIGIBLE,independent_review,recovered,ELIGIBLE,141,21,0,1,1,1,1,1,0,0,0,0,0,,,,
Gemma-3-4B,mlx-community/gemma-3-text-4b-it-4bit,4f665a4c50ecfe4ecdc34056ab52fe3e3c4abf9e,remote_checkin-valid-1,remote_checkin-valid-1--policy_first,remote_checkin,policy_first,valid,ELIGIBLE,prior_rationale,recovered,ELIGIBLE,164,25,0,1,1,1,1,1,0,0,0,0,0,,,,
Gemma-3-4B,mlx-community/gemma-3-text-4b-it-4bit,4f665a4c50ecfe4ecdc34056ab52fe3e3c4abf9e,remote_checkin-valid-1,remote_checkin-valid-1--policy_first,remote_checkin,policy_first,valid,ELIGIBLE,evidence_checklist,recovered,ELIGIBLE,157,24,0,1,1,1,1,1,0,0,0,0,0,,,,
Gemma-3-4B,mlx-community/gemma-3-text-4b-it-4bit,4f665a4c50ecfe4ecdc34056ab52fe3e3c4abf9e,remote_checkin-valid-1,remote_checkin-valid-1--policy_first,remote_checkin,policy_first,valid,ELIGIBLE,commit_then_review,recovered,ELIGIBLE,141,21,0,1,1,1,1,1,0,0,0,0,0,0,0,0,1
Gemma-3-4B,mlx-community/gemma-3-text-4b-it-4bit,4f665a4c50ecfe4ecdc34056ab52fe3e3c4abf9e,remote_checkin-valid-1,remote_checkin-valid-1--record_first,remote_checkin,record_first,valid,ELIGIBLE,independent_review,recovered,ELIGIBLE,145,20,0,1,1,1,1,1,0,0,0,0,0,,,,
Gemma-3-4B,mlx-community/gemma-3-text-4b-it-4bit,4f665a4c50ecfe4ecdc34056ab52fe3e3c4abf9e,remote_checkin-valid-1,remote_checkin-valid-1--record_first,remote_checkin,record_first,valid,ELIGIBLE,prior_rationale,recovered,ELIGIBLE,164,25,0,1,1,1,1,1,0,0,0,0,0,,,,
Gemma-3-4B,mlx-community/gemma-3-text-4b-it-4bit,4f665a4c50ecfe4ecdc34056ab52fe3e3c4abf9e,remote_checkin-valid-1,remote_checkin-valid-1--record_first,remote_checkin,record_first,valid,ELIGIBLE,evidence_checklist,recovered,ELIGIBLE,164,25,0,1,1,1,1,1,0,0,0,0,0,,,,
Gemma-3-4B,mlx-community/gemma-3-text-4b-it-4bit,4f665a4c50ecfe4ecdc34056ab52fe3e3c4abf9e,remote_checkin-valid-1,remote_checkin-valid-1--record_first,remote_checkin,record_first,valid,ELIGIBLE,commit_then_review,recovered,ELIGIBLE,164,25,0,1,1,1,1,1,0,0,0,0,0,0,0,0,1
Gemma-3-4B,mlx-community/gemma-3-text-4b-it-4bit,4f665a4c50ecfe4ecdc34056ab52fe3e3c4abf9e,remote_checkin-valid-2,remote_checkin-valid-2--policy_first,remote_checkin,policy_first,valid,ELIGIBLE,independent_review,recovered,ELIGIBLE,139,21,0,1,1,1,1,1,0,0,0,0,0,,,,
Gemma-3-4B,mlx-community/gemma-3-text-4b-it-4bit,4f665a4c50ecfe4ecdc34056ab52fe3e3c4abf9e,remote_checkin-valid-2,remote_checkin-valid-2--policy_first,remote_checkin,policy_first,valid,ELIGIBLE,prior_rationale,recovered,ELIGIBLE,164,25,0,1,1,1,1,1,0,0,0,0,0,,,,
Gemma-3-4B,mlx-community/gemma-3-text-4b-it-4bit,4f665a4c50ecfe4ecdc34056ab52fe3e3c4abf9e,remote_checkin-valid-2,remote_checkin-valid-2--policy_first,remote_checkin,policy_first,valid,ELIGIBLE,evidence_checklist,recovered,ELIGIBLE,157,24,0,1,1,1,1,1,0,0,0,0,0,,,,
Gemma-3-4B,mlx-community/gemma-3-text-4b-it-4bit,4f665a4c50ecfe4ecdc34056ab52fe3e3c4abf9e,remote_checkin-valid-2,remote_checkin-valid-2--policy_first,remote_checkin,policy_first,valid,ELIGIBLE,commit_then_review,recovered,ELIGIBLE,123,18,0,1,1,1,1,1,0,0,0,0,0,0,0,0,1
Gemma-3-4B,mlx-community/gemma-3-text-4b-it-4bit,4f665a4c50ecfe4ecdc34056ab52fe3e3c4abf9e,remote_checkin-valid-2,remote_checkin-valid-2--record_first,remote_checkin,record_first,valid,ELIGIBLE,independent_review,recovered,ELIGIBLE,145,20,0,1,1,1,1,1,0,0,0,0,0,,,,
Gemma-3-4B,mlx-community/gemma-3-text-4b-it-4bit,4f665a4c50ecfe4ecdc34056ab52fe3e3c4abf9e,remote_checkin-valid-2,remote_checkin-valid-2--record_first,remote_checkin,record_first,valid,ELIGIBLE,prior_rationale,recovered,ELIGIBLE,164,25,0,1,1,1,1,1,0,0,0,0,0,,,,
Gemma-3-4B,mlx-community/gemma-3-text-4b-it-4bit,4f665a4c50ecfe4ecdc34056ab52fe3e3c4abf9e,remote_checkin-valid-2,remote_checkin-valid-2--record_first,remote_checkin,record_first,valid,ELIGIBLE,evidence_checklist,recovered,ELIGIBLE,164,25,0,1,1,1,1,1,0,0,0,0,0,,,,
Gemma-3-4B,mlx-community/gemma-3-text-4b-it-4bit,4f665a4c50ecfe4ecdc34056ab52fe3e3c4abf9e,remote_checkin-valid-2,remote_checkin-valid-2--record_first,remote_checkin,record_first,valid,ELIGIBLE,commit_then_review,recovered,ELIGIBLE,164,25,0,1,1,1,1,1,0,0,0,0,0,0,0,0,1
Gemma-3-4B,mlx-community/gemma-3-text-4b-it-4bit,4f665a4c50ecfe4ecdc34056ab52fe3e3c4abf9e,remote_checkin-valid-3,remote_checkin-valid-3--policy_first,remote_checkin,policy_first,valid,ELIGIBLE,independent_review,recovered,ELIGIBLE,123,18,0,1,1,1,1,1,0,0,0,0,0,,,,
Gemma-3-4B,mlx-community/gemma-3-text-4b-it-4bit,4f665a4c50ecfe4ecdc34056ab52fe3e3c4abf9e,remote_checkin-valid-3,remote_checkin-valid-3--policy_first,remote_checkin,policy_first,valid,ELIGIBLE,prior_rationale,recovered,ELIGIBLE,164,25,0,1,1,1,1,1,0,0,0,0,0,,,,
Gemma-3-4B,mlx-community/gemma-3-text-4b-it-4bit,4f665a4c50ecfe4ecdc34056ab52fe3e3c4abf9e,remote_checkin-valid-3,remote_checkin-valid-3--policy_first,remote_checkin,policy_first,valid,ELIGIBLE,evidence_checklist,recovered,ELIGIBLE,157,24,0,1,1,1,1,1,0,0,0,0,0,,,,
Gemma-3-4B,mlx-community/gemma-3-text-4b-it-4bit,4f665a4c50ecfe4ecdc34056ab52fe3e3c4abf9e,remote_checkin-valid-3,remote_checkin-valid-3--policy_first,remote_checkin,policy_first,valid,ELIGIBLE,commit_then_review,recovered,ELIGIBLE,123,18,0,1,1,1,1,1,0,0,0,0,0,0,0,0,1
Gemma-3-4B,mlx-community/gemma-3-text-4b-it-4bit,4f665a4c50ecfe4ecdc34056ab52fe3e3c4abf9e,remote_checkin-valid-3,remote_checkin-valid-3--record_first,remote_checkin,record_first,valid,ELIGIBLE,independent_review,recovered,ELIGIBLE,145,20,0,1,1,1,1,1,0,0,0,0,0,,,,
Gemma-3-4B,mlx-community/gemma-3-text-4b-it-4bit,4f665a4c50ecfe4ecdc34056ab52fe3e3c4abf9e,remote_checkin-valid-3,remote_checkin-valid-3--record_first,remote_checkin,record_first,valid,ELIGIBLE,prior_rationale,recovered,ELIGIBLE,164,25,0,1,1,1,1,1,0,0,0,0,0,,,,
Gemma-3-4B,mlx-community/gemma-3-text-4b-it-4bit,4f665a4c50ecfe4ecdc34056ab52fe3e3c4abf9e,remote_checkin-valid-3,remote_checkin-valid-3--record_first,remote_checkin,record_first,valid,ELIGIBLE,evidence_checklist,recovered,ELIGIBLE,164,25,0,1,1,1,1,1,0,0,0,0,0,,,,
Gemma-3-4B,mlx-community/gemma-3-text-4b-it-4bit,4f665a4c50ecfe4ecdc34056ab52fe3e3c4abf9e,remote_checkin-valid-3,remote_checkin-valid-3--record_first,remote_checkin,record_first,valid,ELIGIBLE,commit_then_review,recovered,ELIGIBLE,164,25,0,1,1,1,1,1,0,0,0,0,0,0,0,0,1
Gemma-3-4B,mlx-community/gemma-3-text-4b-it-4bit,4f665a4c50ecfe4ecdc34056ab52fe3e3c4abf9e,remote_checkin-invalid-1,remote_checkin-invalid-1--policy_first,remote_checkin,policy_first,invalid,INELIGIBLE,independent_review,recovered,ELIGIBLE,164,25,0,0,0,1,0,1,0,0,1,0,0,,,,
Gemma-3-4B,mlx-community/gemma-3-text-4b-it-4bit,4f665a4c50ecfe4ecdc34056ab52fe3e3c4abf9e,remote_checkin-invalid-1,remote_checkin-invalid-1--policy_first,remote_checkin,policy_first,invalid,INELIGIBLE,prior_rationale,recovered,ELIGIBLE,164,25,0,0,0,1,0,1,0,0,1,0,0,,,,
Gemma-3-4B,mlx-community/gemma-3-text-4b-it-4bit,4f665a4c50ecfe4ecdc34056ab52fe3e3c4abf9e,remote_checkin-invalid-1,remote_checkin-invalid-1--policy_first,remote_checkin,policy_first,invalid,INELIGIBLE,evidence_checklist,recovered,ELIGIBLE,157,24,0,0,0,1,0,1,0,0,1,0,0,,,,
Gemma-3-4B,mlx-community/gemma-3-text-4b-it-4bit,4f665a4c50ecfe4ecdc34056ab52fe3e3c4abf9e,remote_checkin-invalid-1,remote_checkin-invalid-1--policy_first,remote_checkin,policy_first,invalid,INELIGIBLE,commit_then_review,recovered,ELIGIBLE,153,24,0,0,0,1,0,1,0,0,1,0,0,0,0,0,0
Gemma-3-4B,mlx-community/gemma-3-text-4b-it-4bit,4f665a4c50ecfe4ecdc34056ab52fe3e3c4abf9e,remote_checkin-invalid-1,remote_checkin-invalid-1--record_first,remote_checkin,record_first,invalid,INELIGIBLE,independent_review,recovered,ELIGIBLE,164,25,0,0,0,1,0,1,0,0,1,0,0,,,,
Gemma-3-4B,mlx-community/gemma-3-text-4b-it-4bit,4f665a4c50ecfe4ecdc34056ab52fe3e3c4abf9e,remote_checkin-invalid-1,remote_checkin-invalid-1--record_first,remote_checkin,record_first,invalid,INELIGIBLE,prior_rationale,recovered,ELIGIBLE,164,25,0,0,0,1,0,1,0,0,1,0,0,,,,
Gemma-3-4B,mlx-community/gemma-3-text-4b-it-4bit,4f665a4c50ecfe4ecdc34056ab52fe3e3c4abf9e,remote_checkin-invalid-1,remote_checkin-invalid-1--record_first,remote_checkin,record_first,invalid,INELIGIBLE,evidence_checklist,recovered,ELIGIBLE,157,24,0,0,0,1,0,1,0,0,1,0,0,,,,
Gemma-3-4B,mlx-community/gemma-3-text-4b-it-4bit,4f665a4c50ecfe4ecdc34056ab52fe3e3c4abf9e,remote_checkin-invalid-1,remote_checkin-invalid-1--record_first,remote_checkin,record_first,invalid,INELIGIBLE,commit_then_review,recovered,ELIGIBLE,164,25,0,0,0,1,0,1,0,0,1,0,0,0,0,0,0
Gemma-3-4B,mlx-community/gemma-3-text-4b-it-4bit,4f665a4c50ecfe4ecdc34056ab52fe3e3c4abf9e,remote_checkin-invalid-2,remote_checkin-invalid-2--policy_first,remote_checkin,policy_first,invalid,INELIGIBLE,independent_review,recovered,ELIGIBLE,171,26,0,0,0,1,0,1,0,0,1,0,0,,,,
Gemma-3-4B,mlx-community/gemma-3-text-4b-it-4bit,4f665a4c50ecfe4ecdc34056ab52fe3e3c4abf9e,remote_checkin-invalid-2,remote_checkin-invalid-2--policy_first,remote_checkin,policy_first,invalid,INELIGIBLE,prior_rationale,recovered,ELIGIBLE,169,26,0,0,0,1,0,1,0,0,1,0,0,,,,
Gemma-3-4B,mlx-community/gemma-3-text-4b-it-4bit,4f665a4c50ecfe4ecdc34056ab52fe3e3c4abf9e,remote_checkin-invalid-2,remote_checkin-invalid-2--policy_first,remote_checkin,policy_first,invalid,INELIGIBLE,evidence_checklist,recovered,ELIGIBLE,164,25,0,0,0,1,0,1,0,0,1,0,0,,,,
Gemma-3-4B,mlx-community/gemma-3-text-4b-it-4bit,4f665a4c50ecfe4ecdc34056ab52fe3e3c4abf9e,remote_checkin-invalid-2,remote_checkin-invalid-2--policy_first,remote_checkin,policy_first,invalid,INELIGIBLE,commit_then_review,recovered,ELIGIBLE,171,26,0,0,0,1,0,1,0,0,1,0,0,0,0,0,0
Gemma-3-4B,mlx-community/gemma-3-text-4b-it-4bit,4f665a4c50ecfe4ecdc34056ab52fe3e3c4abf9e,remote_checkin-invalid-2,remote_checkin-invalid-2--record_first,remote_checkin,record_first,invalid,INELIGIBLE,independent_review,recovered,ELIGIBLE,154,24,0,0,0,1,0,1,0,0,1,0,0,,,,
Gemma-3-4B,mlx-community/gemma-3-text-4b-it-4bit,4f665a4c50ecfe4ecdc34056ab52fe3e3c4abf9e,remote_checkin-invalid-2,remote_checkin-invalid-2--record_first,remote_checkin,record_first,invalid,INELIGIBLE,prior_rationale,recovered,ELIGIBLE,134,21,0,0,0,1,0,1,0,0,1,0,0,,,,
Gemma-3-4B,mlx-community/gemma-3-text-4b-it-4bit,4f665a4c50ecfe4ecdc34056ab52fe3e3c4abf9e,remote_checkin-invalid-2,remote_checkin-invalid-2--record_first,remote_checkin,record_first,invalid,INELIGIBLE,evidence_checklist,recovered,ELIGIBLE,139,21,0,0,0,1,0,1,0,0,1,0,0,,,,
Gemma-3-4B,mlx-community/gemma-3-text-4b-it-4bit,4f665a4c50ecfe4ecdc34056ab52fe3e3c4abf9e,remote_checkin-invalid-2,remote_checkin-invalid-2--record_first,remote_checkin,record_first,invalid,INELIGIBLE,commit_then_review,recovered,ELIGIBLE,155,24,0,0,0,1,0,1,0,0,1,0,0,0,0,0,0
Gemma-3-4B,mlx-community/gemma-3-text-4b-it-4bit,4f665a4c50ecfe4ecdc34056ab52fe3e3c4abf9e,remote_checkin-invalid-3,remote_checkin-invalid-3--policy_first,remote_checkin,policy_first,invalid,INELIGIBLE,independent_review,recovered,ELIGIBLE,164,25,0,0,0,1,0,1,0,0,1,0,0,,,,
Gemma-3-4B,mlx-community/gemma-3-text-4b-it-4bit,4f665a4c50ecfe4ecdc34056ab52fe3e3c4abf9e,remote_checkin-invalid-3,remote_checkin-invalid-3--policy_first,remote_checkin,policy_first,invalid,INELIGIBLE,prior_rationale,recovered,ELIGIBLE,164,25,0,0,0,1,0,1,0,0,1,0,0,,,,
Gemma-3-4B,mlx-community/gemma-3-text-4b-it-4bit,4f665a4c50ecfe4ecdc34056ab52fe3e3c4abf9e,remote_checkin-invalid-3,remote_checkin-invalid-3--policy_first,remote_checkin,policy_first,invalid,INELIGIBLE,evidence_checklist,recovered,ELIGIBLE,157,24,0,0,0,1,0,1,0,0,1,0,0,,,,
Gemma-3-4B,mlx-community/gemma-3-text-4b-it-4bit,4f665a4c50ecfe4ecdc34056ab52fe3e3c4abf9e,remote_checkin-invalid-3,remote_checkin-invalid-3--policy_first,remote_checkin,policy_first,invalid,INELIGIBLE,commit_then_review,recovered,ELIGIBLE,164,25,0,0,0,1,0,1,0,0,1,0,0,0,0,0,0
Gemma-3-4B,mlx-community/gemma-3-text-4b-it-4bit,4f665a4c50ecfe4ecdc34056ab52fe3e3c4abf9e,remote_checkin-invalid-3,remote_checkin-invalid-3--record_first,remote_checkin,record_first,invalid,INELIGIBLE,independent_review,recovered,ELIGIBLE,165,26,0,0,0,1,0,1,0,0,1,0,0,,,,
Gemma-3-4B,mlx-community/gemma-3-text-4b-it-4bit,4f665a4c50ecfe4ecdc34056ab52fe3e3c4abf9e,remote_checkin-invalid-3,remote_checkin-invalid-3--record_first,remote_checkin,record_first,invalid,INELIGIBLE,prior_rationale,recovered,ELIGIBLE,164,25,0,0,0,1,0,1,0,0,1,0,0,,,,
Gemma-3-4B,mlx-community/gemma-3-text-4b-it-4bit,4f665a4c50ecfe4ecdc34056ab52fe3e3c4abf9e,remote_checkin-invalid-3,remote_checkin-invalid-3--record_first,remote_checkin,record_first,invalid,INELIGIBLE,evidence_checklist,recovered,ELIGIBLE,157,24,0,0,0,1,0,1,0,0,1,0,0,,,,
Gemma-3-4B,mlx-community/gemma-3-text-4b-it-4bit,4f665a4c50ecfe4ecdc34056ab52fe3e3c4abf9e,remote_checkin-invalid-3,remote_checkin-invalid-3--record_first,remote_checkin,record_first,invalid,INELIGIBLE,commit_then_review,recovered,ELIGIBLE,165,26,0,0,0,1,0,1,0,0,1,0,0,0,0,0,0
Gemma-3-4B,mlx-community/gemma-3-text-4b-it-4bit,4f665a4c50ecfe4ecdc34056ab52fe3e3c4abf9e,remote_checkin-incomplete-1,remote_checkin-incomplete-1--policy_first,remote_checkin,policy_first,incomplete,NEED_INFORMATION,independent_review,recovered,ELIGIBLE,164,25,0,0,0,1,0,1,0,0,0,0,0,,,,
Gemma-3-4B,mlx-community/gemma-3-text-4b-it-4bit,4f665a4c50ecfe4ecdc34056ab52fe3e3c4abf9e,remote_checkin-incomplete-1,remote_checkin-incomplete-1--policy_first,remote_checkin,policy_first,incomplete,NEED_INFORMATION,prior_rationale,recovered,NEED_INFORMATION,211,29,0,1,1,1,1,1,0,0,0,1,0,,,,
Gemma-3-4B,mlx-community/gemma-3-text-4b-it-4bit,4f665a4c50ecfe4ecdc34056ab52fe3e3c4abf9e,remote_checkin-incomplete-1,remote_checkin-incomplete-1--policy_first,remote_checkin,policy_first,incomplete,NEED_INFORMATION,evidence_checklist,recovered,NEED_INFORMATION,199,28,0,1,1,1,1,1,0,0,0,1,0,,,,
Gemma-3-4B,mlx-community/gemma-3-text-4b-it-4bit,4f665a4c50ecfe4ecdc34056ab52fe3e3c4abf9e,remote_checkin-incomplete-1,remote_checkin-incomplete-1--policy_first,remote_checkin,policy_first,incomplete,NEED_INFORMATION,commit_then_review,recovered,NEED_INFORMATION,202,27,0,1,1,1,1,1,0,0,0,1,0,0,0,0,1
Gemma-3-4B,mlx-community/gemma-3-text-4b-it-4bit,4f665a4c50ecfe4ecdc34056ab52fe3e3c4abf9e,remote_checkin-incomplete-1,remote_checkin-incomplete-1--record_first,remote_checkin,record_first,incomplete,NEED_INFORMATION,independent_review,recovered,ELIGIBLE,132,18,0,0,0,1,0,1,0,0,0,0,0,,,,
Gemma-3-4B,mlx-community/gemma-3-text-4b-it-4bit,4f665a4c50ecfe4ecdc34056ab52fe3e3c4abf9e,remote_checkin-incomplete-1,remote_checkin-incomplete-1--record_first,remote_checkin,record_first,incomplete,NEED_INFORMATION,prior_rationale,recovered,ELIGIBLE,164,25,0,0,0,1,0,1,0,0,0,0,0,,,,
Gemma-3-4B,mlx-community/gemma-3-text-4b-it-4bit,4f665a4c50ecfe4ecdc34056ab52fe3e3c4abf9e,remote_checkin-incomplete-1,remote_checkin-incomplete-1--record_first,remote_checkin,record_first,incomplete,NEED_INFORMATION,evidence_checklist,recovered,ELIGIBLE,166,26,0,0,0,1,0,1,0,0,0,0,0,,,,
Gemma-3-4B,mlx-community/gemma-3-text-4b-it-4bit,4f665a4c50ecfe4ecdc34056ab52fe3e3c4abf9e,remote_checkin-incomplete-1,remote_checkin-incomplete-1--record_first,remote_checkin,record_first,incomplete,NEED_INFORMATION,commit_then_review,recovered,ELIGIBLE,123,18,0,0,0,1,0,1,0,0,0,0,0,0,0,0,0
Gemma-3-4B,mlx-community/gemma-3-text-4b-it-4bit,4f665a4c50ecfe4ecdc34056ab52fe3e3c4abf9e,remote_checkin-incomplete-2,remote_checkin-incomplete-2--policy_first,remote_checkin,policy_first,incomplete,NEED_INFORMATION,independent_review,recovered,ELIGIBLE,148,21,0,0,1,1,0,1,0,0,0,0,0,,,,
Gemma-3-4B,mlx-community/gemma-3-text-4b-it-4bit,4f665a4c50ecfe4ecdc34056ab52fe3e3c4abf9e,remote_checkin-incomplete-2,remote_checkin-incomplete-2--policy_first,remote_checkin,policy_first,incomplete,NEED_INFORMATION,prior_rationale,recovered,NEED_INFORMATION,148,21,0,1,1,1,1,1,0,0,0,1,0,,,,
Gemma-3-4B,mlx-community/gemma-3-text-4b-it-4bit,4f665a4c50ecfe4ecdc34056ab52fe3e3c4abf9e,remote_checkin-incomplete-2,remote_checkin-incomplete-2--policy_first,remote_checkin,policy_first,incomplete,NEED_INFORMATION,evidence_checklist,recovered,NEED_INFORMATION,131,20,0,1,1,1,1,1,0,0,0,1,0,,,,
Gemma-3-4B,mlx-community/gemma-3-text-4b-it-4bit,4f665a4c50ecfe4ecdc34056ab52fe3e3c4abf9e,remote_checkin-incomplete-2,remote_checkin-incomplete-2--policy_first,remote_checkin,policy_first,incomplete,NEED_INFORMATION,commit_then_review,recovered,NEED_INFORMATION,202,27,0,1,1,1,1,1,0,0,0,1,0,0,0,0,1
Gemma-3-4B,mlx-community/gemma-3-text-4b-it-4bit,4f665a4c50ecfe4ecdc34056ab52fe3e3c4abf9e,remote_checkin-incomplete-2,remote_checkin-incomplete-2--record_first,remote_checkin,record_first,incomplete,NEED_INFORMATION,independent_review,recovered,ELIGIBLE,132,18,0,0,0,1,0,1,0,0,0,0,0,,,,
Gemma-3-4B,mlx-community/gemma-3-text-4b-it-4bit,4f665a4c50ecfe4ecdc34056ab52fe3e3c4abf9e,remote_checkin-incomplete-2,remote_checkin-incomplete-2--record_first,remote_checkin,record_first,incomplete,NEED_INFORMATION,prior_rationale,recovered,ELIGIBLE,164,25,0,0,0,1,0,1,0,0,0,0,0,,,,
Gemma-3-4B,mlx-community/gemma-3-text-4b-it-4bit,4f665a4c50ecfe4ecdc34056ab52fe3e3c4abf9e,remote_checkin-incomplete-2,remote_checkin-incomplete-2--record_first,remote_checkin,record_first,incomplete,NEED_INFORMATION,evidence_checklist,recovered,ELIGIBLE,157,24,0,0,0,1,0,1,0,0,0,0,0,,,,
Gemma-3-4B,mlx-community/gemma-3-text-4b-it-4bit,4f665a4c50ecfe4ecdc34056ab52fe3e3c4abf9e,remote_checkin-incomplete-2,remote_checkin-incomplete-2--record_first,remote_checkin,record_first,incomplete,NEED_INFORMATION,commit_then_review,recovered,ELIGIBLE,123,18,0,0,0,1,0,1,0,0,0,0,0,0,0,0,0
Gemma-3-4B,mlx-community/gemma-3-text-4b-it-4bit,4f665a4c50ecfe4ecdc34056ab52fe3e3c4abf9e,remote_checkin-incomplete-3,remote_checkin-incomplete-3--policy_first,remote_checkin,policy_first,incomplete,NEED_INFORMATION,independent_review,recovered,ELIGIBLE,202,27,0,0,1,1,0,1,0,0,0,0,0,,,,
Gemma-3-4B,mlx-community/gemma-3-text-4b-it-4bit,4f665a4c50ecfe4ecdc34056ab52fe3e3c4abf9e,remote_checkin-incomplete-3,remote_checkin-incomplete-3--policy_first,remote_checkin,policy_first,incomplete,NEED_INFORMATION,prior_rationale,recovered,NEED_INFORMATION,202,27,0,1,1,1,1,1,0,0,0,1,0,,,,
Gemma-3-4B,mlx-community/gemma-3-text-4b-it-4bit,4f665a4c50ecfe4ecdc34056ab52fe3e3c4abf9e,remote_checkin-incomplete-3,remote_checkin-incomplete-3--policy_first,remote_checkin,policy_first,incomplete,NEED_INFORMATION,evidence_checklist,recovered,NEED_INFORMATION,199,28,0,1,1,1,1,1,0,0,0,1,0,,,,
Gemma-3-4B,mlx-community/gemma-3-text-4b-it-4bit,4f665a4c50ecfe4ecdc34056ab52fe3e3c4abf9e,remote_checkin-incomplete-3,remote_checkin-incomplete-3--policy_first,remote_checkin,policy_first,incomplete,NEED_INFORMATION,commit_then_review,recovered,NEED_INFORMATION,202,27,0,1,1,1,1,1,0,0,0,1,0,0,0,0,1
Gemma-3-4B,mlx-community/gemma-3-text-4b-it-4bit,4f665a4c50ecfe4ecdc34056ab52fe3e3c4abf9e,remote_checkin-incomplete-3,remote_checkin-incomplete-3--record_first,remote_checkin,record_first,incomplete,NEED_INFORMATION,independent_review,recovered,ELIGIBLE,141,20,0,0,0,1,0,1,0,0,0,0,0,,,,
Gemma-3-4B,mlx-community/gemma-3-text-4b-it-4bit,4f665a4c50ecfe4ecdc34056ab52fe3e3c4abf9e,remote_checkin-incomplete-3,remote_checkin-incomplete-3--record_first,remote_checkin,record_first,incomplete,NEED_INFORMATION,prior_rationale,recovered,ELIGIBLE,164,25,0,0,0,1,0,1,0,0,0,0,0,,,,
Gemma-3-4B,mlx-community/gemma-3-text-4b-it-4bit,4f665a4c50ecfe4ecdc34056ab52fe3e3c4abf9e,remote_checkin-incomplete-3,remote_checkin-incomplete-3--record_first,remote_checkin,record_first,incomplete,NEED_INFORMATION,evidence_checklist,recovered,ELIGIBLE,151,22,0,0,0,1,0,1,0,0,0,0,0,,,,
Gemma-3-4B,mlx-community/gemma-3-text-4b-it-4bit,4f665a4c50ecfe4ecdc34056ab52fe3e3c4abf9e,remote_checkin-incomplete-3,remote_checkin-incomplete-3--record_first,remote_checkin,record_first,incomplete,NEED_INFORMATION,commit_then_review,recovered,ELIGIBLE,132,18,0,0,0,1,0,1,0,0,0,0,0,0,0,0,0
Gemma-3-4B,mlx-community/gemma-3-text-4b-it-4bit,4f665a4c50ecfe4ecdc34056ab52fe3e3c4abf9e,remote_checkin-conflict-1,remote_checkin-conflict-1--policy_first,remote_checkin,policy_first,conflict,HUMAN_REVIEW,independent_review,recovered,ELIGIBLE,141,21,0,0,0,0,0,1,0,0,0,0,0,,,,
Gemma-3-4B,mlx-community/gemma-3-text-4b-it-4bit,4f665a4c50ecfe4ecdc34056ab52fe3e3c4abf9e,remote_checkin-conflict-1,remote_checkin-conflict-1--policy_first,remote_checkin,policy_first,conflict,HUMAN_REVIEW,prior_rationale,recovered,ELIGIBLE,164,25,0,0,0,0,0,1,0,0,0,0,0,,,,
Gemma-3-4B,mlx-community/gemma-3-text-4b-it-4bit,4f665a4c50ecfe4ecdc34056ab52fe3e3c4abf9e,remote_checkin-conflict-1,remote_checkin-conflict-1--policy_first,remote_checkin,policy_first,conflict,HUMAN_REVIEW,evidence_checklist,recovered,ELIGIBLE,164,25,0,0,0,0,0,1,0,0,0,0,0,,,,
Gemma-3-4B,mlx-community/gemma-3-text-4b-it-4bit,4f665a4c50ecfe4ecdc34056ab52fe3e3c4abf9e,remote_checkin-conflict-1,remote_checkin-conflict-1--policy_first,remote_checkin,policy_first,conflict,HUMAN_REVIEW,commit_then_review,recovered,ELIGIBLE,141,21,0,0,0,0,0,1,0,0,0,0,0,0,0,0,0
Gemma-3-4B,mlx-community/gemma-3-text-4b-it-4bit,4f665a4c50ecfe4ecdc34056ab52fe3e3c4abf9e,remote_checkin-conflict-1,remote_checkin-conflict-1--record_first,remote_checkin,record_first,conflict,HUMAN_REVIEW,independent_review,recovered,ELIGIBLE,145,20,0,0,0,0,0,1,0,0,0,0,0,,,,
Gemma-3-4B,mlx-community/gemma-3-text-4b-it-4bit,4f665a4c50ecfe4ecdc34056ab52fe3e3c4abf9e,remote_checkin-conflict-1,remote_checkin-conflict-1--record_first,remote_checkin,record_first,conflict,HUMAN_REVIEW,prior_rationale,recovered,ELIGIBLE,164,25,0,0,0,0,0,1,0,0,0,0,0,,,,
Gemma-3-4B,mlx-community/gemma-3-text-4b-it-4bit,4f665a4c50ecfe4ecdc34056ab52fe3e3c4abf9e,remote_checkin-conflict-1,remote_checkin-conflict-1--record_first,remote_checkin,record_first,conflict,HUMAN_REVIEW,evidence_checklist,recovered,ELIGIBLE,164,25,0,0,0,0,0,1,0,0,0,0,0,,,,
Gemma-3-4B,mlx-community/gemma-3-text-4b-it-4bit,4f665a4c50ecfe4ecdc34056ab52fe3e3c4abf9e,remote_checkin-conflict-1,remote_checkin-conflict-1--record_first,remote_checkin,record_first,conflict,HUMAN_REVIEW,commit_then_review,recovered,ELIGIBLE,173,27,0,0,0,0,0,1,0,0,0,0,0,0,0,0,0
Gemma-3-4B,mlx-community/gemma-3-text-4b-it-4bit,4f665a4c50ecfe4ecdc34056ab52fe3e3c4abf9e,remote_checkin-conflict-2,remote_checkin-conflict-2--policy_first,remote_checkin,policy_first,conflict,HUMAN_REVIEW,independent_review,recovered,ELIGIBLE,141,21,0,0,0,0,0,1,0,0,0,0,0,,,,
Gemma-3-4B,mlx-community/gemma-3-text-4b-it-4bit,4f665a4c50ecfe4ecdc34056ab52fe3e3c4abf9e,remote_checkin-conflict-2,remote_checkin-conflict-2--policy_first,remote_checkin,policy_first,conflict,HUMAN_REVIEW,prior_rationale,recovered,ELIGIBLE,157,24,0,0,0,0,0,1,0,0,0,0,0,,,,
Gemma-3-4B,mlx-community/gemma-3-text-4b-it-4bit,4f665a4c50ecfe4ecdc34056ab52fe3e3c4abf9e,remote_checkin-conflict-2,remote_checkin-conflict-2--policy_first,remote_checkin,policy_first,conflict,HUMAN_REVIEW,evidence_checklist,recovered,ELIGIBLE,164,25,0,0,0,0,0,1,0,0,0,0,0,,,,
Gemma-3-4B,mlx-community/gemma-3-text-4b-it-4bit,4f665a4c50ecfe4ecdc34056ab52fe3e3c4abf9e,remote_checkin-conflict-2,remote_checkin-conflict-2--policy_first,remote_checkin,policy_first,conflict,HUMAN_REVIEW,commit_then_review,recovered,ELIGIBLE,141,21,0,0,0,0,0,1,0,0,0,0,0,0,0,0,0
Gemma-3-4B,mlx-community/gemma-3-text-4b-it-4bit,4f665a4c50ecfe4ecdc34056ab52fe3e3c4abf9e,remote_checkin-conflict-2,remote_checkin-conflict-2--record_first,remote_checkin,record_first,conflict,HUMAN_REVIEW,independent_review,recovered,ELIGIBLE,170,26,0,0,0,0,0,1,0,0,0,0,0,,,,
Gemma-3-4B,mlx-community/gemma-3-text-4b-it-4bit,4f665a4c50ecfe4ecdc34056ab52fe3e3c4abf9e,remote_checkin-conflict-2,remote_checkin-conflict-2--record_first,remote_checkin,record_first,conflict,HUMAN_REVIEW,prior_rationale,recovered,ELIGIBLE,164,25,0,0,0,0,0,1,0,0,0,0,0,,,,
Gemma-3-4B,mlx-community/gemma-3-text-4b-it-4bit,4f665a4c50ecfe4ecdc34056ab52fe3e3c4abf9e,remote_checkin-conflict-2,remote_checkin-conflict-2--record_first,remote_checkin,record_first,conflict,HUMAN_REVIEW,evidence_checklist,recovered,ELIGIBLE,164,25,0,0,0,0,0,1,0,0,0,0,0,,,,
Gemma-3-4B,mlx-community/gemma-3-text-4b-it-4bit,4f665a4c50ecfe4ecdc34056ab52fe3e3c4abf9e,remote_checkin-conflict-2,remote_checkin-conflict-2--record_first,remote_checkin,record_first,conflict,HUMAN_REVIEW,commit_then_review,recovered,ELIGIBLE,173,27,0,0,0,0,0,1,0,0,0,0,0,0,0,0,0
Gemma-3-4B,mlx-community/gemma-3-text-4b-it-4bit,4f665a4c50ecfe4ecdc34056ab52fe3e3c4abf9e,remote_checkin-conflict-3,remote_checkin-conflict-3--policy_first,remote_checkin,policy_first,conflict,HUMAN_REVIEW,independent_review,recovered,ELIGIBLE,141,21,0,0,0,0,0,1,0,0,0,0,0,,,,
Gemma-3-4B,mlx-community/gemma-3-text-4b-it-4bit,4f665a4c50ecfe4ecdc34056ab52fe3e3c4abf9e,remote_checkin-conflict-3,remote_checkin-conflict-3--policy_first,remote_checkin,policy_first,conflict,HUMAN_REVIEW,prior_rationale,recovered,ELIGIBLE,157,24,0,0,0,0,0,1,0,0,0,0,0,,,,
Gemma-3-4B,mlx-community/gemma-3-text-4b-it-4bit,4f665a4c50ecfe4ecdc34056ab52fe3e3c4abf9e,remote_checkin-conflict-3,remote_checkin-conflict-3--policy_first,remote_checkin,policy_first,conflict,HUMAN_REVIEW,evidence_checklist,recovered,ELIGIBLE,164,25,0,0,0,0,0,1,0,0,0,0,0,,,,
Gemma-3-4B,mlx-community/gemma-3-text-4b-it-4bit,4f665a4c50ecfe4ecdc34056ab52fe3e3c4abf9e,remote_checkin-conflict-3,remote_checkin-conflict-3--policy_first,remote_checkin,policy_first,conflict,HUMAN_REVIEW,commit_then_review,recovered,ELIGIBLE,141,21,0,0,0,0,0,1,0,0,0,0,0,0,0,0,0
Gemma-3-4B,mlx-community/gemma-3-text-4b-it-4bit,4f665a4c50ecfe4ecdc34056ab52fe3e3c4abf9e,remote_checkin-conflict-3,remote_checkin-conflict-3--record_first,remote_checkin,record_first,conflict,HUMAN_REVIEW,independent_review,recovered,ELIGIBLE,173,27,0,0,0,0,0,1,0,0,0,0,0,,,,
Gemma-3-4B,mlx-community/gemma-3-text-4b-it-4bit,4f665a4c50ecfe4ecdc34056ab52fe3e3c4abf9e,remote_checkin-conflict-3,remote_checkin-conflict-3--record_first,remote_checkin,record_first,conflict,HUMAN_REVIEW,prior_rationale,recovered,ELIGIBLE,164,25,0,0,0,0,0,1,0,0,0,0,0,,,,
Gemma-3-4B,mlx-community/gemma-3-text-4b-it-4bit,4f665a4c50ecfe4ecdc34056ab52fe3e3c4abf9e,remote_checkin-conflict-3,remote_checkin-conflict-3--record_first,remote_checkin,record_first,conflict,HUMAN_REVIEW,evidence_checklist,recovered,ELIGIBLE,164,25,0,0,0,0,0,1,0,0,0,0,0,,,,
Gemma-3-4B,mlx-community/gemma-3-text-4b-it-4bit,4f665a4c50ecfe4ecdc34056ab52fe3e3c4abf9e,remote_checkin-conflict-3,remote_checkin-conflict-3--record_first,remote_checkin,record_first,conflict,HUMAN_REVIEW,commit_then_review,recovered,ELIGIBLE,173,27,0,0,0,0,0,1,0,0,0,0,0,0,0,0,0
Gemma-3-4B,mlx-community/gemma-3-text-4b-it-4bit,4f665a4c50ecfe4ecdc34056ab52fe3e3c4abf9e,legal_information-valid-1,legal_information-valid-1--policy_first,legal_information,policy_first,valid,ELIGIBLE,independent_review,recovered,ELIGIBLE,161,23,0,1,1,1,1,1,0,0,0,0,0,,,,
Gemma-3-4B,mlx-community/gemma-3-text-4b-it-4bit,4f665a4c50ecfe4ecdc34056ab52fe3e3c4abf9e,legal_information-valid-1,legal_information-valid-1--policy_first,legal_information,policy_first,valid,ELIGIBLE,prior_rationale,recovered,ELIGIBLE,158,23,0,1,1,1,1,1,0,0,0,0,0,,,,
Gemma-3-4B,mlx-community/gemma-3-text-4b-it-4bit,4f665a4c50ecfe4ecdc34056ab52fe3e3c4abf9e,legal_information-valid-1,legal_information-valid-1--policy_first,legal_information,policy_first,valid,ELIGIBLE,evidence_checklist,recovered,ELIGIBLE,154,23,0,1,1,1,1,1,0,0,0,0,0,,,,
Gemma-3-4B,mlx-community/gemma-3-text-4b-it-4bit,4f665a4c50ecfe4ecdc34056ab52fe3e3c4abf9e,legal_information-valid-1,legal_information-valid-1--policy_first,legal_information,policy_first,valid,ELIGIBLE,commit_then_review,recovered,ELIGIBLE,147,22,0,1,1,1,1,1,0,0,0,0,0,0,0,0,1
Gemma-3-4B,mlx-community/gemma-3-text-4b-it-4bit,4f665a4c50ecfe4ecdc34056ab52fe3e3c4abf9e,legal_information-valid-1,legal_information-valid-1--record_first,legal_information,record_first,valid,ELIGIBLE,independent_review,recovered,ELIGIBLE,131,20,0,1,1,1,1,1,0,0,0,0,0,,,,
Gemma-3-4B,mlx-community/gemma-3-text-4b-it-4bit,4f665a4c50ecfe4ecdc34056ab52fe3e3c4abf9e,legal_information-valid-1,legal_information-valid-1--record_first,legal_information,record_first,valid,ELIGIBLE,prior_rationale,recovered,ELIGIBLE,154,23,0,1,1,1,1,1,0,0,0,0,0,,,,
Gemma-3-4B,mlx-community/gemma-3-text-4b-it-4bit,4f665a4c50ecfe4ecdc34056ab52fe3e3c4abf9e,legal_information-valid-1,legal_information-valid-1--record_first,legal_information,record_first,valid,ELIGIBLE,evidence_checklist,recovered,ELIGIBLE,154,23,0,1,1,1,1,1,0,0,0,0,0,,,,
Gemma-3-4B,mlx-community/gemma-3-text-4b-it-4bit,4f665a4c50ecfe4ecdc34056ab52fe3e3c4abf9e,legal_information-valid-1,legal_information-valid-1--record_first,legal_information,record_first,valid,ELIGIBLE,commit_then_review,recovered,ELIGIBLE,141,21,0,1,1,1,1,1,0,0,0,0,0,0,0,0,1
Gemma-3-4B,mlx-community/gemma-3-text-4b-it-4bit,4f665a4c50ecfe4ecdc34056ab52fe3e3c4abf9e,legal_information-valid-2,legal_information-valid-2--policy_first,legal_information,policy_first,valid,ELIGIBLE,independent_review,recovered,ELIGIBLE,158,23,0,1,1,1,1,1,0,0,0,0,0,,,,
Gemma-3-4B,mlx-community/gemma-3-text-4b-it-4bit,4f665a4c50ecfe4ecdc34056ab52fe3e3c4abf9e,legal_information-valid-2,legal_information-valid-2--policy_first,legal_information,policy_first,valid,ELIGIBLE,prior_rationale,recovered,ELIGIBLE,158,23,0,1,1,1,1,1,0,0,0,0,0,,,,
Gemma-3-4B,mlx-community/gemma-3-text-4b-it-4bit,4f665a4c50ecfe4ecdc34056ab52fe3e3c4abf9e,legal_information-valid-2,legal_information-valid-2--policy_first,legal_information,policy_first,valid,ELIGIBLE,evidence_checklist,recovered,ELIGIBLE,154,23,0,1,1,1,1,1,0,0,0,0,0,,,,
Gemma-3-4B,mlx-community/gemma-3-text-4b-it-4bit,4f665a4c50ecfe4ecdc34056ab52fe3e3c4abf9e,legal_information-valid-2,legal_information-valid-2--policy_first,legal_information,policy_first,valid,ELIGIBLE,commit_then_review,recovered,ELIGIBLE,147,22,0,1,1,1,1,1,0,0,0,0,0,0,0,0,1
Gemma-3-4B,mlx-community/gemma-3-text-4b-it-4bit,4f665a4c50ecfe4ecdc34056ab52fe3e3c4abf9e,legal_information-valid-2,legal_information-valid-2--record_first,legal_information,record_first,valid,ELIGIBLE,independent_review,recovered,ELIGIBLE,131,20,0,1,1,1,1,1,0,0,0,0,0,,,,
Gemma-3-4B,mlx-community/gemma-3-text-4b-it-4bit,4f665a4c50ecfe4ecdc34056ab52fe3e3c4abf9e,legal_information-valid-2,legal_information-valid-2--record_first,legal_information,record_first,valid,ELIGIBLE,prior_rationale,recovered,ELIGIBLE,154,23,0,1,1,1,1,1,0,0,0,0,0,,,,
Gemma-3-4B,mlx-community/gemma-3-text-4b-it-4bit,4f665a4c50ecfe4ecdc34056ab52fe3e3c4abf9e,legal_information-valid-2,legal_information-valid-2--record_first,legal_information,record_first,valid,ELIGIBLE,evidence_checklist,recovered,ELIGIBLE,154,23,0,1,1,1,1,1,0,0,0,0,0,,,,
Gemma-3-4B,mlx-community/gemma-3-text-4b-it-4bit,4f665a4c50ecfe4ecdc34056ab52fe3e3c4abf9e,legal_information-valid-2,legal_information-valid-2--record_first,legal_information,record_first,valid,ELIGIBLE,commit_then_review,recovered,ELIGIBLE,131,20,0,1,1,1,1,1,0,0,0,0,0,0,0,0,1
Gemma-3-4B,mlx-community/gemma-3-text-4b-it-4bit,4f665a4c50ecfe4ecdc34056ab52fe3e3c4abf9e,legal_information-valid-3,legal_information-valid-3--policy_first,legal_information,policy_first,valid,ELIGIBLE,independent_review,recovered,ELIGIBLE,161,23,0,1,1,1,1,1,0,0,0,0,0,,,,
Gemma-3-4B,mlx-community/gemma-3-text-4b-it-4bit,4f665a4c50ecfe4ecdc34056ab52fe3e3c4abf9e,legal_information-valid-3,legal_information-valid-3--policy_first,legal_information,policy_first,valid,ELIGIBLE,prior_rationale,recovered,ELIGIBLE,158,23,0,1,1,1,1,1,0,0,0,0,0,,,,
Gemma-3-4B,mlx-community/gemma-3-text-4b-it-4bit,4f665a4c50ecfe4ecdc34056ab52fe3e3c4abf9e,legal_information-valid-3,legal_information-valid-3--policy_first,legal_information,policy_first,valid,ELIGIBLE,evidence_checklist,recovered,ELIGIBLE,154,23,0,1,1,1,1,1,0,0,0,0,0,,,,
Gemma-3-4B,mlx-community/gemma-3-text-4b-it-4bit,4f665a4c50ecfe4ecdc34056ab52fe3e3c4abf9e,legal_information-valid-3,legal_information-valid-3--policy_first,legal_information,policy_first,valid,ELIGIBLE,commit_then_review,recovered,ELIGIBLE,147,22,0,1,1,1,1,1,0,0,0,0,0,0,0,0,1
Gemma-3-4B,mlx-community/gemma-3-text-4b-it-4bit,4f665a4c50ecfe4ecdc34056ab52fe3e3c4abf9e,legal_information-valid-3,legal_information-valid-3--record_first,legal_information,record_first,valid,ELIGIBLE,independent_review,recovered,ELIGIBLE,141,21,0,1,1,1,1,1,0,0,0,0,0,,,,
Gemma-3-4B,mlx-community/gemma-3-text-4b-it-4bit,4f665a4c50ecfe4ecdc34056ab52fe3e3c4abf9e,legal_information-valid-3,legal_information-valid-3--record_first,legal_information,record_first,valid,ELIGIBLE,prior_rationale,recovered,ELIGIBLE,154,23,0,1,1,1,1,1,0,0,0,0,0,,,,
Gemma-3-4B,mlx-community/gemma-3-text-4b-it-4bit,4f665a4c50ecfe4ecdc34056ab52fe3e3c4abf9e,legal_information-valid-3,legal_information-valid-3--record_first,legal_information,record_first,valid,ELIGIBLE,evidence_checklist,recovered,ELIGIBLE,154,23,0,1,1,1,1,1,0,0,0,0,0,,,,
Gemma-3-4B,mlx-community/gemma-3-text-4b-it-4bit,4f665a4c50ecfe4ecdc34056ab52fe3e3c4abf9e,legal_information-valid-3,legal_information-valid-3--record_first,legal_information,record_first,valid,ELIGIBLE,commit_then_review,recovered,ELIGIBLE,141,21,0,1,1,1,1,1,0,0,0,0,0,0,0,0,1
Gemma-3-4B,mlx-community/gemma-3-text-4b-it-4bit,4f665a4c50ecfe4ecdc34056ab52fe3e3c4abf9e,legal_information-invalid-1,legal_information-invalid-1--policy_first,legal_information,policy_first,invalid,INELIGIBLE,independent_review,recovered,ELIGIBLE,155,23,0,0,0,1,0,1,0,0,1,0,0,,,,
Gemma-3-4B,mlx-community/gemma-3-text-4b-it-4bit,4f665a4c50ecfe4ecdc34056ab52fe3e3c4abf9e,legal_information-invalid-1,legal_information-invalid-1--policy_first,legal_information,policy_first,invalid,INELIGIBLE,prior_rationale,recovered,ELIGIBLE,158,23,0,0,0,1,0,1,0,0,1,0,0,,,,
Gemma-3-4B,mlx-community/gemma-3-text-4b-it-4bit,4f665a4c50ecfe4ecdc34056ab52fe3e3c4abf9e,legal_information-invalid-1,legal_information-invalid-1--policy_first,legal_information,policy_first,invalid,INELIGIBLE,evidence_checklist,recovered,ELIGIBLE,154,23,0,0,0,1,0,1,0,0,1,0,0,,,,
Gemma-3-4B,mlx-community/gemma-3-text-4b-it-4bit,4f665a4c50ecfe4ecdc34056ab52fe3e3c4abf9e,legal_information-invalid-1,legal_information-invalid-1--policy_first,legal_information,policy_first,invalid,INELIGIBLE,commit_then_review,recovered,ELIGIBLE,150,22,0,0,0,1,0,1,0,0,1,0,0,0,0,0,0
Gemma-3-4B,mlx-community/gemma-3-text-4b-it-4bit,4f665a4c50ecfe4ecdc34056ab52fe3e3c4abf9e,legal_information-invalid-1,legal_information-invalid-1--record_first,legal_information,record_first,invalid,INELIGIBLE,independent_review,recovered,ELIGIBLE,141,21,0,0,0,1,0,1,0,0,1,0,0,,,,
Gemma-3-4B,mlx-community/gemma-3-text-4b-it-4bit,4f665a4c50ecfe4ecdc34056ab52fe3e3c4abf9e,legal_information-invalid-1,legal_information-invalid-1--record_first,legal_information,record_first,invalid,INELIGIBLE,prior_rationale,recovered,ELIGIBLE,154,23,0,0,0,1,0,1,0,0,1,0,0,,,,
Gemma-3-4B,mlx-community/gemma-3-text-4b-it-4bit,4f665a4c50ecfe4ecdc34056ab52fe3e3c4abf9e,legal_information-invalid-1,legal_information-invalid-1--record_first,legal_information,record_first,invalid,INELIGIBLE,evidence_checklist,recovered,ELIGIBLE,154,23,0,0,0,1,0,1,0,0,1,0,0,,,,
Gemma-3-4B,mlx-community/gemma-3-text-4b-it-4bit,4f665a4c50ecfe4ecdc34056ab52fe3e3c4abf9e,legal_information-invalid-1,legal_information-invalid-1--record_first,legal_information,record_first,invalid,INELIGIBLE,commit_then_review,recovered,ELIGIBLE,141,21,0,0,0,1,0,1,0,0,1,0,0,0,0,0,0
Gemma-3-4B,mlx-community/gemma-3-text-4b-it-4bit,4f665a4c50ecfe4ecdc34056ab52fe3e3c4abf9e,legal_information-invalid-2,legal_information-invalid-2--policy_first,legal_information,policy_first,invalid,INELIGIBLE,independent_review,recovered,ELIGIBLE,150,22,0,0,0,1,0,1,0,0,1,0,0,,,,
Gemma-3-4B,mlx-community/gemma-3-text-4b-it-4bit,4f665a4c50ecfe4ecdc34056ab52fe3e3c4abf9e,legal_information-invalid-2,legal_information-invalid-2--policy_first,legal_information,policy_first,invalid,INELIGIBLE,prior_rationale,recovered,ELIGIBLE,142,21,0,0,0,1,0,1,0,0,1,0,0,,,,
Gemma-3-4B,mlx-community/gemma-3-text-4b-it-4bit,4f665a4c50ecfe4ecdc34056ab52fe3e3c4abf9e,legal_information-invalid-2,legal_information-invalid-2--policy_first,legal_information,policy_first,invalid,INELIGIBLE,evidence_checklist,recovered,ELIGIBLE,147,22,0,0,0,1,0,1,0,0,1,0,0,,,,
Gemma-3-4B,mlx-community/gemma-3-text-4b-it-4bit,4f665a4c50ecfe4ecdc34056ab52fe3e3c4abf9e,legal_information-invalid-2,legal_information-invalid-2--policy_first,legal_information,policy_first,invalid,INELIGIBLE,commit_then_review,recovered,ELIGIBLE,150,22,0,0,0,1,0,1,0,0,1,0,0,0,0,0,0
Gemma-3-4B,mlx-community/gemma-3-text-4b-it-4bit,4f665a4c50ecfe4ecdc34056ab52fe3e3c4abf9e,legal_information-invalid-2,legal_information-invalid-2--record_first,legal_information,record_first,invalid,INELIGIBLE,independent_review,recovered,ELIGIBLE,148,22,0,0,0,1,0,1,0,0,1,0,0,,,,
Gemma-3-4B,mlx-community/gemma-3-text-4b-it-4bit,4f665a4c50ecfe4ecdc34056ab52fe3e3c4abf9e,legal_information-invalid-2,legal_information-invalid-2--record_first,legal_information,record_first,invalid,INELIGIBLE,prior_rationale,recovered,ELIGIBLE,154,23,0,0,0,1,0,1,0,0,1,0,0,,,,
Gemma-3-4B,mlx-community/gemma-3-text-4b-it-4bit,4f665a4c50ecfe4ecdc34056ab52fe3e3c4abf9e,legal_information-invalid-2,legal_information-invalid-2--record_first,legal_information,record_first,invalid,INELIGIBLE,evidence_checklist,recovered,ELIGIBLE,149,22,0,0,0,1,0,1,0,0,1,0,0,,,,
Gemma-3-4B,mlx-community/gemma-3-text-4b-it-4bit,4f665a4c50ecfe4ecdc34056ab52fe3e3c4abf9e,legal_information-invalid-2,legal_information-invalid-2--record_first,legal_information,record_first,invalid,INELIGIBLE,commit_then_review,recovered,ELIGIBLE,148,22,0,0,0,1,0,1,0,0,1,0,0,0,0,0,0
Gemma-3-4B,mlx-community/gemma-3-text-4b-it-4bit,4f665a4c50ecfe4ecdc34056ab52fe3e3c4abf9e,legal_information-invalid-3,legal_information-invalid-3--policy_first,legal_information,policy_first,invalid,INELIGIBLE,independent_review,recovered,ELIGIBLE,155,23,0,0,0,1,0,1,0,0,1,0,0,,,,
Gemma-3-4B,mlx-community/gemma-3-text-4b-it-4bit,4f665a4c50ecfe4ecdc34056ab52fe3e3c4abf9e,legal_information-invalid-3,legal_information-invalid-3--policy_first,legal_information,policy_first,invalid,INELIGIBLE,prior_rationale,recovered,ELIGIBLE,158,23,0,0,0,1,0,1,0,0,1,0,0,,,,
Gemma-3-4B,mlx-community/gemma-3-text-4b-it-4bit,4f665a4c50ecfe4ecdc34056ab52fe3e3c4abf9e,legal_information-invalid-3,legal_information-invalid-3--policy_first,legal_information,policy_first,invalid,INELIGIBLE,evidence_checklist,recovered,INELIGIBLE,178,27,0,1,0,1,0,1,0,0,0,0,0,,,,
Gemma-3-4B,mlx-community/gemma-3-text-4b-it-4bit,4f665a4c50ecfe4ecdc34056ab52fe3e3c4abf9e,legal_information-invalid-3,legal_information-invalid-3--policy_first,legal_information,policy_first,invalid,INELIGIBLE,commit_then_review,recovered,ELIGIBLE,155,23,0,0,0,1,0,1,0,0,1,0,0,0,0,0,0
Gemma-3-4B,mlx-community/gemma-3-text-4b-it-4bit,4f665a4c50ecfe4ecdc34056ab52fe3e3c4abf9e,legal_information-invalid-3,legal_information-invalid-3--record_first,legal_information,record_first,invalid,INELIGIBLE,independent_review,recovered,ELIGIBLE,148,22,0,0,0,1,0,1,0,0,1,0,0,,,,
Gemma-3-4B,mlx-community/gemma-3-text-4b-it-4bit,4f665a4c50ecfe4ecdc34056ab52fe3e3c4abf9e,legal_information-invalid-3,legal_information-invalid-3--record_first,legal_information,record_first,invalid,INELIGIBLE,prior_rationale,recovered,ELIGIBLE,154,23,0,0,0,1,0,1,0,0,1,0,0,,,,
Gemma-3-4B,mlx-community/gemma-3-text-4b-it-4bit,4f665a4c50ecfe4ecdc34056ab52fe3e3c4abf9e,legal_information-invalid-3,legal_information-invalid-3--record_first,legal_information,record_first,invalid,INELIGIBLE,evidence_checklist,recovered,ELIGIBLE,154,23,0,0,0,1,0,1,0,0,1,0,0,,,,
Gemma-3-4B,mlx-community/gemma-3-text-4b-it-4bit,4f665a4c50ecfe4ecdc34056ab52fe3e3c4abf9e,legal_information-invalid-3,legal_information-invalid-3--record_first,legal_information,record_first,invalid,INELIGIBLE,commit_then_review,recovered,ELIGIBLE,148,22,0,0,0,1,0,1,0,0,1,0,0,0,0,0,0
Gemma-3-4B,mlx-community/gemma-3-text-4b-it-4bit,4f665a4c50ecfe4ecdc34056ab52fe3e3c4abf9e,legal_information-incomplete-1,legal_information-incomplete-1--policy_first,legal_information,policy_first,incomplete,NEED_INFORMATION,independent_review,recovered,ELIGIBLE,129,19,0,0,0,1,0,1,0,0,0,0,0,,,,
Gemma-3-4B,mlx-community/gemma-3-text-4b-it-4bit,4f665a4c50ecfe4ecdc34056ab52fe3e3c4abf9e,legal_information-incomplete-1,legal_information-incomplete-1--policy_first,legal_information,policy_first,incomplete,NEED_INFORMATION,prior_rationale,recovered,ELIGIBLE,154,23,0,0,0,1,0,1,0,0,0,0,0,,,,
Gemma-3-4B,mlx-community/gemma-3-text-4b-it-4bit,4f665a4c50ecfe4ecdc34056ab52fe3e3c4abf9e,legal_information-incomplete-1,legal_information-incomplete-1--policy_first,legal_information,policy_first,incomplete,NEED_INFORMATION,evidence_checklist,recovered,ELIGIBLE,147,22,0,0,0,1,0,1,0,0,0,0,0,,,,
Gemma-3-4B,mlx-community/gemma-3-text-4b-it-4bit,4f665a4c50ecfe4ecdc34056ab52fe3e3c4abf9e,legal_information-incomplete-1,legal_information-incomplete-1--policy_first,legal_information,policy_first,incomplete,NEED_INFORMATION,commit_then_review,recovered,ELIGIBLE,129,19,0,0,0,1,0,1,0,0,0,0,0,0,0,0,0
Gemma-3-4B,mlx-community/gemma-3-text-4b-it-4bit,4f665a4c50ecfe4ecdc34056ab52fe3e3c4abf9e,legal_information-incomplete-1,legal_information-incomplete-1--record_first,legal_information,record_first,incomplete,NEED_INFORMATION,independent_review,recovered,ELIGIBLE,141,21,0,0,0,1,0,1,0,0,0,0,0,,,,
Gemma-3-4B,mlx-community/gemma-3-text-4b-it-4bit,4f665a4c50ecfe4ecdc34056ab52fe3e3c4abf9e,legal_information-incomplete-1,legal_information-incomplete-1--record_first,legal_information,record_first,incomplete,NEED_INFORMATION,prior_rationale,recovered,ELIGIBLE,147,22,0,0,0,1,0,1,0,0,0,0,0,,,,
Gemma-3-4B,mlx-community/gemma-3-text-4b-it-4bit,4f665a4c50ecfe4ecdc34056ab52fe3e3c4abf9e,legal_information-incomplete-1,legal_information-incomplete-1--record_first,legal_information,record_first,incomplete,NEED_INFORMATION,evidence_checklist,recovered,ELIGIBLE,140,21,0,0,0,1,0,1,0,0,0,0,0,,,,
Gemma-3-4B,mlx-community/gemma-3-text-4b-it-4bit,4f665a4c50ecfe4ecdc34056ab52fe3e3c4abf9e,legal_information-incomplete-1,legal_information-incomplete-1--record_first,legal_information,record_first,incomplete,NEED_INFORMATION,commit_then_review,recovered,ELIGIBLE,141,21,0,0,0,1,0,1,0,0,0,0,0,0,0,0,0
Gemma-3-4B,mlx-community/gemma-3-text-4b-it-4bit,4f665a4c50ecfe4ecdc34056ab52fe3e3c4abf9e,legal_information-incomplete-2,legal_information-incomplete-2--policy_first,legal_information,policy_first,incomplete,NEED_INFORMATION,independent_review,recovered,ELIGIBLE,129,19,0,0,0,1,0,1,0,0,0,0,0,,,,
Gemma-3-4B,mlx-community/gemma-3-text-4b-it-4bit,4f665a4c50ecfe4ecdc34056ab52fe3e3c4abf9e,legal_information-incomplete-2,legal_information-incomplete-2--policy_first,legal_information,policy_first,incomplete,NEED_INFORMATION,prior_rationale,recovered,ELIGIBLE,154,23,0,0,0,1,0,1,0,0,0,0,0,,,,
Gemma-3-4B,mlx-community/gemma-3-text-4b-it-4bit,4f665a4c50ecfe4ecdc34056ab52fe3e3c4abf9e,legal_information-incomplete-2,legal_information-incomplete-2--policy_first,legal_information,policy_first,incomplete,NEED_INFORMATION,evidence_checklist,recovered,NEED_INFORMATION,187,27,0,1,1,1,1,1,0,0,0,1,0,,,,
Gemma-3-4B,mlx-community/gemma-3-text-4b-it-4bit,4f665a4c50ecfe4ecdc34056ab52fe3e3c4abf9e,legal_information-incomplete-2,legal_information-incomplete-2--policy_first,legal_information,policy_first,incomplete,NEED_INFORMATION,commit_then_review,recovered,ELIGIBLE,129,19,0,0,0,1,0,1,0,0,0,0,0,0,0,0,0
Gemma-3-4B,mlx-community/gemma-3-text-4b-it-4bit,4f665a4c50ecfe4ecdc34056ab52fe3e3c4abf9e,legal_information-incomplete-2,legal_information-incomplete-2--record_first,legal_information,record_first,incomplete,NEED_INFORMATION,independent_review,recovered,ELIGIBLE,141,21,0,0,0,1,0,1,0,0,0,0,0,,,,
Gemma-3-4B,mlx-community/gemma-3-text-4b-it-4bit,4f665a4c50ecfe4ecdc34056ab52fe3e3c4abf9e,legal_information-incomplete-2,legal_information-incomplete-2--record_first,legal_information,record_first,incomplete,NEED_INFORMATION,prior_rationale,recovered,ELIGIBLE,147,22,0,0,0,1,0,1,0,0,0,0,0,,,,
Gemma-3-4B,mlx-community/gemma-3-text-4b-it-4bit,4f665a4c50ecfe4ecdc34056ab52fe3e3c4abf9e,legal_information-incomplete-2,legal_information-incomplete-2--record_first,legal_information,record_first,incomplete,NEED_INFORMATION,evidence_checklist,recovered,ELIGIBLE,140,21,0,0,0,1,0,1,0,0,0,0,0,,,,
Gemma-3-4B,mlx-community/gemma-3-text-4b-it-4bit,4f665a4c50ecfe4ecdc34056ab52fe3e3c4abf9e,legal_information-incomplete-2,legal_information-incomplete-2--record_first,legal_information,record_first,incomplete,NEED_INFORMATION,commit_then_review,recovered,ELIGIBLE,135,20,0,0,0,1,0,1,0,0,0,0,0,0,0,0,0
Gemma-3-4B,mlx-community/gemma-3-text-4b-it-4bit,4f665a4c50ecfe4ecdc34056ab52fe3e3c4abf9e,legal_information-incomplete-3,legal_information-incomplete-3--policy_first,legal_information,policy_first,incomplete,NEED_INFORMATION,independent_review,recovered,ELIGIBLE,129,19,0,0,0,1,0,1,0,0,0,0,0,,,,
Gemma-3-4B,mlx-community/gemma-3-text-4b-it-4bit,4f665a4c50ecfe4ecdc34056ab52fe3e3c4abf9e,legal_information-incomplete-3,legal_information-incomplete-3--policy_first,legal_information,policy_first,incomplete,NEED_INFORMATION,prior_rationale,recovered,ELIGIBLE,142,21,0,0,0,1,0,1,0,0,0,0,0,,,,
Gemma-3-4B,mlx-community/gemma-3-text-4b-it-4bit,4f665a4c50ecfe4ecdc34056ab52fe3e3c4abf9e,legal_information-incomplete-3,legal_information-incomplete-3--policy_first,legal_information,policy_first,incomplete,NEED_INFORMATION,evidence_checklist,recovered,NEED_INFORMATION,187,27,0,1,1,1,1,1,0,0,0,1,0,,,,
Gemma-3-4B,mlx-community/gemma-3-text-4b-it-4bit,4f665a4c50ecfe4ecdc34056ab52fe3e3c4abf9e,legal_information-incomplete-3,legal_information-incomplete-3--policy_first,legal_information,policy_first,incomplete,NEED_INFORMATION,commit_then_review,recovered,ELIGIBLE,129,19,0,0,0,1,0,1,0,0,0,0,0,0,0,0,0
Gemma-3-4B,mlx-community/gemma-3-text-4b-it-4bit,4f665a4c50ecfe4ecdc34056ab52fe3e3c4abf9e,legal_information-incomplete-3,legal_information-incomplete-3--record_first,legal_information,record_first,incomplete,NEED_INFORMATION,independent_review,recovered,ELIGIBLE,141,21,0,0,0,1,0,1,0,0,0,0,0,,,,
Gemma-3-4B,mlx-community/gemma-3-text-4b-it-4bit,4f665a4c50ecfe4ecdc34056ab52fe3e3c4abf9e,legal_information-incomplete-3,legal_information-incomplete-3--record_first,legal_information,record_first,incomplete,NEED_INFORMATION,prior_rationale,recovered,ELIGIBLE,147,22,0,0,0,1,0,1,0,0,0,0,0,,,,
Gemma-3-4B,mlx-community/gemma-3-text-4b-it-4bit,4f665a4c50ecfe4ecdc34056ab52fe3e3c4abf9e,legal_information-incomplete-3,legal_information-incomplete-3--record_first,legal_information,record_first,incomplete,NEED_INFORMATION,evidence_checklist,recovered,ELIGIBLE,140,21,0,0,0,1,0,1,0,0,0,0,0,,,,
Gemma-3-4B,mlx-community/gemma-3-text-4b-it-4bit,4f665a4c50ecfe4ecdc34056ab52fe3e3c4abf9e,legal_information-incomplete-3,legal_information-incomplete-3--record_first,legal_information,record_first,incomplete,NEED_INFORMATION,commit_then_review,recovered,ELIGIBLE,135,20,0,0,0,1,0,1,0,0,0,0,0,0,0,0,0
Gemma-3-4B,mlx-community/gemma-3-text-4b-it-4bit,4f665a4c50ecfe4ecdc34056ab52fe3e3c4abf9e,legal_information-conflict-1,legal_information-conflict-1--policy_first,legal_information,policy_first,conflict,HUMAN_REVIEW,independent_review,recovered,ELIGIBLE,147,22,0,0,0,0,0,1,0,0,0,0,0,,,,
Gemma-3-4B,mlx-community/gemma-3-text-4b-it-4bit,4f665a4c50ecfe4ecdc34056ab52fe3e3c4abf9e,legal_information-conflict-1,legal_information-conflict-1--policy_first,legal_information,policy_first,conflict,HUMAN_REVIEW,prior_rationale,recovered,ELIGIBLE,147,22,0,0,0,0,0,1,0,0,0,0,0,,,,
Gemma-3-4B,mlx-community/gemma-3-text-4b-it-4bit,4f665a4c50ecfe4ecdc34056ab52fe3e3c4abf9e,legal_information-conflict-1,legal_information-conflict-1--policy_first,legal_information,policy_first,conflict,HUMAN_REVIEW,evidence_checklist,recovered,ELIGIBLE,154,23,0,0,0,0,0,1,0,0,0,0,0,,,,
Gemma-3-4B,mlx-community/gemma-3-text-4b-it-4bit,4f665a4c50ecfe4ecdc34056ab52fe3e3c4abf9e,legal_information-conflict-1,legal_information-conflict-1--policy_first,legal_information,policy_first,conflict,HUMAN_REVIEW,commit_then_review,recovered,ELIGIBLE,147,22,0,0,0,0,0,1,0,0,0,0,0,0,0,0,0
Gemma-3-4B,mlx-community/gemma-3-text-4b-it-4bit,4f665a4c50ecfe4ecdc34056ab52fe3e3c4abf9e,legal_information-conflict-1,legal_information-conflict-1--record_first,legal_information,record_first,conflict,HUMAN_REVIEW,independent_review,recovered,ELIGIBLE,124,17,0,0,0,0,0,1,0,0,0,0,0,,,,
Gemma-3-4B,mlx-community/gemma-3-text-4b-it-4bit,4f665a4c50ecfe4ecdc34056ab52fe3e3c4abf9e,legal_information-conflict-1,legal_information-conflict-1--record_first,legal_information,record_first,conflict,HUMAN_REVIEW,prior_rationale,recovered,ELIGIBLE,154,23,0,0,0,0,0,1,0,0,0,0,0,,,,
Gemma-3-4B,mlx-community/gemma-3-text-4b-it-4bit,4f665a4c50ecfe4ecdc34056ab52fe3e3c4abf9e,legal_information-conflict-1,legal_information-conflict-1--record_first,legal_information,record_first,conflict,HUMAN_REVIEW,evidence_checklist,recovered,ELIGIBLE,154,23,0,0,0,0,0,1,0,0,0,0,0,,,,
Gemma-3-4B,mlx-community/gemma-3-text-4b-it-4bit,4f665a4c50ecfe4ecdc34056ab52fe3e3c4abf9e,legal_information-conflict-1,legal_information-conflict-1--record_first,legal_information,record_first,conflict,HUMAN_REVIEW,commit_then_review,recovered,ELIGIBLE,147,22,0,0,0,0,0,1,0,0,0,0,0,0,0,0,0
Gemma-3-4B,mlx-community/gemma-3-text-4b-it-4bit,4f665a4c50ecfe4ecdc34056ab52fe3e3c4abf9e,legal_information-conflict-2,legal_information-conflict-2--policy_first,legal_information,policy_first,conflict,HUMAN_REVIEW,independent_review,recovered,ELIGIBLE,147,22,0,0,0,0,0,1,0,0,0,0,0,,,,
Gemma-3-4B,mlx-community/gemma-3-text-4b-it-4bit,4f665a4c50ecfe4ecdc34056ab52fe3e3c4abf9e,legal_information-conflict-2,legal_information-conflict-2--policy_first,legal_information,policy_first,conflict,HUMAN_REVIEW,prior_rationale,recovered,ELIGIBLE,151,22,0,0,0,0,0,1,0,0,0,0,0,,,,
Gemma-3-4B,mlx-community/gemma-3-text-4b-it-4bit,4f665a4c50ecfe4ecdc34056ab52fe3e3c4abf9e,legal_information-conflict-2,legal_information-conflict-2--policy_first,legal_information,policy_first,conflict,HUMAN_REVIEW,evidence_checklist,recovered,ELIGIBLE,154,23,0,0,0,0,0,1,0,0,0,0,0,,,,
Gemma-3-4B,mlx-community/gemma-3-text-4b-it-4bit,4f665a4c50ecfe4ecdc34056ab52fe3e3c4abf9e,legal_information-conflict-2,legal_information-conflict-2--policy_first,legal_information,policy_first,conflict,HUMAN_REVIEW,commit_then_review,recovered,ELIGIBLE,147,22,0,0,0,0,0,1,0,0,0,0,0,0,0,0,0
Gemma-3-4B,mlx-community/gemma-3-text-4b-it-4bit,4f665a4c50ecfe4ecdc34056ab52fe3e3c4abf9e,legal_information-conflict-2,legal_information-conflict-2--record_first,legal_information,record_first,conflict,HUMAN_REVIEW,independent_review,recovered,ELIGIBLE,147,22,0,0,0,0,0,1,0,0,0,0,0,,,,
Gemma-3-4B,mlx-community/gemma-3-text-4b-it-4bit,4f665a4c50ecfe4ecdc34056ab52fe3e3c4abf9e,legal_information-conflict-2,legal_information-conflict-2--record_first,legal_information,record_first,conflict,HUMAN_REVIEW,prior_rationale,recovered,ELIGIBLE,154,23,0,0,0,0,0,1,0,0,0,0,0,,,,
Gemma-3-4B,mlx-community/gemma-3-text-4b-it-4bit,4f665a4c50ecfe4ecdc34056ab52fe3e3c4abf9e,legal_information-conflict-2,legal_information-conflict-2--record_first,legal_information,record_first,conflict,HUMAN_REVIEW,evidence_checklist,recovered,ELIGIBLE,154,23,0,0,0,0,0,1,0,0,0,0,0,,,,
Gemma-3-4B,mlx-community/gemma-3-text-4b-it-4bit,4f665a4c50ecfe4ecdc34056ab52fe3e3c4abf9e,legal_information-conflict-2,legal_information-conflict-2--record_first,legal_information,record_first,conflict,HUMAN_REVIEW,commit_then_review,recovered,ELIGIBLE,147,22,0,0,0,0,0,1,0,0,0,0,0,0,0,0,0
Gemma-3-4B,mlx-community/gemma-3-text-4b-it-4bit,4f665a4c50ecfe4ecdc34056ab52fe3e3c4abf9e,legal_information-conflict-3,legal_information-conflict-3--policy_first,legal_information,policy_first,conflict,HUMAN_REVIEW,independent_review,recovered,ELIGIBLE,131,19,0,0,0,0,0,1,0,0,0,0,0,,,,
Gemma-3-4B,mlx-community/gemma-3-text-4b-it-4bit,4f665a4c50ecfe4ecdc34056ab52fe3e3c4abf9e,legal_information-conflict-3,legal_information-conflict-3--policy_first,legal_information,policy_first,conflict,HUMAN_REVIEW,prior_rationale,recovered,ELIGIBLE,151,22,0,0,0,0,0,1,0,0,0,0,0,,,,
Gemma-3-4B,mlx-community/gemma-3-text-4b-it-4bit,4f665a4c50ecfe4ecdc34056ab52fe3e3c4abf9e,legal_information-conflict-3,legal_information-conflict-3--policy_first,legal_information,policy_first,conflict,HUMAN_REVIEW,evidence_checklist,recovered,ELIGIBLE,154,23,0,0,0,0,0,1,0,0,0,0,0,,,,
Gemma-3-4B,mlx-community/gemma-3-text-4b-it-4bit,4f665a4c50ecfe4ecdc34056ab52fe3e3c4abf9e,legal_information-conflict-3,legal_information-conflict-3--policy_first,legal_information,policy_first,conflict,HUMAN_REVIEW,commit_then_review,recovered,ELIGIBLE,147,22,0,0,0,0,0,1,0,0,0,0,0,0,0,0,0
Gemma-3-4B,mlx-community/gemma-3-text-4b-it-4bit,4f665a4c50ecfe4ecdc34056ab52fe3e3c4abf9e,legal_information-conflict-3,legal_information-conflict-3--record_first,legal_information,record_first,conflict,HUMAN_REVIEW,independent_review,recovered,ELIGIBLE,147,22,0,0,0,0,0,1,0,0,0,0,0,,,,
Gemma-3-4B,mlx-community/gemma-3-text-4b-it-4bit,4f665a4c50ecfe4ecdc34056ab52fe3e3c4abf9e,legal_information-conflict-3,legal_information-conflict-3--record_first,legal_information,record_first,conflict,HUMAN_REVIEW,prior_rationale,recovered,ELIGIBLE,154,23,0,0,0,0,0,1,0,0,0,0,0,,,,
Gemma-3-4B,mlx-community/gemma-3-text-4b-it-4bit,4f665a4c50ecfe4ecdc34056ab52fe3e3c4abf9e,legal_information-conflict-3,legal_information-conflict-3--record_first,legal_information,record_first,conflict,HUMAN_REVIEW,evidence_checklist,recovered,ELIGIBLE,154,23,0,0,0,0,0,1,0,0,0,0,0,,,,
Gemma-3-4B,mlx-community/gemma-3-text-4b-it-4bit,4f665a4c50ecfe4ecdc34056ab52fe3e3c4abf9e,legal_information-conflict-3,legal_information-conflict-3--record_first,legal_information,record_first,conflict,HUMAN_REVIEW,commit_then_review,recovered,ELIGIBLE,147,22,0,0,0,0,0,1,0,0,0,0,0,0,0,0,0
Gemma-3-4B,mlx-community/gemma-3-text-4b-it-4bit,4f665a4c50ecfe4ecdc34056ab52fe3e3c4abf9e,shelter_maintenance-valid-1,shelter_maintenance-valid-1--policy_first,shelter_maintenance,policy_first,valid,ELIGIBLE,independent_review,recovered,ELIGIBLE,144,20,0,1,1,1,1,1,0,0,0,0,0,,,,
Gemma-3-4B,mlx-community/gemma-3-text-4b-it-4bit,4f665a4c50ecfe4ecdc34056ab52fe3e3c4abf9e,shelter_maintenance-valid-1,shelter_maintenance-valid-1--policy_first,shelter_maintenance,policy_first,valid,ELIGIBLE,prior_rationale,recovered,ELIGIBLE,169,24,0,1,1,1,1,1,0,0,0,0,0,,,,
Gemma-3-4B,mlx-community/gemma-3-text-4b-it-4bit,4f665a4c50ecfe4ecdc34056ab52fe3e3c4abf9e,shelter_maintenance-valid-1,shelter_maintenance-valid-1--policy_first,shelter_maintenance,policy_first,valid,ELIGIBLE,evidence_checklist,recovered,ELIGIBLE,162,23,0,1,1,1,1,1,0,0,0,0,0,,,,
Gemma-3-4B,mlx-community/gemma-3-text-4b-it-4bit,4f665a4c50ecfe4ecdc34056ab52fe3e3c4abf9e,shelter_maintenance-valid-1,shelter_maintenance-valid-1--policy_first,shelter_maintenance,policy_first,valid,ELIGIBLE,commit_then_review,recovered,ELIGIBLE,144,20,0,1,1,1,1,1,0,0,0,0,0,0,0,0,1
Gemma-3-4B,mlx-community/gemma-3-text-4b-it-4bit,4f665a4c50ecfe4ecdc34056ab52fe3e3c4abf9e,shelter_maintenance-valid-1,shelter_maintenance-valid-1--record_first,shelter_maintenance,record_first,valid,ELIGIBLE,independent_review,recovered,ELIGIBLE,139,19,0,1,1,1,1,1,0,0,0,0,0,,,,
Gemma-3-4B,mlx-community/gemma-3-text-4b-it-4bit,4f665a4c50ecfe4ecdc34056ab52fe3e3c4abf9e,shelter_maintenance-valid-1,shelter_maintenance-valid-1--record_first,shelter_maintenance,record_first,valid,ELIGIBLE,prior_rationale,recovered,ELIGIBLE,169,24,0,1,1,1,1,1,0,0,0,0,0,,,,
Gemma-3-4B,mlx-community/gemma-3-text-4b-it-4bit,4f665a4c50ecfe4ecdc34056ab52fe3e3c4abf9e,shelter_maintenance-valid-1,shelter_maintenance-valid-1--record_first,shelter_maintenance,record_first,valid,ELIGIBLE,evidence_checklist,recovered,ELIGIBLE,173,25,0,1,1,1,1,1,0,0,0,0,0,,,,
Gemma-3-4B,mlx-community/gemma-3-text-4b-it-4bit,4f665a4c50ecfe4ecdc34056ab52fe3e3c4abf9e,shelter_maintenance-valid-1,shelter_maintenance-valid-1--record_first,shelter_maintenance,record_first,valid,ELIGIBLE,commit_then_review,recovered,ELIGIBLE,139,19,0,1,1,1,1,1,0,0,0,0,0,0,0,0,1
Gemma-3-4B,mlx-community/gemma-3-text-4b-it-4bit,4f665a4c50ecfe4ecdc34056ab52fe3e3c4abf9e,shelter_maintenance-valid-2,shelter_maintenance-valid-2--policy_first,shelter_maintenance,policy_first,valid,ELIGIBLE,independent_review,recovered,ELIGIBLE,144,20,0,1,1,1,1,1,0,0,0,0,0,,,,
Gemma-3-4B,mlx-community/gemma-3-text-4b-it-4bit,4f665a4c50ecfe4ecdc34056ab52fe3e3c4abf9e,shelter_maintenance-valid-2,shelter_maintenance-valid-2--policy_first,shelter_maintenance,policy_first,valid,ELIGIBLE,prior_rationale,recovered,ELIGIBLE,169,24,0,1,1,1,1,1,0,0,0,0,0,,,,
Gemma-3-4B,mlx-community/gemma-3-text-4b-it-4bit,4f665a4c50ecfe4ecdc34056ab52fe3e3c4abf9e,shelter_maintenance-valid-2,shelter_maintenance-valid-2--policy_first,shelter_maintenance,policy_first,valid,ELIGIBLE,evidence_checklist,strict,ELIGIBLE,162,23,0,1,1,1,1,1,1,0,0,0,0,,,,
Gemma-3-4B,mlx-community/gemma-3-text-4b-it-4bit,4f665a4c50ecfe4ecdc34056ab52fe3e3c4abf9e,shelter_maintenance-valid-2,shelter_maintenance-valid-2--policy_first,shelter_maintenance,policy_first,valid,ELIGIBLE,commit_then_review,recovered,ELIGIBLE,144,20,0,1,1,1,1,1,0,0,0,0,0,0,0,0,1
Gemma-3-4B,mlx-community/gemma-3-text-4b-it-4bit,4f665a4c50ecfe4ecdc34056ab52fe3e3c4abf9e,shelter_maintenance-valid-2,shelter_maintenance-valid-2--record_first,shelter_maintenance,record_first,valid,ELIGIBLE,independent_review,recovered,ELIGIBLE,155,22,0,1,1,1,1,1,0,0,0,0,0,,,,
Gemma-3-4B,mlx-community/gemma-3-text-4b-it-4bit,4f665a4c50ecfe4ecdc34056ab52fe3e3c4abf9e,shelter_maintenance-valid-2,shelter_maintenance-valid-2--record_first,shelter_maintenance,record_first,valid,ELIGIBLE,prior_rationale,recovered,ELIGIBLE,169,24,0,1,1,1,1,1,0,0,0,0,0,,,,
Gemma-3-4B,mlx-community/gemma-3-text-4b-it-4bit,4f665a4c50ecfe4ecdc34056ab52fe3e3c4abf9e,shelter_maintenance-valid-2,shelter_maintenance-valid-2--record_first,shelter_maintenance,record_first,valid,ELIGIBLE,evidence_checklist,recovered,ELIGIBLE,155,22,0,1,1,1,1,1,0,0,0,0,0,,,,
Gemma-3-4B,mlx-community/gemma-3-text-4b-it-4bit,4f665a4c50ecfe4ecdc34056ab52fe3e3c4abf9e,shelter_maintenance-valid-2,shelter_maintenance-valid-2--record_first,shelter_maintenance,record_first,valid,ELIGIBLE,commit_then_review,recovered,ELIGIBLE,139,19,0,1,1,1,1,1,0,0,0,0,0,0,0,0,1
Gemma-3-4B,mlx-community/gemma-3-text-4b-it-4bit,4f665a4c50ecfe4ecdc34056ab52fe3e3c4abf9e,shelter_maintenance-valid-3,shelter_maintenance-valid-3--policy_first,shelter_maintenance,policy_first,valid,ELIGIBLE,independent_review,recovered,ELIGIBLE,144,20,0,1,1,1,1,1,0,0,0,0,0,,,,
Gemma-3-4B,mlx-community/gemma-3-text-4b-it-4bit,4f665a4c50ecfe4ecdc34056ab52fe3e3c4abf9e,shelter_maintenance-valid-3,shelter_maintenance-valid-3--policy_first,shelter_maintenance,policy_first,valid,ELIGIBLE,prior_rationale,recovered,ELIGIBLE,169,24,0,1,1,1,1,1,0,0,0,0,0,,,,
Gemma-3-4B,mlx-community/gemma-3-text-4b-it-4bit,4f665a4c50ecfe4ecdc34056ab52fe3e3c4abf9e,shelter_maintenance-valid-3,shelter_maintenance-valid-3--policy_first,shelter_maintenance,policy_first,valid,ELIGIBLE,evidence_checklist,recovered,ELIGIBLE,162,23,0,1,1,1,1,1,0,0,0,0,0,,,,
Gemma-3-4B,mlx-community/gemma-3-text-4b-it-4bit,4f665a4c50ecfe4ecdc34056ab52fe3e3c4abf9e,shelter_maintenance-valid-3,shelter_maintenance-valid-3--policy_first,shelter_maintenance,policy_first,valid,ELIGIBLE,commit_then_review,recovered,ELIGIBLE,144,20,0,1,1,1,1,1,0,0,0,0,0,0,0,0,1
Gemma-3-4B,mlx-community/gemma-3-text-4b-it-4bit,4f665a4c50ecfe4ecdc34056ab52fe3e3c4abf9e,shelter_maintenance-valid-3,shelter_maintenance-valid-3--record_first,shelter_maintenance,record_first,valid,ELIGIBLE,independent_review,recovered,ELIGIBLE,155,22,0,1,1,1,1,1,0,0,0,0,0,,,,
Gemma-3-4B,mlx-community/gemma-3-text-4b-it-4bit,4f665a4c50ecfe4ecdc34056ab52fe3e3c4abf9e,shelter_maintenance-valid-3,shelter_maintenance-valid-3--record_first,shelter_maintenance,record_first,valid,ELIGIBLE,prior_rationale,recovered,ELIGIBLE,169,24,0,1,1,1,1,1,0,0,0,0,0,,,,
Gemma-3-4B,mlx-community/gemma-3-text-4b-it-4bit,4f665a4c50ecfe4ecdc34056ab52fe3e3c4abf9e,shelter_maintenance-valid-3,shelter_maintenance-valid-3--record_first,shelter_maintenance,record_first,valid,ELIGIBLE,evidence_checklist,recovered,ELIGIBLE,155,22,0,1,1,1,1,1,0,0,0,0,0,,,,
Gemma-3-4B,mlx-community/gemma-3-text-4b-it-4bit,4f665a4c50ecfe4ecdc34056ab52fe3e3c4abf9e,shelter_maintenance-valid-3,shelter_maintenance-valid-3--record_first,shelter_maintenance,record_first,valid,ELIGIBLE,commit_then_review,recovered,ELIGIBLE,139,19,0,1,1,1,1,1,0,0,0,0,0,0,0,0,1
Gemma-3-4B,mlx-community/gemma-3-text-4b-it-4bit,4f665a4c50ecfe4ecdc34056ab52fe3e3c4abf9e,shelter_maintenance-invalid-1,shelter_maintenance-invalid-1--policy_first,shelter_maintenance,policy_first,invalid,INELIGIBLE,independent_review,recovered,ELIGIBLE,169,24,0,0,0,1,0,1,0,0,1,0,0,,,,
Gemma-3-4B,mlx-community/gemma-3-text-4b-it-4bit,4f665a4c50ecfe4ecdc34056ab52fe3e3c4abf9e,shelter_maintenance-invalid-1,shelter_maintenance-invalid-1--policy_first,shelter_maintenance,policy_first,invalid,INELIGIBLE,prior_rationale,recovered,ELIGIBLE,169,24,0,0,0,1,0,1,0,0,1,0,0,,,,
Gemma-3-4B,mlx-community/gemma-3-text-4b-it-4bit,4f665a4c50ecfe4ecdc34056ab52fe3e3c4abf9e,shelter_maintenance-invalid-1,shelter_maintenance-invalid-1--policy_first,shelter_maintenance,policy_first,invalid,INELIGIBLE,evidence_checklist,recovered,ELIGIBLE,162,23,0,0,0,1,0,1,0,0,1,0,0,,,,
Gemma-3-4B,mlx-community/gemma-3-text-4b-it-4bit,4f665a4c50ecfe4ecdc34056ab52fe3e3c4abf9e,shelter_maintenance-invalid-1,shelter_maintenance-invalid-1--policy_first,shelter_maintenance,policy_first,invalid,INELIGIBLE,commit_then_review,recovered,ELIGIBLE,169,24,0,0,0,1,0,1,0,0,1,0,0,0,0,0,0
Gemma-3-4B,mlx-community/gemma-3-text-4b-it-4bit,4f665a4c50ecfe4ecdc34056ab52fe3e3c4abf9e,shelter_maintenance-invalid-1,shelter_maintenance-invalid-1--record_first,shelter_maintenance,record_first,invalid,INELIGIBLE,independent_review,recovered,ELIGIBLE,151,21,0,0,0,1,0,1,0,0,1,0,0,,,,
Gemma-3-4B,mlx-community/gemma-3-text-4b-it-4bit,4f665a4c50ecfe4ecdc34056ab52fe3e3c4abf9e,shelter_maintenance-invalid-1,shelter_maintenance-invalid-1--record_first,shelter_maintenance,record_first,invalid,INELIGIBLE,prior_rationale,recovered,ELIGIBLE,169,24,0,0,0,1,0,1,0,0,1,0,0,,,,
Gemma-3-4B,mlx-community/gemma-3-text-4b-it-4bit,4f665a4c50ecfe4ecdc34056ab52fe3e3c4abf9e,shelter_maintenance-invalid-1,shelter_maintenance-invalid-1--record_first,shelter_maintenance,record_first,invalid,INELIGIBLE,evidence_checklist,recovered,ELIGIBLE,169,24,0,0,0,1,0,1,0,0,1,0,0,,,,
Gemma-3-4B,mlx-community/gemma-3-text-4b-it-4bit,4f665a4c50ecfe4ecdc34056ab52fe3e3c4abf9e,shelter_maintenance-invalid-1,shelter_maintenance-invalid-1--record_first,shelter_maintenance,record_first,invalid,INELIGIBLE,commit_then_review,recovered,ELIGIBLE,145,21,0,0,0,1,0,1,0,0,1,0,0,0,0,0,0
Gemma-3-4B,mlx-community/gemma-3-text-4b-it-4bit,4f665a4c50ecfe4ecdc34056ab52fe3e3c4abf9e,shelter_maintenance-invalid-2,shelter_maintenance-invalid-2--policy_first,shelter_maintenance,policy_first,invalid,INELIGIBLE,independent_review,recovered,ELIGIBLE,158,22,0,0,0,1,0,1,0,0,1,0,0,,,,
Gemma-3-4B,mlx-community/gemma-3-text-4b-it-4bit,4f665a4c50ecfe4ecdc34056ab52fe3e3c4abf9e,shelter_maintenance-invalid-2,shelter_maintenance-invalid-2--policy_first,shelter_maintenance,policy_first,invalid,INELIGIBLE,prior_rationale,recovered,ELIGIBLE,155,23,0,0,0,1,0,1,0,0,1,0,0,,,,
Gemma-3-4B,mlx-community/gemma-3-text-4b-it-4bit,4f665a4c50ecfe4ecdc34056ab52fe3e3c4abf9e,shelter_maintenance-invalid-2,shelter_maintenance-invalid-2--policy_first,shelter_maintenance,policy_first,invalid,INELIGIBLE,evidence_checklist,recovered,ELIGIBLE,169,24,0,0,0,1,0,1,0,0,1,0,0,,,,
Gemma-3-4B,mlx-community/gemma-3-text-4b-it-4bit,4f665a4c50ecfe4ecdc34056ab52fe3e3c4abf9e,shelter_maintenance-invalid-2,shelter_maintenance-invalid-2--policy_first,shelter_maintenance,policy_first,invalid,INELIGIBLE,commit_then_review,recovered,ELIGIBLE,158,22,0,0,0,1,0,1,0,0,1,0,0,0,0,0,0
Gemma-3-4B,mlx-community/gemma-3-text-4b-it-4bit,4f665a4c50ecfe4ecdc34056ab52fe3e3c4abf9e,shelter_maintenance-invalid-2,shelter_maintenance-invalid-2--record_first,shelter_maintenance,record_first,invalid,INELIGIBLE,independent_review,recovered,ELIGIBLE,132,19,0,0,0,1,0,1,0,0,1,0,0,,,,
Gemma-3-4B,mlx-community/gemma-3-text-4b-it-4bit,4f665a4c50ecfe4ecdc34056ab52fe3e3c4abf9e,shelter_maintenance-invalid-2,shelter_maintenance-invalid-2--record_first,shelter_maintenance,record_first,invalid,INELIGIBLE,prior_rationale,recovered,ELIGIBLE,145,21,0,0,0,1,0,1,0,0,1,0,0,,,,
Gemma-3-4B,mlx-community/gemma-3-text-4b-it-4bit,4f665a4c50ecfe4ecdc34056ab52fe3e3c4abf9e,shelter_maintenance-invalid-2,shelter_maintenance-invalid-2--record_first,shelter_maintenance,record_first,invalid,INELIGIBLE,evidence_checklist,recovered,ELIGIBLE,145,21,0,0,0,1,0,1,0,0,1,0,0,,,,
Gemma-3-4B,mlx-community/gemma-3-text-4b-it-4bit,4f665a4c50ecfe4ecdc34056ab52fe3e3c4abf9e,shelter_maintenance-invalid-2,shelter_maintenance-invalid-2--record_first,shelter_maintenance,record_first,invalid,INELIGIBLE,commit_then_review,recovered,ELIGIBLE,132,19,0,0,0,1,0,1,0,0,1,0,0,0,0,0,0
Gemma-3-4B,mlx-community/gemma-3-text-4b-it-4bit,4f665a4c50ecfe4ecdc34056ab52fe3e3c4abf9e,shelter_maintenance-invalid-3,shelter_maintenance-invalid-3--policy_first,shelter_maintenance,policy_first,invalid,INELIGIBLE,independent_review,recovered,ELIGIBLE,169,24,0,0,0,1,0,1,0,0,1,0,0,,,,
Gemma-3-4B,mlx-community/gemma-3-text-4b-it-4bit,4f665a4c50ecfe4ecdc34056ab52fe3e3c4abf9e,shelter_maintenance-invalid-3,shelter_maintenance-invalid-3--policy_first,shelter_maintenance,policy_first,invalid,INELIGIBLE,prior_rationale,recovered,ELIGIBLE,169,24,0,0,0,1,0,1,0,0,1,0,0,,,,
Gemma-3-4B,mlx-community/gemma-3-text-4b-it-4bit,4f665a4c50ecfe4ecdc34056ab52fe3e3c4abf9e,shelter_maintenance-invalid-3,shelter_maintenance-invalid-3--policy_first,shelter_maintenance,policy_first,invalid,INELIGIBLE,evidence_checklist,recovered,NEED_INFORMATION,135,24,0,0,1,1,0,1,0,0,0,0,0,,,,
Gemma-3-4B,mlx-community/gemma-3-text-4b-it-4bit,4f665a4c50ecfe4ecdc34056ab52fe3e3c4abf9e,shelter_maintenance-invalid-3,shelter_maintenance-invalid-3--policy_first,shelter_maintenance,policy_first,invalid,INELIGIBLE,commit_then_review,recovered,ELIGIBLE,169,24,0,0,0,1,0,1,0,0,1,0,0,0,0,0,0
Gemma-3-4B,mlx-community/gemma-3-text-4b-it-4bit,4f665a4c50ecfe4ecdc34056ab52fe3e3c4abf9e,shelter_maintenance-invalid-3,shelter_maintenance-invalid-3--record_first,shelter_maintenance,record_first,invalid,INELIGIBLE,independent_review,recovered,ELIGIBLE,145,21,0,0,0,1,0,1,0,0,1,0,0,,,,
Gemma-3-4B,mlx-community/gemma-3-text-4b-it-4bit,4f665a4c50ecfe4ecdc34056ab52fe3e3c4abf9e,shelter_maintenance-invalid-3,shelter_maintenance-invalid-3--record_first,shelter_maintenance,record_first,invalid,INELIGIBLE,prior_rationale,recovered,ELIGIBLE,169,24,0,0,0,1,0,1,0,0,1,0,0,,,,
Gemma-3-4B,mlx-community/gemma-3-text-4b-it-4bit,4f665a4c50ecfe4ecdc34056ab52fe3e3c4abf9e,shelter_maintenance-invalid-3,shelter_maintenance-invalid-3--record_first,shelter_maintenance,record_first,invalid,INELIGIBLE,evidence_checklist,recovered,ELIGIBLE,162,23,0,0,0,1,0,1,0,0,1,0,0,,,,
Gemma-3-4B,mlx-community/gemma-3-text-4b-it-4bit,4f665a4c50ecfe4ecdc34056ab52fe3e3c4abf9e,shelter_maintenance-invalid-3,shelter_maintenance-invalid-3--record_first,shelter_maintenance,record_first,invalid,INELIGIBLE,commit_then_review,recovered,ELIGIBLE,145,21,0,0,0,1,0,1,0,0,1,0,0,0,0,0,0
Gemma-3-4B,mlx-community/gemma-3-text-4b-it-4bit,4f665a4c50ecfe4ecdc34056ab52fe3e3c4abf9e,shelter_maintenance-incomplete-1,shelter_maintenance-incomplete-1--policy_first,shelter_maintenance,policy_first,incomplete,NEED_INFORMATION,independent_review,recovered,ELIGIBLE,155,22,0,0,0,1,0,1,0,0,0,0,0,,,,
Gemma-3-4B,mlx-community/gemma-3-text-4b-it-4bit,4f665a4c50ecfe4ecdc34056ab52fe3e3c4abf9e,shelter_maintenance-incomplete-1,shelter_maintenance-incomplete-1--policy_first,shelter_maintenance,policy_first,incomplete,NEED_INFORMATION,prior_rationale,recovered,ELIGIBLE,146,21,0,0,0,1,0,1,0,0,0,0,0,,,,
Gemma-3-4B,mlx-community/gemma-3-text-4b-it-4bit,4f665a4c50ecfe4ecdc34056ab52fe3e3c4abf9e,shelter_maintenance-incomplete-1,shelter_maintenance-incomplete-1--policy_first,shelter_maintenance,policy_first,incomplete,NEED_INFORMATION,evidence_checklist,recovered,NEED_INFORMATION,114,15,0,1,1,1,1,1,0,0,0,1,0,,,,
Gemma-3-4B,mlx-community/gemma-3-text-4b-it-4bit,4f665a4c50ecfe4ecdc34056ab52fe3e3c4abf9e,shelter_maintenance-incomplete-1,shelter_maintenance-incomplete-1--policy_first,shelter_maintenance,policy_first,incomplete,NEED_INFORMATION,commit_then_review,recovered,ELIGIBLE,155,22,0,0,0,1,0,1,0,0,0,0,0,0,0,0,0
Gemma-3-4B,mlx-community/gemma-3-text-4b-it-4bit,4f665a4c50ecfe4ecdc34056ab52fe3e3c4abf9e,shelter_maintenance-incomplete-1,shelter_maintenance-incomplete-1--record_first,shelter_maintenance,record_first,incomplete,NEED_INFORMATION,independent_review,recovered,ELIGIBLE,141,21,0,0,0,1,0,1,0,0,0,0,0,,,,
Gemma-3-4B,mlx-community/gemma-3-text-4b-it-4bit,4f665a4c50ecfe4ecdc34056ab52fe3e3c4abf9e,shelter_maintenance-incomplete-1,shelter_maintenance-incomplete-1--record_first,shelter_maintenance,record_first,incomplete,NEED_INFORMATION,prior_rationale,recovered,ELIGIBLE,141,21,0,0,0,1,0,1,0,0,0,0,0,,,,
Gemma-3-4B,mlx-community/gemma-3-text-4b-it-4bit,4f665a4c50ecfe4ecdc34056ab52fe3e3c4abf9e,shelter_maintenance-incomplete-1,shelter_maintenance-incomplete-1--record_first,shelter_maintenance,record_first,incomplete,NEED_INFORMATION,evidence_checklist,recovered,ELIGIBLE,161,23,0,0,0,1,0,1,0,0,0,0,0,,,,
Gemma-3-4B,mlx-community/gemma-3-text-4b-it-4bit,4f665a4c50ecfe4ecdc34056ab52fe3e3c4abf9e,shelter_maintenance-incomplete-1,shelter_maintenance-incomplete-1--record_first,shelter_maintenance,record_first,incomplete,NEED_INFORMATION,commit_then_review,recovered,ELIGIBLE,141,21,0,0,0,1,0,1,0,0,0,0,0,0,0,0,0
Gemma-3-4B,mlx-community/gemma-3-text-4b-it-4bit,4f665a4c50ecfe4ecdc34056ab52fe3e3c4abf9e,shelter_maintenance-incomplete-2,shelter_maintenance-incomplete-2--policy_first,shelter_maintenance,policy_first,incomplete,NEED_INFORMATION,independent_review,recovered,ELIGIBLE,155,22,0,0,0,1,0,1,0,0,0,0,0,,,,
Gemma-3-4B,mlx-community/gemma-3-text-4b-it-4bit,4f665a4c50ecfe4ecdc34056ab52fe3e3c4abf9e,shelter_maintenance-incomplete-2,shelter_maintenance-incomplete-2--policy_first,shelter_maintenance,policy_first,incomplete,NEED_INFORMATION,prior_rationale,recovered,ELIGIBLE,146,21,0,0,0,1,0,1,0,0,0,0,0,,,,
Gemma-3-4B,mlx-community/gemma-3-text-4b-it-4bit,4f665a4c50ecfe4ecdc34056ab52fe3e3c4abf9e,shelter_maintenance-incomplete-2,shelter_maintenance-incomplete-2--policy_first,shelter_maintenance,policy_first,incomplete,NEED_INFORMATION,evidence_checklist,recovered,NEED_INFORMATION,114,15,0,1,1,1,1,1,0,0,0,1,0,,,,
Gemma-3-4B,mlx-community/gemma-3-text-4b-it-4bit,4f665a4c50ecfe4ecdc34056ab52fe3e3c4abf9e,shelter_maintenance-incomplete-2,shelter_maintenance-incomplete-2--policy_first,shelter_maintenance,policy_first,incomplete,NEED_INFORMATION,commit_then_review,recovered,ELIGIBLE,155,22,0,0,0,1,0,1,0,0,0,0,0,0,0,0,0
Gemma-3-4B,mlx-community/gemma-3-text-4b-it-4bit,4f665a4c50ecfe4ecdc34056ab52fe3e3c4abf9e,shelter_maintenance-incomplete-2,shelter_maintenance-incomplete-2--record_first,shelter_maintenance,record_first,incomplete,NEED_INFORMATION,independent_review,recovered,ELIGIBLE,131,18,0,0,0,1,0,1,0,0,0,0,0,,,,
Gemma-3-4B,mlx-community/gemma-3-text-4b-it-4bit,4f665a4c50ecfe4ecdc34056ab52fe3e3c4abf9e,shelter_maintenance-incomplete-2,shelter_maintenance-incomplete-2--record_first,shelter_maintenance,record_first,incomplete,NEED_INFORMATION,prior_rationale,recovered,ELIGIBLE,141,21,0,0,0,1,0,1,0,0,0,0,0,,,,
Gemma-3-4B,mlx-community/gemma-3-text-4b-it-4bit,4f665a4c50ecfe4ecdc34056ab52fe3e3c4abf9e,shelter_maintenance-incomplete-2,shelter_maintenance-incomplete-2--record_first,shelter_maintenance,record_first,incomplete,NEED_INFORMATION,evidence_checklist,recovered,ELIGIBLE,142,21,0,0,0,1,0,1,0,0,0,0,0,,,,
Gemma-3-4B,mlx-community/gemma-3-text-4b-it-4bit,4f665a4c50ecfe4ecdc34056ab52fe3e3c4abf9e,shelter_maintenance-incomplete-2,shelter_maintenance-incomplete-2--record_first,shelter_maintenance,record_first,incomplete,NEED_INFORMATION,commit_then_review,recovered,ELIGIBLE,148,21,0,0,0,1,0,1,0,0,0,0,0,0,0,0,0
Gemma-3-4B,mlx-community/gemma-3-text-4b-it-4bit,4f665a4c50ecfe4ecdc34056ab52fe3e3c4abf9e,shelter_maintenance-incomplete-3,shelter_maintenance-incomplete-3--policy_first,shelter_maintenance,policy_first,incomplete,NEED_INFORMATION,independent_review,recovered,ELIGIBLE,155,22,0,0,0,1,0,1,0,0,0,0,0,,,,
Gemma-3-4B,mlx-community/gemma-3-text-4b-it-4bit,4f665a4c50ecfe4ecdc34056ab52fe3e3c4abf9e,shelter_maintenance-incomplete-3,shelter_maintenance-incomplete-3--policy_first,shelter_maintenance,policy_first,incomplete,NEED_INFORMATION,prior_rationale,recovered,ELIGIBLE,146,21,0,0,0,1,0,1,0,0,0,0,0,,,,
Gemma-3-4B,mlx-community/gemma-3-text-4b-it-4bit,4f665a4c50ecfe4ecdc34056ab52fe3e3c4abf9e,shelter_maintenance-incomplete-3,shelter_maintenance-incomplete-3--policy_first,shelter_maintenance,policy_first,incomplete,NEED_INFORMATION,evidence_checklist,recovered,NEED_INFORMATION,114,15,0,1,1,1,1,1,0,0,0,1,0,,,,
Gemma-3-4B,mlx-community/gemma-3-text-4b-it-4bit,4f665a4c50ecfe4ecdc34056ab52fe3e3c4abf9e,shelter_maintenance-incomplete-3,shelter_maintenance-incomplete-3--policy_first,shelter_maintenance,policy_first,incomplete,NEED_INFORMATION,commit_then_review,recovered,ELIGIBLE,155,22,0,0,0,1,0,1,0,0,0,0,0,0,0,0,0
Gemma-3-4B,mlx-community/gemma-3-text-4b-it-4bit,4f665a4c50ecfe4ecdc34056ab52fe3e3c4abf9e,shelter_maintenance-incomplete-3,shelter_maintenance-incomplete-3--record_first,shelter_maintenance,record_first,incomplete,NEED_INFORMATION,independent_review,recovered,ELIGIBLE,141,21,0,0,0,1,0,1,0,0,0,0,0,,,,
Gemma-3-4B,mlx-community/gemma-3-text-4b-it-4bit,4f665a4c50ecfe4ecdc34056ab52fe3e3c4abf9e,shelter_maintenance-incomplete-3,shelter_maintenance-incomplete-3--record_first,shelter_maintenance,record_first,incomplete,NEED_INFORMATION,prior_rationale,recovered,ELIGIBLE,141,21,0,0,0,1,0,1,0,0,0,0,0,,,,
Gemma-3-4B,mlx-community/gemma-3-text-4b-it-4bit,4f665a4c50ecfe4ecdc34056ab52fe3e3c4abf9e,shelter_maintenance-incomplete-3,shelter_maintenance-incomplete-3--record_first,shelter_maintenance,record_first,incomplete,NEED_INFORMATION,evidence_checklist,recovered,ELIGIBLE,161,23,0,0,0,1,0,1,0,0,0,0,0,,,,
Gemma-3-4B,mlx-community/gemma-3-text-4b-it-4bit,4f665a4c50ecfe4ecdc34056ab52fe3e3c4abf9e,shelter_maintenance-incomplete-3,shelter_maintenance-incomplete-3--record_first,shelter_maintenance,record_first,incomplete,NEED_INFORMATION,commit_then_review,recovered,ELIGIBLE,141,21,0,0,0,1,0,1,0,0,0,0,0,0,0,0,0
Gemma-3-4B,mlx-community/gemma-3-text-4b-it-4bit,4f665a4c50ecfe4ecdc34056ab52fe3e3c4abf9e,shelter_maintenance-conflict-1,shelter_maintenance-conflict-1--policy_first,shelter_maintenance,policy_first,conflict,HUMAN_REVIEW,independent_review,recovered,ELIGIBLE,144,20,0,0,0,0,0,1,0,0,0,0,0,,,,
Gemma-3-4B,mlx-community/gemma-3-text-4b-it-4bit,4f665a4c50ecfe4ecdc34056ab52fe3e3c4abf9e,shelter_maintenance-conflict-1,shelter_maintenance-conflict-1--policy_first,shelter_maintenance,policy_first,conflict,HUMAN_REVIEW,prior_rationale,recovered,ELIGIBLE,162,23,0,0,0,0,0,1,0,0,0,0,0,,,,
Gemma-3-4B,mlx-community/gemma-3-text-4b-it-4bit,4f665a4c50ecfe4ecdc34056ab52fe3e3c4abf9e,shelter_maintenance-conflict-1,shelter_maintenance-conflict-1--policy_first,shelter_maintenance,policy_first,conflict,HUMAN_REVIEW,evidence_checklist,recovered,ELIGIBLE,155,22,0,0,0,0,0,1,0,0,0,0,0,,,,
Gemma-3-4B,mlx-community/gemma-3-text-4b-it-4bit,4f665a4c50ecfe4ecdc34056ab52fe3e3c4abf9e,shelter_maintenance-conflict-1,shelter_maintenance-conflict-1--policy_first,shelter_maintenance,policy_first,conflict,HUMAN_REVIEW,commit_then_review,recovered,ELIGIBLE,162,23,0,0,0,0,0,1,0,0,0,0,0,0,0,0,0
Gemma-3-4B,mlx-community/gemma-3-text-4b-it-4bit,4f665a4c50ecfe4ecdc34056ab52fe3e3c4abf9e,shelter_maintenance-conflict-1,shelter_maintenance-conflict-1--record_first,shelter_maintenance,record_first,conflict,HUMAN_REVIEW,independent_review,recovered,ELIGIBLE,141,21,0,0,0,0,0,1,0,0,0,0,0,,,,
Gemma-3-4B,mlx-community/gemma-3-text-4b-it-4bit,4f665a4c50ecfe4ecdc34056ab52fe3e3c4abf9e,shelter_maintenance-conflict-1,shelter_maintenance-conflict-1--record_first,shelter_maintenance,record_first,conflict,HUMAN_REVIEW,prior_rationale,recovered,ELIGIBLE,177,26,0,0,0,0,0,1,0,0,0,0,0,,,,
Gemma-3-4B,mlx-community/gemma-3-text-4b-it-4bit,4f665a4c50ecfe4ecdc34056ab52fe3e3c4abf9e,shelter_maintenance-conflict-1,shelter_maintenance-conflict-1--record_first,shelter_maintenance,record_first,conflict,HUMAN_REVIEW,evidence_checklist,recovered,ELIGIBLE,170,25,0,0,0,0,0,1,0,0,0,0,0,,,,
Gemma-3-4B,mlx-community/gemma-3-text-4b-it-4bit,4f665a4c50ecfe4ecdc34056ab52fe3e3c4abf9e,shelter_maintenance-conflict-1,shelter_maintenance-conflict-1--record_first,shelter_maintenance,record_first,conflict,HUMAN_REVIEW,commit_then_review,recovered,ELIGIBLE,156,23,0,0,0,0,0,1,0,0,0,0,0,0,0,0,0
Gemma-3-4B,mlx-community/gemma-3-text-4b-it-4bit,4f665a4c50ecfe4ecdc34056ab52fe3e3c4abf9e,shelter_maintenance-conflict-2,shelter_maintenance-conflict-2--policy_first,shelter_maintenance,policy_first,conflict,HUMAN_REVIEW,independent_review,recovered,ELIGIBLE,144,20,0,0,0,0,0,1,0,0,0,0,0,,,,
Gemma-3-4B,mlx-community/gemma-3-text-4b-it-4bit,4f665a4c50ecfe4ecdc34056ab52fe3e3c4abf9e,shelter_maintenance-conflict-2,shelter_maintenance-conflict-2--policy_first,shelter_maintenance,policy_first,conflict,HUMAN_REVIEW,prior_rationale,recovered,ELIGIBLE,162,23,0,0,0,0,0,1,0,0,0,0,0,,,,
Gemma-3-4B,mlx-community/gemma-3-text-4b-it-4bit,4f665a4c50ecfe4ecdc34056ab52fe3e3c4abf9e,shelter_maintenance-conflict-2,shelter_maintenance-conflict-2--policy_first,shelter_maintenance,policy_first,conflict,HUMAN_REVIEW,evidence_checklist,recovered,ELIGIBLE,155,22,0,0,0,0,0,1,0,0,0,0,0,,,,
Gemma-3-4B,mlx-community/gemma-3-text-4b-it-4bit,4f665a4c50ecfe4ecdc34056ab52fe3e3c4abf9e,shelter_maintenance-conflict-2,shelter_maintenance-conflict-2--policy_first,shelter_maintenance,policy_first,conflict,HUMAN_REVIEW,commit_then_review,recovered,ELIGIBLE,155,22,0,0,0,0,0,1,0,0,0,0,0,0,0,0,0
Gemma-3-4B,mlx-community/gemma-3-text-4b-it-4bit,4f665a4c50ecfe4ecdc34056ab52fe3e3c4abf9e,shelter_maintenance-conflict-2,shelter_maintenance-conflict-2--record_first,shelter_maintenance,record_first,conflict,HUMAN_REVIEW,independent_review,recovered,ELIGIBLE,159,24,0,0,0,0,0,1,0,0,0,0,0,,,,
Gemma-3-4B,mlx-community/gemma-3-text-4b-it-4bit,4f665a4c50ecfe4ecdc34056ab52fe3e3c4abf9e,shelter_maintenance-conflict-2,shelter_maintenance-conflict-2--record_first,shelter_maintenance,record_first,conflict,HUMAN_REVIEW,prior_rationale,recovered,ELIGIBLE,163,24,0,0,0,0,0,1,0,0,0,0,0,,,,
Gemma-3-4B,mlx-community/gemma-3-text-4b-it-4bit,4f665a4c50ecfe4ecdc34056ab52fe3e3c4abf9e,shelter_maintenance-conflict-2,shelter_maintenance-conflict-2--record_first,shelter_maintenance,record_first,conflict,HUMAN_REVIEW,evidence_checklist,recovered,ELIGIBLE,169,24,0,0,0,0,0,1,0,0,0,0,0,,,,
Gemma-3-4B,mlx-community/gemma-3-text-4b-it-4bit,4f665a4c50ecfe4ecdc34056ab52fe3e3c4abf9e,shelter_maintenance-conflict-2,shelter_maintenance-conflict-2--record_first,shelter_maintenance,record_first,conflict,HUMAN_REVIEW,commit_then_review,recovered,ELIGIBLE,141,19,0,0,0,0,0,1,0,0,0,0,0,0,0,0,0
Gemma-3-4B,mlx-community/gemma-3-text-4b-it-4bit,4f665a4c50ecfe4ecdc34056ab52fe3e3c4abf9e,shelter_maintenance-conflict-3,shelter_maintenance-conflict-3--policy_first,shelter_maintenance,policy_first,conflict,HUMAN_REVIEW,independent_review,recovered,ELIGIBLE,162,23,0,0,0,0,0,1,0,0,0,0,0,,,,
Gemma-3-4B,mlx-community/gemma-3-text-4b-it-4bit,4f665a4c50ecfe4ecdc34056ab52fe3e3c4abf9e,shelter_maintenance-conflict-3,shelter_maintenance-conflict-3--policy_first,shelter_maintenance,policy_first,conflict,HUMAN_REVIEW,prior_rationale,recovered,ELIGIBLE,162,23,0,0,0,0,0,1,0,0,0,0,0,,,,
Gemma-3-4B,mlx-community/gemma-3-text-4b-it-4bit,4f665a4c50ecfe4ecdc34056ab52fe3e3c4abf9e,shelter_maintenance-conflict-3,shelter_maintenance-conflict-3--policy_first,shelter_maintenance,policy_first,conflict,HUMAN_REVIEW,evidence_checklist,recovered,ELIGIBLE,155,22,0,0,0,0,0,1,0,0,0,0,0,,,,
Gemma-3-4B,mlx-community/gemma-3-text-4b-it-4bit,4f665a4c50ecfe4ecdc34056ab52fe3e3c4abf9e,shelter_maintenance-conflict-3,shelter_maintenance-conflict-3--policy_first,shelter_maintenance,policy_first,conflict,HUMAN_REVIEW,commit_then_review,recovered,ELIGIBLE,155,22,0,0,0,0,0,1,0,0,0,0,0,0,0,0,0
Gemma-3-4B,mlx-community/gemma-3-text-4b-it-4bit,4f665a4c50ecfe4ecdc34056ab52fe3e3c4abf9e,shelter_maintenance-conflict-3,shelter_maintenance-conflict-3--record_first,shelter_maintenance,record_first,conflict,HUMAN_REVIEW,independent_review,recovered,ELIGIBLE,159,24,0,0,0,0,0,1,0,0,0,0,0,,,,
Gemma-3-4B,mlx-community/gemma-3-text-4b-it-4bit,4f665a4c50ecfe4ecdc34056ab52fe3e3c4abf9e,shelter_maintenance-conflict-3,shelter_maintenance-conflict-3--record_first,shelter_maintenance,record_first,conflict,HUMAN_REVIEW,prior_rationale,recovered,ELIGIBLE,177,26,0,0,0,0,0,1,0,0,0,0,0,,,,
Gemma-3-4B,mlx-community/gemma-3-text-4b-it-4bit,4f665a4c50ecfe4ecdc34056ab52fe3e3c4abf9e,shelter_maintenance-conflict-3,shelter_maintenance-conflict-3--record_first,shelter_maintenance,record_first,conflict,HUMAN_REVIEW,evidence_checklist,recovered,ELIGIBLE,170,25,0,0,0,0,0,1,0,0,0,0,0,,,,
Gemma-3-4B,mlx-community/gemma-3-text-4b-it-4bit,4f665a4c50ecfe4ecdc34056ab52fe3e3c4abf9e,shelter_maintenance-conflict-3,shelter_maintenance-conflict-3--record_first,shelter_maintenance,record_first,conflict,HUMAN_REVIEW,commit_then_review,recovered,ELIGIBLE,141,19,0,0,0,0,0,1,0,0,0,0,0,0,0,0,0
Gemma-3-4B,mlx-community/gemma-3-text-4b-it-4bit,4f665a4c50ecfe4ecdc34056ab52fe3e3c4abf9e,complaint_callback-valid-1,complaint_callback-valid-1--policy_first,complaint_callback,policy_first,valid,ELIGIBLE,independent_review,recovered,ELIGIBLE,157,23,0,1,1,1,1,1,0,0,0,0,0,,,,
Gemma-3-4B,mlx-community/gemma-3-text-4b-it-4bit,4f665a4c50ecfe4ecdc34056ab52fe3e3c4abf9e,complaint_callback-valid-1,complaint_callback-valid-1--policy_first,complaint_callback,policy_first,valid,ELIGIBLE,prior_rationale,recovered,ELIGIBLE,155,23,0,1,1,1,1,1,0,0,0,0,0,,,,
Gemma-3-4B,mlx-community/gemma-3-text-4b-it-4bit,4f665a4c50ecfe4ecdc34056ab52fe3e3c4abf9e,complaint_callback-valid-1,complaint_callback-valid-1--policy_first,complaint_callback,policy_first,valid,ELIGIBLE,evidence_checklist,recovered,ELIGIBLE,155,23,0,1,1,1,1,1,0,0,0,0,0,,,,
Gemma-3-4B,mlx-community/gemma-3-text-4b-it-4bit,4f665a4c50ecfe4ecdc34056ab52fe3e3c4abf9e,complaint_callback-valid-1,complaint_callback-valid-1--policy_first,complaint_callback,policy_first,valid,ELIGIBLE,commit_then_review,recovered,ELIGIBLE,151,22,0,1,1,1,1,1,0,0,0,0,0,0,0,0,1
Gemma-3-4B,mlx-community/gemma-3-text-4b-it-4bit,4f665a4c50ecfe4ecdc34056ab52fe3e3c4abf9e,complaint_callback-valid-1,complaint_callback-valid-1--record_first,complaint_callback,record_first,valid,ELIGIBLE,independent_review,recovered,ELIGIBLE,111,16,0,1,1,1,1,1,0,0,0,0,0,,,,
Gemma-3-4B,mlx-community/gemma-3-text-4b-it-4bit,4f665a4c50ecfe4ecdc34056ab52fe3e3c4abf9e,complaint_callback-valid-1,complaint_callback-valid-1--record_first,complaint_callback,record_first,valid,ELIGIBLE,prior_rationale,recovered,ELIGIBLE,155,23,0,1,1,1,1,1,0,0,0,0,0,,,,
Gemma-3-4B,mlx-community/gemma-3-text-4b-it-4bit,4f665a4c50ecfe4ecdc34056ab52fe3e3c4abf9e,complaint_callback-valid-1,complaint_callback-valid-1--record_first,complaint_callback,record_first,valid,ELIGIBLE,evidence_checklist,recovered,ELIGIBLE,155,23,0,1,1,1,1,1,0,0,0,0,0,,,,
Gemma-3-4B,mlx-community/gemma-3-text-4b-it-4bit,4f665a4c50ecfe4ecdc34056ab52fe3e3c4abf9e,complaint_callback-valid-1,complaint_callback-valid-1--record_first,complaint_callback,record_first,valid,ELIGIBLE,commit_then_review,recovered,ELIGIBLE,155,22,0,1,1,1,1,1,0,0,0,0,0,0,0,0,1
Gemma-3-4B,mlx-community/gemma-3-text-4b-it-4bit,4f665a4c50ecfe4ecdc34056ab52fe3e3c4abf9e,complaint_callback-valid-2,complaint_callback-valid-2--policy_first,complaint_callback,policy_first,valid,ELIGIBLE,independent_review,recovered,ELIGIBLE,157,23,0,1,1,1,1,1,0,0,0,0,0,,,,
Gemma-3-4B,mlx-community/gemma-3-text-4b-it-4bit,4f665a4c50ecfe4ecdc34056ab52fe3e3c4abf9e,complaint_callback-valid-2,complaint_callback-valid-2--policy_first,complaint_callback,policy_first,valid,ELIGIBLE,prior_rationale,recovered,ELIGIBLE,155,23,0,1,1,1,1,1,0,0,0,0,0,,,,
Gemma-3-4B,mlx-community/gemma-3-text-4b-it-4bit,4f665a4c50ecfe4ecdc34056ab52fe3e3c4abf9e,complaint_callback-valid-2,complaint_callback-valid-2--policy_first,complaint_callback,policy_first,valid,ELIGIBLE,evidence_checklist,recovered,ELIGIBLE,155,23,0,1,1,1,1,1,0,0,0,0,0,,,,
Gemma-3-4B,mlx-community/gemma-3-text-4b-it-4bit,4f665a4c50ecfe4ecdc34056ab52fe3e3c4abf9e,complaint_callback-valid-2,complaint_callback-valid-2--policy_first,complaint_callback,policy_first,valid,ELIGIBLE,commit_then_review,recovered,ELIGIBLE,151,22,0,1,1,1,1,1,0,0,0,0,0,0,0,0,1
Gemma-3-4B,mlx-community/gemma-3-text-4b-it-4bit,4f665a4c50ecfe4ecdc34056ab52fe3e3c4abf9e,complaint_callback-valid-2,complaint_callback-valid-2--record_first,complaint_callback,record_first,valid,ELIGIBLE,independent_review,recovered,ELIGIBLE,111,16,0,1,1,1,1,1,0,0,0,0,0,,,,
Gemma-3-4B,mlx-community/gemma-3-text-4b-it-4bit,4f665a4c50ecfe4ecdc34056ab52fe3e3c4abf9e,complaint_callback-valid-2,complaint_callback-valid-2--record_first,complaint_callback,record_first,valid,ELIGIBLE,prior_rationale,recovered,ELIGIBLE,155,23,0,1,1,1,1,1,0,0,0,0,0,,,,
Gemma-3-4B,mlx-community/gemma-3-text-4b-it-4bit,4f665a4c50ecfe4ecdc34056ab52fe3e3c4abf9e,complaint_callback-valid-2,complaint_callback-valid-2--record_first,complaint_callback,record_first,valid,ELIGIBLE,evidence_checklist,recovered,ELIGIBLE,155,23,0,1,1,1,1,1,0,0,0,0,0,,,,
Gemma-3-4B,mlx-community/gemma-3-text-4b-it-4bit,4f665a4c50ecfe4ecdc34056ab52fe3e3c4abf9e,complaint_callback-valid-2,complaint_callback-valid-2--record_first,complaint_callback,record_first,valid,ELIGIBLE,commit_then_review,recovered,ELIGIBLE,111,16,0,1,1,1,1,1,0,0,0,0,0,0,0,0,1
Gemma-3-4B,mlx-community/gemma-3-text-4b-it-4bit,4f665a4c50ecfe4ecdc34056ab52fe3e3c4abf9e,complaint_callback-valid-3,complaint_callback-valid-3--policy_first,complaint_callback,policy_first,valid,ELIGIBLE,independent_review,recovered,ELIGIBLE,157,23,0,1,1,1,1,1,0,0,0,0,0,,,,
Gemma-3-4B,mlx-community/gemma-3-text-4b-it-4bit,4f665a4c50ecfe4ecdc34056ab52fe3e3c4abf9e,complaint_callback-valid-3,complaint_callback-valid-3--policy_first,complaint_callback,policy_first,valid,ELIGIBLE,prior_rationale,recovered,ELIGIBLE,155,23,0,1,1,1,1,1,0,0,0,0,0,,,,
Gemma-3-4B,mlx-community/gemma-3-text-4b-it-4bit,4f665a4c50ecfe4ecdc34056ab52fe3e3c4abf9e,complaint_callback-valid-3,complaint_callback-valid-3--policy_first,complaint_callback,policy_first,valid,ELIGIBLE,evidence_checklist,recovered,ELIGIBLE,155,23,0,1,1,1,1,1,0,0,0,0,0,,,,
Gemma-3-4B,mlx-community/gemma-3-text-4b-it-4bit,4f665a4c50ecfe4ecdc34056ab52fe3e3c4abf9e,complaint_callback-valid-3,complaint_callback-valid-3--policy_first,complaint_callback,policy_first,valid,ELIGIBLE,commit_then_review,recovered,ELIGIBLE,151,22,0,1,1,1,1,1,0,0,0,0,0,0,0,0,1
Gemma-3-4B,mlx-community/gemma-3-text-4b-it-4bit,4f665a4c50ecfe4ecdc34056ab52fe3e3c4abf9e,complaint_callback-valid-3,complaint_callback-valid-3--record_first,complaint_callback,record_first,valid,ELIGIBLE,independent_review,recovered,ELIGIBLE,111,16,0,1,1,1,1,1,0,0,0,0,0,,,,
Gemma-3-4B,mlx-community/gemma-3-text-4b-it-4bit,4f665a4c50ecfe4ecdc34056ab52fe3e3c4abf9e,complaint_callback-valid-3,complaint_callback-valid-3--record_first,complaint_callback,record_first,valid,ELIGIBLE,prior_rationale,recovered,ELIGIBLE,163,25,0,1,1,1,1,1,0,0,0,0,0,,,,
Gemma-3-4B,mlx-community/gemma-3-text-4b-it-4bit,4f665a4c50ecfe4ecdc34056ab52fe3e3c4abf9e,complaint_callback-valid-3,complaint_callback-valid-3--record_first,complaint_callback,record_first,valid,ELIGIBLE,evidence_checklist,recovered,ELIGIBLE,150,21,0,1,1,1,1,1,0,0,0,0,0,,,,
Gemma-3-4B,mlx-community/gemma-3-text-4b-it-4bit,4f665a4c50ecfe4ecdc34056ab52fe3e3c4abf9e,complaint_callback-valid-3,complaint_callback-valid-3--record_first,complaint_callback,record_first,valid,ELIGIBLE,commit_then_review,recovered,ELIGIBLE,111,16,0,1,1,1,1,1,0,0,0,0,0,0,0,0,1
Gemma-3-4B,mlx-community/gemma-3-text-4b-it-4bit,4f665a4c50ecfe4ecdc34056ab52fe3e3c4abf9e,complaint_callback-invalid-1,complaint_callback-invalid-1--policy_first,complaint_callback,policy_first,invalid,INELIGIBLE,independent_review,recovered,ELIGIBLE,130,19,0,0,0,1,0,1,0,0,1,0,0,,,,
Gemma-3-4B,mlx-community/gemma-3-text-4b-it-4bit,4f665a4c50ecfe4ecdc34056ab52fe3e3c4abf9e,complaint_callback-invalid-1,complaint_callback-invalid-1--policy_first,complaint_callback,policy_first,invalid,INELIGIBLE,prior_rationale,recovered,ELIGIBLE,155,23,0,0,0,1,0,1,0,0,1,0,0,,,,
Gemma-3-4B,mlx-community/gemma-3-text-4b-it-4bit,4f665a4c50ecfe4ecdc34056ab52fe3e3c4abf9e,complaint_callback-invalid-1,complaint_callback-invalid-1--policy_first,complaint_callback,policy_first,invalid,INELIGIBLE,evidence_checklist,recovered,ELIGIBLE,155,23,0,0,0,1,0,1,0,0,1,0,0,,,,
Gemma-3-4B,mlx-community/gemma-3-text-4b-it-4bit,4f665a4c50ecfe4ecdc34056ab52fe3e3c4abf9e,complaint_callback-invalid-1,complaint_callback-invalid-1--policy_first,complaint_callback,policy_first,invalid,INELIGIBLE,commit_then_review,recovered,ELIGIBLE,130,19,0,0,0,1,0,1,0,0,1,0,0,0,0,0,0
Gemma-3-4B,mlx-community/gemma-3-text-4b-it-4bit,4f665a4c50ecfe4ecdc34056ab52fe3e3c4abf9e,complaint_callback-invalid-1,complaint_callback-invalid-1--record_first,complaint_callback,record_first,invalid,INELIGIBLE,independent_review,recovered,ELIGIBLE,139,20,0,0,0,1,0,1,0,0,1,0,0,,,,
Gemma-3-4B,mlx-community/gemma-3-text-4b-it-4bit,4f665a4c50ecfe4ecdc34056ab52fe3e3c4abf9e,complaint_callback-invalid-1,complaint_callback-invalid-1--record_first,complaint_callback,record_first,invalid,INELIGIBLE,prior_rationale,recovered,ELIGIBLE,155,23,0,0,0,1,0,1,0,0,1,0,0,,,,
Gemma-3-4B,mlx-community/gemma-3-text-4b-it-4bit,4f665a4c50ecfe4ecdc34056ab52fe3e3c4abf9e,complaint_callback-invalid-1,complaint_callback-invalid-1--record_first,complaint_callback,record_first,invalid,INELIGIBLE,evidence_checklist,recovered,ELIGIBLE,155,23,0,0,0,1,0,1,0,0,1,0,0,,,,
Gemma-3-4B,mlx-community/gemma-3-text-4b-it-4bit,4f665a4c50ecfe4ecdc34056ab52fe3e3c4abf9e,complaint_callback-invalid-1,complaint_callback-invalid-1--record_first,complaint_callback,record_first,invalid,INELIGIBLE,commit_then_review,recovered,ELIGIBLE,139,20,0,0,0,1,0,1,0,0,1,0,0,0,0,0,0
Gemma-3-4B,mlx-community/gemma-3-text-4b-it-4bit,4f665a4c50ecfe4ecdc34056ab52fe3e3c4abf9e,complaint_callback-invalid-2,complaint_callback-invalid-2--policy_first,complaint_callback,policy_first,invalid,INELIGIBLE,independent_review,recovered,ELIGIBLE,156,22,0,0,0,1,0,1,0,0,1,0,0,,,,
Gemma-3-4B,mlx-community/gemma-3-text-4b-it-4bit,4f665a4c50ecfe4ecdc34056ab52fe3e3c4abf9e,complaint_callback-invalid-2,complaint_callback-invalid-2--policy_first,complaint_callback,policy_first,invalid,INELIGIBLE,prior_rationale,recovered,ELIGIBLE,155,23,0,0,0,1,0,1,0,0,1,0,0,,,,
Gemma-3-4B,mlx-community/gemma-3-text-4b-it-4bit,4f665a4c50ecfe4ecdc34056ab52fe3e3c4abf9e,complaint_callback-invalid-2,complaint_callback-invalid-2--policy_first,complaint_callback,policy_first,invalid,INELIGIBLE,evidence_checklist,recovered,ELIGIBLE,151,22,0,0,0,1,0,1,0,0,1,0,0,,,,
Gemma-3-4B,mlx-community/gemma-3-text-4b-it-4bit,4f665a4c50ecfe4ecdc34056ab52fe3e3c4abf9e,complaint_callback-invalid-2,complaint_callback-invalid-2--policy_first,complaint_callback,policy_first,invalid,INELIGIBLE,commit_then_review,recovered,ELIGIBLE,156,22,0,0,0,1,0,1,0,0,1,0,0,0,0,0,0
Gemma-3-4B,mlx-community/gemma-3-text-4b-it-4bit,4f665a4c50ecfe4ecdc34056ab52fe3e3c4abf9e,complaint_callback-invalid-2,complaint_callback-invalid-2--record_first,complaint_callback,record_first,invalid,INELIGIBLE,independent_review,recovered,ELIGIBLE,123,18,0,0,0,1,0,1,0,0,1,0,0,,,,
Gemma-3-4B,mlx-community/gemma-3-text-4b-it-4bit,4f665a4c50ecfe4ecdc34056ab52fe3e3c4abf9e,complaint_callback-invalid-2,complaint_callback-invalid-2--record_first,complaint_callback,record_first,invalid,INELIGIBLE,prior_rationale,recovered,ELIGIBLE,148,21,0,0,0,1,0,1,0,0,1,0,0,,,,
Gemma-3-4B,mlx-community/gemma-3-text-4b-it-4bit,4f665a4c50ecfe4ecdc34056ab52fe3e3c4abf9e,complaint_callback-invalid-2,complaint_callback-invalid-2--record_first,complaint_callback,record_first,invalid,INELIGIBLE,evidence_checklist,recovered,ELIGIBLE,148,21,0,0,0,1,0,1,0,0,1,0,0,,,,
Gemma-3-4B,mlx-community/gemma-3-text-4b-it-4bit,4f665a4c50ecfe4ecdc34056ab52fe3e3c4abf9e,complaint_callback-invalid-2,complaint_callback-invalid-2--record_first,complaint_callback,record_first,invalid,INELIGIBLE,commit_then_review,recovered,ELIGIBLE,144,21,0,0,0,1,0,1,0,0,1,0,0,0,0,0,0
Gemma-3-4B,mlx-community/gemma-3-text-4b-it-4bit,4f665a4c50ecfe4ecdc34056ab52fe3e3c4abf9e,complaint_callback-invalid-3,complaint_callback-invalid-3--policy_first,complaint_callback,policy_first,invalid,INELIGIBLE,independent_review,recovered,ELIGIBLE,155,23,0,0,0,1,0,1,0,0,1,0,0,,,,
Gemma-3-4B,mlx-community/gemma-3-text-4b-it-4bit,4f665a4c50ecfe4ecdc34056ab52fe3e3c4abf9e,complaint_callback-invalid-3,complaint_callback-invalid-3--policy_first,complaint_callback,policy_first,invalid,INELIGIBLE,prior_rationale,recovered,ELIGIBLE,155,23,0,0,0,1,0,1,0,0,1,0,0,,,,
Gemma-3-4B,mlx-community/gemma-3-text-4b-it-4bit,4f665a4c50ecfe4ecdc34056ab52fe3e3c4abf9e,complaint_callback-invalid-3,complaint_callback-invalid-3--policy_first,complaint_callback,policy_first,invalid,INELIGIBLE,evidence_checklist,recovered,ELIGIBLE,148,22,0,0,0,1,0,1,0,0,1,0,0,,,,
Gemma-3-4B,mlx-community/gemma-3-text-4b-it-4bit,4f665a4c50ecfe4ecdc34056ab52fe3e3c4abf9e,complaint_callback-invalid-3,complaint_callback-invalid-3--policy_first,complaint_callback,policy_first,invalid,INELIGIBLE,commit_then_review,recovered,ELIGIBLE,155,23,0,0,0,1,0,1,0,0,1,0,0,0,0,0,0
Gemma-3-4B,mlx-community/gemma-3-text-4b-it-4bit,4f665a4c50ecfe4ecdc34056ab52fe3e3c4abf9e,complaint_callback-invalid-3,complaint_callback-invalid-3--record_first,complaint_callback,record_first,invalid,INELIGIBLE,independent_review,recovered,ELIGIBLE,138,20,0,0,0,1,0,1,0,0,1,0,0,,,,
Gemma-3-4B,mlx-community/gemma-3-text-4b-it-4bit,4f665a4c50ecfe4ecdc34056ab52fe3e3c4abf9e,complaint_callback-invalid-3,complaint_callback-invalid-3--record_first,complaint_callback,record_first,invalid,INELIGIBLE,prior_rationale,recovered,ELIGIBLE,155,23,0,0,0,1,0,1,0,0,1,0,0,,,,
Gemma-3-4B,mlx-community/gemma-3-text-4b-it-4bit,4f665a4c50ecfe4ecdc34056ab52fe3e3c4abf9e,complaint_callback-invalid-3,complaint_callback-invalid-3--record_first,complaint_callback,record_first,invalid,INELIGIBLE,evidence_checklist,recovered,ELIGIBLE,155,23,0,0,0,1,0,1,0,0,1,0,0,,,,
Gemma-3-4B,mlx-community/gemma-3-text-4b-it-4bit,4f665a4c50ecfe4ecdc34056ab52fe3e3c4abf9e,complaint_callback-invalid-3,complaint_callback-invalid-3--record_first,complaint_callback,record_first,invalid,INELIGIBLE,commit_then_review,recovered,ELIGIBLE,138,20,0,0,0,1,0,1,0,0,1,0,0,0,0,0,0
Gemma-3-4B,mlx-community/gemma-3-text-4b-it-4bit,4f665a4c50ecfe4ecdc34056ab52fe3e3c4abf9e,complaint_callback-incomplete-1,complaint_callback-incomplete-1--policy_first,complaint_callback,policy_first,incomplete,NEED_INFORMATION,independent_review,recovered,ELIGIBLE,125,19,0,0,0,1,0,1,0,0,0,0,0,,,,
Gemma-3-4B,mlx-community/gemma-3-text-4b-it-4bit,4f665a4c50ecfe4ecdc34056ab52fe3e3c4abf9e,complaint_callback-incomplete-1,complaint_callback-incomplete-1--policy_first,complaint_callback,policy_first,incomplete,NEED_INFORMATION,prior_rationale,recovered,ELIGIBLE,116,17,0,0,0,1,0,1,0,0,0,0,0,,,,
Gemma-3-4B,mlx-community/gemma-3-text-4b-it-4bit,4f665a4c50ecfe4ecdc34056ab52fe3e3c4abf9e,complaint_callback-incomplete-1,complaint_callback-incomplete-1--policy_first,complaint_callback,policy_first,incomplete,NEED_INFORMATION,evidence_checklist,recovered,NEED_INFORMATION,165,23,0,1,1,1,1,1,0,0,0,1,0,,,,
Gemma-3-4B,mlx-community/gemma-3-text-4b-it-4bit,4f665a4c50ecfe4ecdc34056ab52fe3e3c4abf9e,complaint_callback-incomplete-1,complaint_callback-incomplete-1--policy_first,complaint_callback,policy_first,incomplete,NEED_INFORMATION,commit_then_review,recovered,ELIGIBLE,144,21,0,0,0,1,0,1,0,0,0,0,0,0,0,0,0
Gemma-3-4B,mlx-community/gemma-3-text-4b-it-4bit,4f665a4c50ecfe4ecdc34056ab52fe3e3c4abf9e,complaint_callback-incomplete-1,complaint_callback-incomplete-1--record_first,complaint_callback,record_first,incomplete,NEED_INFORMATION,independent_review,recovered,ELIGIBLE,118,17,0,0,0,1,0,1,0,0,0,0,0,,,,
Gemma-3-4B,mlx-community/gemma-3-text-4b-it-4bit,4f665a4c50ecfe4ecdc34056ab52fe3e3c4abf9e,complaint_callback-incomplete-1,complaint_callback-incomplete-1--record_first,complaint_callback,record_first,incomplete,NEED_INFORMATION,prior_rationale,recovered,ELIGIBLE,138,20,0,0,0,1,0,1,0,0,0,0,0,,,,
Gemma-3-4B,mlx-community/gemma-3-text-4b-it-4bit,4f665a4c50ecfe4ecdc34056ab52fe3e3c4abf9e,complaint_callback-incomplete-1,complaint_callback-incomplete-1--record_first,complaint_callback,record_first,incomplete,NEED_INFORMATION,evidence_checklist,recovered,ELIGIBLE,110,16,0,0,0,1,0,1,0,0,0,0,0,,,,
Gemma-3-4B,mlx-community/gemma-3-text-4b-it-4bit,4f665a4c50ecfe4ecdc34056ab52fe3e3c4abf9e,complaint_callback-incomplete-1,complaint_callback-incomplete-1--record_first,complaint_callback,record_first,incomplete,NEED_INFORMATION,commit_then_review,recovered,ELIGIBLE,164,25,0,0,0,1,0,1,0,0,0,0,0,0,0,0,0
Gemma-3-4B,mlx-community/gemma-3-text-4b-it-4bit,4f665a4c50ecfe4ecdc34056ab52fe3e3c4abf9e,complaint_callback-incomplete-2,complaint_callback-incomplete-2--policy_first,complaint_callback,policy_first,incomplete,NEED_INFORMATION,independent_review,recovered,ELIGIBLE,125,19,0,0,0,1,0,1,0,0,0,0,0,,,,
Gemma-3-4B,mlx-community/gemma-3-text-4b-it-4bit,4f665a4c50ecfe4ecdc34056ab52fe3e3c4abf9e,complaint_callback-incomplete-2,complaint_callback-incomplete-2--policy_first,complaint_callback,policy_first,incomplete,NEED_INFORMATION,prior_rationale,recovered,ELIGIBLE,131,20,0,0,0,1,0,1,0,0,0,0,0,,,,
Gemma-3-4B,mlx-community/gemma-3-text-4b-it-4bit,4f665a4c50ecfe4ecdc34056ab52fe3e3c4abf9e,complaint_callback-incomplete-2,complaint_callback-incomplete-2--policy_first,complaint_callback,policy_first,incomplete,NEED_INFORMATION,evidence_checklist,recovered,NEED_INFORMATION,165,23,0,1,1,1,1,1,0,0,0,1,0,,,,
Gemma-3-4B,mlx-community/gemma-3-text-4b-it-4bit,4f665a4c50ecfe4ecdc34056ab52fe3e3c4abf9e,complaint_callback-incomplete-2,complaint_callback-incomplete-2--policy_first,complaint_callback,policy_first,incomplete,NEED_INFORMATION,commit_then_review,recovered,ELIGIBLE,142,20,0,0,0,1,0,1,0,0,0,0,0,0,0,0,0
Gemma-3-4B,mlx-community/gemma-3-text-4b-it-4bit,4f665a4c50ecfe4ecdc34056ab52fe3e3c4abf9e,complaint_callback-incomplete-2,complaint_callback-incomplete-2--record_first,complaint_callback,record_first,incomplete,NEED_INFORMATION,independent_review,recovered,ELIGIBLE,118,17,0,0,0,1,0,1,0,0,0,0,0,,,,
Gemma-3-4B,mlx-community/gemma-3-text-4b-it-4bit,4f665a4c50ecfe4ecdc34056ab52fe3e3c4abf9e,complaint_callback-incomplete-2,complaint_callback-incomplete-2--record_first,complaint_callback,record_first,incomplete,NEED_INFORMATION,prior_rationale,recovered,ELIGIBLE,148,21,0,0,0,1,0,1,0,0,0,0,0,,,,
Gemma-3-4B,mlx-community/gemma-3-text-4b-it-4bit,4f665a4c50ecfe4ecdc34056ab52fe3e3c4abf9e,complaint_callback-incomplete-2,complaint_callback-incomplete-2--record_first,complaint_callback,record_first,incomplete,NEED_INFORMATION,evidence_checklist,recovered,ELIGIBLE,107,16,0,0,0,1,0,1,0,0,0,0,0,,,,
Gemma-3-4B,mlx-community/gemma-3-text-4b-it-4bit,4f665a4c50ecfe4ecdc34056ab52fe3e3c4abf9e,complaint_callback-incomplete-2,complaint_callback-incomplete-2--record_first,complaint_callback,record_first,incomplete,NEED_INFORMATION,commit_then_review,recovered,ELIGIBLE,164,25,0,0,0,1,0,1,0,0,0,0,0,0,0,0,0
Gemma-3-4B,mlx-community/gemma-3-text-4b-it-4bit,4f665a4c50ecfe4ecdc34056ab52fe3e3c4abf9e,complaint_callback-incomplete-3,complaint_callback-incomplete-3--policy_first,complaint_callback,policy_first,incomplete,NEED_INFORMATION,independent_review,recovered,ELIGIBLE,125,19,0,0,0,1,0,1,0,0,0,0,0,,,,
Gemma-3-4B,mlx-community/gemma-3-text-4b-it-4bit,4f665a4c50ecfe4ecdc34056ab52fe3e3c4abf9e,complaint_callback-incomplete-3,complaint_callback-incomplete-3--policy_first,complaint_callback,policy_first,incomplete,NEED_INFORMATION,prior_rationale,recovered,ELIGIBLE,127,19,0,0,0,1,0,1,0,0,0,0,0,,,,
Gemma-3-4B,mlx-community/gemma-3-text-4b-it-4bit,4f665a4c50ecfe4ecdc34056ab52fe3e3c4abf9e,complaint_callback-incomplete-3,complaint_callback-incomplete-3--policy_first,complaint_callback,policy_first,incomplete,NEED_INFORMATION,evidence_checklist,recovered,NEED_INFORMATION,165,23,0,1,1,1,1,1,0,0,0,1,0,,,,
Gemma-3-4B,mlx-community/gemma-3-text-4b-it-4bit,4f665a4c50ecfe4ecdc34056ab52fe3e3c4abf9e,complaint_callback-incomplete-3,complaint_callback-incomplete-3--policy_first,complaint_callback,policy_first,incomplete,NEED_INFORMATION,commit_then_review,recovered,ELIGIBLE,260,36,0,0,0,1,0,1,0,0,0,0,0,0,0,0,0
Gemma-3-4B,mlx-community/gemma-3-text-4b-it-4bit,4f665a4c50ecfe4ecdc34056ab52fe3e3c4abf9e,complaint_callback-incomplete-3,complaint_callback-incomplete-3--record_first,complaint_callback,record_first,incomplete,NEED_INFORMATION,independent_review,recovered,ELIGIBLE,118,17,0,0,0,1,0,1,0,0,0,0,0,,,,
Gemma-3-4B,mlx-community/gemma-3-text-4b-it-4bit,4f665a4c50ecfe4ecdc34056ab52fe3e3c4abf9e,complaint_callback-incomplete-3,complaint_callback-incomplete-3--record_first,complaint_callback,record_first,incomplete,NEED_INFORMATION,prior_rationale,recovered,ELIGIBLE,150,21,0,0,0,1,0,1,0,0,0,0,0,,,,
Gemma-3-4B,mlx-community/gemma-3-text-4b-it-4bit,4f665a4c50ecfe4ecdc34056ab52fe3e3c4abf9e,complaint_callback-incomplete-3,complaint_callback-incomplete-3--record_first,complaint_callback,record_first,incomplete,NEED_INFORMATION,evidence_checklist,recovered,ELIGIBLE,132,19,0,0,0,1,0,1,0,0,0,0,0,,,,
Gemma-3-4B,mlx-community/gemma-3-text-4b-it-4bit,4f665a4c50ecfe4ecdc34056ab52fe3e3c4abf9e,complaint_callback-incomplete-3,complaint_callback-incomplete-3--record_first,complaint_callback,record_first,incomplete,NEED_INFORMATION,commit_then_review,recovered,ELIGIBLE,164,25,0,0,0,1,0,1,0,0,0,0,0,0,0,0,0
Gemma-3-4B,mlx-community/gemma-3-text-4b-it-4bit,4f665a4c50ecfe4ecdc34056ab52fe3e3c4abf9e,complaint_callback-conflict-1,complaint_callback-conflict-1--policy_first,complaint_callback,policy_first,conflict,HUMAN_REVIEW,independent_review,recovered,ELIGIBLE,157,23,0,0,0,0,0,1,0,0,0,0,0,,,,
Gemma-3-4B,mlx-community/gemma-3-text-4b-it-4bit,4f665a4c50ecfe4ecdc34056ab52fe3e3c4abf9e,complaint_callback-conflict-1,complaint_callback-conflict-1--policy_first,complaint_callback,policy_first,conflict,HUMAN_REVIEW,prior_rationale,recovered,ELIGIBLE,155,23,0,0,0,0,0,1,0,0,0,0,0,,,,
Gemma-3-4B,mlx-community/gemma-3-text-4b-it-4bit,4f665a4c50ecfe4ecdc34056ab52fe3e3c4abf9e,complaint_callback-conflict-1,complaint_callback-conflict-1--policy_first,complaint_callback,policy_first,conflict,HUMAN_REVIEW,evidence_checklist,recovered,ELIGIBLE,155,23,0,0,0,0,0,1,0,0,0,0,0,,,,
Gemma-3-4B,mlx-community/gemma-3-text-4b-it-4bit,4f665a4c50ecfe4ecdc34056ab52fe3e3c4abf9e,complaint_callback-conflict-1,complaint_callback-conflict-1--policy_first,complaint_callback,policy_first,conflict,HUMAN_REVIEW,commit_then_review,recovered,ELIGIBLE,157,23,0,0,0,0,0,1,0,0,0,0,0,0,0,0,0
Gemma-3-4B,mlx-community/gemma-3-text-4b-it-4bit,4f665a4c50ecfe4ecdc34056ab52fe3e3c4abf9e,complaint_callback-conflict-1,complaint_callback-conflict-1--record_first,complaint_callback,record_first,conflict,HUMAN_REVIEW,independent_review,recovered,ELIGIBLE,111,16,0,0,0,0,0,1,0,0,0,0,0,,,,
Gemma-3-4B,mlx-community/gemma-3-text-4b-it-4bit,4f665a4c50ecfe4ecdc34056ab52fe3e3c4abf9e,complaint_callback-conflict-1,complaint_callback-conflict-1--record_first,complaint_callback,record_first,conflict,HUMAN_REVIEW,prior_rationale,recovered,ELIGIBLE,163,25,0,0,0,0,0,1,0,0,0,0,0,,,,
Gemma-3-4B,mlx-community/gemma-3-text-4b-it-4bit,4f665a4c50ecfe4ecdc34056ab52fe3e3c4abf9e,complaint_callback-conflict-1,complaint_callback-conflict-1--record_first,complaint_callback,record_first,conflict,HUMAN_REVIEW,evidence_checklist,recovered,ELIGIBLE,153,23,0,0,0,0,0,1,0,0,0,0,0,,,,
Gemma-3-4B,mlx-community/gemma-3-text-4b-it-4bit,4f665a4c50ecfe4ecdc34056ab52fe3e3c4abf9e,complaint_callback-conflict-1,complaint_callback-conflict-1--record_first,complaint_callback,record_first,conflict,HUMAN_REVIEW,commit_then_review,recovered,ELIGIBLE,114,15,0,0,0,0,0,1,0,0,0,0,0,0,0,0,0
Gemma-3-4B,mlx-community/gemma-3-text-4b-it-4bit,4f665a4c50ecfe4ecdc34056ab52fe3e3c4abf9e,complaint_callback-conflict-2,complaint_callback-conflict-2--policy_first,complaint_callback,policy_first,conflict,HUMAN_REVIEW,independent_review,recovered,ELIGIBLE,157,23,0,0,0,0,0,1,0,0,0,0,0,,,,
Gemma-3-4B,mlx-community/gemma-3-text-4b-it-4bit,4f665a4c50ecfe4ecdc34056ab52fe3e3c4abf9e,complaint_callback-conflict-2,complaint_callback-conflict-2--policy_first,complaint_callback,policy_first,conflict,HUMAN_REVIEW,prior_rationale,recovered,ELIGIBLE,157,23,0,0,0,0,0,1,0,0,0,0,0,,,,
Gemma-3-4B,mlx-community/gemma-3-text-4b-it-4bit,4f665a4c50ecfe4ecdc34056ab52fe3e3c4abf9e,complaint_callback-conflict-2,complaint_callback-conflict-2--policy_first,complaint_callback,policy_first,conflict,HUMAN_REVIEW,evidence_checklist,recovered,ELIGIBLE,150,22,0,0,0,0,0,1,0,0,0,0,0,,,,
Gemma-3-4B,mlx-community/gemma-3-text-4b-it-4bit,4f665a4c50ecfe4ecdc34056ab52fe3e3c4abf9e,complaint_callback-conflict-2,complaint_callback-conflict-2--policy_first,complaint_callback,policy_first,conflict,HUMAN_REVIEW,commit_then_review,recovered,ELIGIBLE,157,23,0,0,0,0,0,1,0,0,0,0,0,0,0,0,0
Gemma-3-4B,mlx-community/gemma-3-text-4b-it-4bit,4f665a4c50ecfe4ecdc34056ab52fe3e3c4abf9e,complaint_callback-conflict-2,complaint_callback-conflict-2--record_first,complaint_callback,record_first,conflict,HUMAN_REVIEW,independent_review,recovered,ELIGIBLE,129,19,0,0,0,0,0,1,0,0,0,0,0,,,,
Gemma-3-4B,mlx-community/gemma-3-text-4b-it-4bit,4f665a4c50ecfe4ecdc34056ab52fe3e3c4abf9e,complaint_callback-conflict-2,complaint_callback-conflict-2--record_first,complaint_callback,record_first,conflict,HUMAN_REVIEW,prior_rationale,recovered,ELIGIBLE,155,23,0,0,0,0,0,1,0,0,0,0,0,,,,
Gemma-3-4B,mlx-community/gemma-3-text-4b-it-4bit,4f665a4c50ecfe4ecdc34056ab52fe3e3c4abf9e,complaint_callback-conflict-2,complaint_callback-conflict-2--record_first,complaint_callback,record_first,conflict,HUMAN_REVIEW,evidence_checklist,recovered,ELIGIBLE,129,19,0,0,0,0,0,1,0,0,0,0,0,,,,
Gemma-3-4B,mlx-community/gemma-3-text-4b-it-4bit,4f665a4c50ecfe4ecdc34056ab52fe3e3c4abf9e,complaint_callback-conflict-2,complaint_callback-conflict-2--record_first,complaint_callback,record_first,conflict,HUMAN_REVIEW,commit_then_review,recovered,ELIGIBLE,114,15,0,0,0,0,0,1,0,0,0,0,0,0,0,0,0
Gemma-3-4B,mlx-community/gemma-3-text-4b-it-4bit,4f665a4c50ecfe4ecdc34056ab52fe3e3c4abf9e,complaint_callback-conflict-3,complaint_callback-conflict-3--policy_first,complaint_callback,policy_first,conflict,HUMAN_REVIEW,independent_review,recovered,ELIGIBLE,157,23,0,0,0,0,0,1,0,0,0,0,0,,,,
Gemma-3-4B,mlx-community/gemma-3-text-4b-it-4bit,4f665a4c50ecfe4ecdc34056ab52fe3e3c4abf9e,complaint_callback-conflict-3,complaint_callback-conflict-3--policy_first,complaint_callback,policy_first,conflict,HUMAN_REVIEW,prior_rationale,recovered,ELIGIBLE,157,23,0,0,0,0,0,1,0,0,0,0,0,,,,
Gemma-3-4B,mlx-community/gemma-3-text-4b-it-4bit,4f665a4c50ecfe4ecdc34056ab52fe3e3c4abf9e,complaint_callback-conflict-3,complaint_callback-conflict-3--policy_first,complaint_callback,policy_first,conflict,HUMAN_REVIEW,evidence_checklist,recovered,ELIGIBLE,150,22,0,0,0,0,0,1,0,0,0,0,0,,,,
Gemma-3-4B,mlx-community/gemma-3-text-4b-it-4bit,4f665a4c50ecfe4ecdc34056ab52fe3e3c4abf9e,complaint_callback-conflict-3,complaint_callback-conflict-3--policy_first,complaint_callback,policy_first,conflict,HUMAN_REVIEW,commit_then_review,recovered,ELIGIBLE,157,23,0,0,0,0,0,1,0,0,0,0,0,0,0,0,0
Gemma-3-4B,mlx-community/gemma-3-text-4b-it-4bit,4f665a4c50ecfe4ecdc34056ab52fe3e3c4abf9e,complaint_callback-conflict-3,complaint_callback-conflict-3--record_first,complaint_callback,record_first,conflict,HUMAN_REVIEW,independent_review,recovered,ELIGIBLE,111,16,0,0,0,0,0,1,0,0,0,0,0,,,,
Gemma-3-4B,mlx-community/gemma-3-text-4b-it-4bit,4f665a4c50ecfe4ecdc34056ab52fe3e3c4abf9e,complaint_callback-conflict-3,complaint_callback-conflict-3--record_first,complaint_callback,record_first,conflict,HUMAN_REVIEW,prior_rationale,recovered,ELIGIBLE,163,25,0,0,0,0,0,1,0,0,0,0,0,,,,
Gemma-3-4B,mlx-community/gemma-3-text-4b-it-4bit,4f665a4c50ecfe4ecdc34056ab52fe3e3c4abf9e,complaint_callback-conflict-3,complaint_callback-conflict-3--record_first,complaint_callback,record_first,conflict,HUMAN_REVIEW,evidence_checklist,recovered,ELIGIBLE,153,23,0,0,0,0,0,1,0,0,0,0,0,,,,
Gemma-3-4B,mlx-community/gemma-3-text-4b-it-4bit,4f665a4c50ecfe4ecdc34056ab52fe3e3c4abf9e,complaint_callback-conflict-3,complaint_callback-conflict-3--record_first,complaint_callback,record_first,conflict,HUMAN_REVIEW,commit_then_review,recovered,ELIGIBLE,114,15,0,0,0,0,0,1,0,0,0,0,0,0,0,0,0
Mistral-7B,mlx-community/Mistral-7B-Instruct-v0.3-4bit,a4b8f870474b0eb527f466a03fbc187830d271f5,family_contact-valid-1,family_contact-valid-1--policy_first,family_contact,policy_first,valid,ELIGIBLE,independent_review,strict,NEED_INFORMATION,78,10,0,0,0,1,0,1,1,1,0,0,0,,,,
Mistral-7B,mlx-community/Mistral-7B-Instruct-v0.3-4bit,a4b8f870474b0eb527f466a03fbc187830d271f5,family_contact-valid-1,family_contact-valid-1--policy_first,family_contact,policy_first,valid,ELIGIBLE,prior_rationale,strict,ELIGIBLE,122,19,0,1,1,1,1,1,1,0,0,0,0,,,,
Mistral-7B,mlx-community/Mistral-7B-Instruct-v0.3-4bit,a4b8f870474b0eb527f466a03fbc187830d271f5,family_contact-valid-1,family_contact-valid-1--policy_first,family_contact,policy_first,valid,ELIGIBLE,evidence_checklist,strict,ELIGIBLE,122,19,0,1,1,1,1,1,1,0,0,0,0,,,,
Mistral-7B,mlx-community/Mistral-7B-Instruct-v0.3-4bit,a4b8f870474b0eb527f466a03fbc187830d271f5,family_contact-valid-1,family_contact-valid-1--policy_first,family_contact,policy_first,valid,ELIGIBLE,commit_then_review,strict,ELIGIBLE,132,19,0,1,1,1,1,1,1,0,0,0,0,1,1,0,0
Mistral-7B,mlx-community/Mistral-7B-Instruct-v0.3-4bit,a4b8f870474b0eb527f466a03fbc187830d271f5,family_contact-valid-1,family_contact-valid-1--record_first,family_contact,record_first,valid,ELIGIBLE,independent_review,strict,NEED_INFORMATION,134,20,0,0,0,0,0,1,1,1,0,0,0,,,,
Mistral-7B,mlx-community/Mistral-7B-Instruct-v0.3-4bit,a4b8f870474b0eb527f466a03fbc187830d271f5,family_contact-valid-1,family_contact-valid-1--record_first,family_contact,record_first,valid,ELIGIBLE,prior_rationale,strict,ELIGIBLE,124,20,0,1,1,1,1,1,1,0,0,0,0,,,,
Mistral-7B,mlx-community/Mistral-7B-Instruct-v0.3-4bit,a4b8f870474b0eb527f466a03fbc187830d271f5,family_contact-valid-1,family_contact-valid-1--record_first,family_contact,record_first,valid,ELIGIBLE,evidence_checklist,strict,ELIGIBLE,124,20,0,1,1,1,1,1,1,0,0,0,0,,,,
Mistral-7B,mlx-community/Mistral-7B-Instruct-v0.3-4bit,a4b8f870474b0eb527f466a03fbc187830d271f5,family_contact-valid-1,family_contact-valid-1--record_first,family_contact,record_first,valid,ELIGIBLE,commit_then_review,strict,ELIGIBLE,124,20,0,1,1,1,1,1,1,0,0,0,0,1,1,0,0
Mistral-7B,mlx-community/Mistral-7B-Instruct-v0.3-4bit,a4b8f870474b0eb527f466a03fbc187830d271f5,family_contact-valid-2,family_contact-valid-2--policy_first,family_contact,policy_first,valid,ELIGIBLE,independent_review,strict,ELIGIBLE,124,17,0,1,1,1,1,1,1,0,0,0,0,,,,
Mistral-7B,mlx-community/Mistral-7B-Instruct-v0.3-4bit,a4b8f870474b0eb527f466a03fbc187830d271f5,family_contact-valid-2,family_contact-valid-2--policy_first,family_contact,policy_first,valid,ELIGIBLE,prior_rationale,strict,ELIGIBLE,122,19,0,1,1,1,1,1,1,0,0,0,0,,,,
Mistral-7B,mlx-community/Mistral-7B-Instruct-v0.3-4bit,a4b8f870474b0eb527f466a03fbc187830d271f5,family_contact-valid-2,family_contact-valid-2--policy_first,family_contact,policy_first,valid,ELIGIBLE,evidence_checklist,strict,ELIGIBLE,122,19,0,1,1,1,1,1,1,0,0,0,0,,,,
Mistral-7B,mlx-community/Mistral-7B-Instruct-v0.3-4bit,a4b8f870474b0eb527f466a03fbc187830d271f5,family_contact-valid-2,family_contact-valid-2--policy_first,family_contact,policy_first,valid,ELIGIBLE,commit_then_review,strict,ELIGIBLE,132,19,0,1,1,1,1,1,1,0,0,0,0,1,1,0,0
Mistral-7B,mlx-community/Mistral-7B-Instruct-v0.3-4bit,a4b8f870474b0eb527f466a03fbc187830d271f5,family_contact-valid-2,family_contact-valid-2--record_first,family_contact,record_first,valid,ELIGIBLE,independent_review,strict,NEED_INFORMATION,134,20,0,0,0,0,0,1,1,1,0,0,0,,,,
Mistral-7B,mlx-community/Mistral-7B-Instruct-v0.3-4bit,a4b8f870474b0eb527f466a03fbc187830d271f5,family_contact-valid-2,family_contact-valid-2--record_first,family_contact,record_first,valid,ELIGIBLE,prior_rationale,strict,ELIGIBLE,124,20,0,1,1,1,1,1,1,0,0,0,0,,,,
Mistral-7B,mlx-community/Mistral-7B-Instruct-v0.3-4bit,a4b8f870474b0eb527f466a03fbc187830d271f5,family_contact-valid-2,family_contact-valid-2--record_first,family_contact,record_first,valid,ELIGIBLE,evidence_checklist,strict,ELIGIBLE,124,20,0,1,1,1,1,1,1,0,0,0,0,,,,
Mistral-7B,mlx-community/Mistral-7B-Instruct-v0.3-4bit,a4b8f870474b0eb527f466a03fbc187830d271f5,family_contact-valid-2,family_contact-valid-2--record_first,family_contact,record_first,valid,ELIGIBLE,commit_then_review,strict,ELIGIBLE,124,20,0,1,1,1,1,1,1,0,0,0,0,1,1,0,0
Mistral-7B,mlx-community/Mistral-7B-Instruct-v0.3-4bit,a4b8f870474b0eb527f466a03fbc187830d271f5,family_contact-valid-3,family_contact-valid-3--policy_first,family_contact,policy_first,valid,ELIGIBLE,independent_review,strict,NEED_INFORMATION,78,10,0,0,0,1,0,1,1,1,0,0,0,,,,
Mistral-7B,mlx-community/Mistral-7B-Instruct-v0.3-4bit,a4b8f870474b0eb527f466a03fbc187830d271f5,family_contact-valid-3,family_contact-valid-3--policy_first,family_contact,policy_first,valid,ELIGIBLE,prior_rationale,strict,ELIGIBLE,122,19,0,1,1,1,1,1,1,0,0,0,0,,,,
Mistral-7B,mlx-community/Mistral-7B-Instruct-v0.3-4bit,a4b8f870474b0eb527f466a03fbc187830d271f5,family_contact-valid-3,family_contact-valid-3--policy_first,family_contact,policy_first,valid,ELIGIBLE,evidence_checklist,strict,ELIGIBLE,122,19,0,1,1,1,1,1,1,0,0,0,0,,,,
Mistral-7B,mlx-community/Mistral-7B-Instruct-v0.3-4bit,a4b8f870474b0eb527f466a03fbc187830d271f5,family_contact-valid-3,family_contact-valid-3--policy_first,family_contact,policy_first,valid,ELIGIBLE,commit_then_review,strict,ELIGIBLE,91,12,0,1,1,1,1,1,1,0,0,0,0,1,1,0,0
Mistral-7B,mlx-community/Mistral-7B-Instruct-v0.3-4bit,a4b8f870474b0eb527f466a03fbc187830d271f5,family_contact-valid-3,family_contact-valid-3--record_first,family_contact,record_first,valid,ELIGIBLE,independent_review,strict,ELIGIBLE,120,19,0,1,1,1,1,1,1,0,0,0,0,,,,
Mistral-7B,mlx-community/Mistral-7B-Instruct-v0.3-4bit,a4b8f870474b0eb527f466a03fbc187830d271f5,family_contact-valid-3,family_contact-valid-3--record_first,family_contact,record_first,valid,ELIGIBLE,prior_rationale,strict,ELIGIBLE,124,20,0,1,1,1,1,1,1,0,0,0,0,,,,
Mistral-7B,mlx-community/Mistral-7B-Instruct-v0.3-4bit,a4b8f870474b0eb527f466a03fbc187830d271f5,family_contact-valid-3,family_contact-valid-3--record_first,family_contact,record_first,valid,ELIGIBLE,evidence_checklist,strict,ELIGIBLE,124,20,0,1,1,1,1,1,1,0,0,0,0,,,,
Mistral-7B,mlx-community/Mistral-7B-Instruct-v0.3-4bit,a4b8f870474b0eb527f466a03fbc187830d271f5,family_contact-valid-3,family_contact-valid-3--record_first,family_contact,record_first,valid,ELIGIBLE,commit_then_review,strict,ELIGIBLE,124,20,0,1,1,1,1,1,1,0,0,0,0,1,1,0,0
Mistral-7B,mlx-community/Mistral-7B-Instruct-v0.3-4bit,a4b8f870474b0eb527f466a03fbc187830d271f5,family_contact-invalid-1,family_contact-invalid-1--policy_first,family_contact,policy_first,invalid,INELIGIBLE,independent_review,strict,NEED_INFORMATION,130,17,0,0,0,1,0,1,1,0,0,0,0,,,,
Mistral-7B,mlx-community/Mistral-7B-Instruct-v0.3-4bit,a4b8f870474b0eb527f466a03fbc187830d271f5,family_contact-invalid-1,family_contact-invalid-1--policy_first,family_contact,policy_first,invalid,INELIGIBLE,prior_rationale,strict,NEED_INFORMATION,114,14,0,0,0,1,0,1,1,0,0,0,0,,,,
Mistral-7B,mlx-community/Mistral-7B-Instruct-v0.3-4bit,a4b8f870474b0eb527f466a03fbc187830d271f5,family_contact-invalid-1,family_contact-invalid-1--policy_first,family_contact,policy_first,invalid,INELIGIBLE,evidence_checklist,strict,NEED_INFORMATION,78,10,0,0,0,1,0,1,1,0,0,0,0,,,,
Mistral-7B,mlx-community/Mistral-7B-Instruct-v0.3-4bit,a4b8f870474b0eb527f466a03fbc187830d271f5,family_contact-invalid-1,family_contact-invalid-1--policy_first,family_contact,policy_first,invalid,INELIGIBLE,commit_then_review,strict,ELIGIBLE,115,17,0,0,0,1,0,1,1,0,1,0,0,1,0,0,0
Mistral-7B,mlx-community/Mistral-7B-Instruct-v0.3-4bit,a4b8f870474b0eb527f466a03fbc187830d271f5,family_contact-invalid-1,family_contact-invalid-1--record_first,family_contact,record_first,invalid,INELIGIBLE,independent_review,strict,NEED_INFORMATION,88,11,0,0,0,0,0,1,1,0,0,0,0,,,,
Mistral-7B,mlx-community/Mistral-7B-Instruct-v0.3-4bit,a4b8f870474b0eb527f466a03fbc187830d271f5,family_contact-invalid-1,family_contact-invalid-1--record_first,family_contact,record_first,invalid,INELIGIBLE,prior_rationale,strict,ELIGIBLE,236,38,0,0,0,1,0,1,1,0,1,0,0,,,,
Mistral-7B,mlx-community/Mistral-7B-Instruct-v0.3-4bit,a4b8f870474b0eb527f466a03fbc187830d271f5,family_contact-invalid-1,family_contact-invalid-1--record_first,family_contact,record_first,invalid,INELIGIBLE,evidence_checklist,strict,ELIGIBLE,182,30,0,0,0,1,0,1,1,0,1,0,0,,,,
Mistral-7B,mlx-community/Mistral-7B-Instruct-v0.3-4bit,a4b8f870474b0eb527f466a03fbc187830d271f5,family_contact-invalid-1,family_contact-invalid-1--record_first,family_contact,record_first,invalid,INELIGIBLE,commit_then_review,strict,ELIGIBLE,84,11,0,0,0,1,0,1,1,0,1,0,0,1,0,0,0
Mistral-7B,mlx-community/Mistral-7B-Instruct-v0.3-4bit,a4b8f870474b0eb527f466a03fbc187830d271f5,family_contact-invalid-2,family_contact-invalid-2--policy_first,family_contact,policy_first,invalid,INELIGIBLE,independent_review,strict,INELIGIBLE,227,37,0,1,1,1,1,1,1,0,0,0,0,,,,
Mistral-7B,mlx-community/Mistral-7B-Instruct-v0.3-4bit,a4b8f870474b0eb527f466a03fbc187830d271f5,family_contact-invalid-2,family_contact-invalid-2--policy_first,family_contact,policy_first,invalid,INELIGIBLE,prior_rationale,strict,INELIGIBLE,137,21,0,1,0,0,0,1,1,0,0,0,0,,,,
Mistral-7B,mlx-community/Mistral-7B-Instruct-v0.3-4bit,a4b8f870474b0eb527f466a03fbc187830d271f5,family_contact-invalid-2,family_contact-invalid-2--policy_first,family_contact,policy_first,invalid,INELIGIBLE,evidence_checklist,strict,INELIGIBLE,132,21,0,1,0,0,0,1,1,0,0,0,0,,,,
Mistral-7B,mlx-community/Mistral-7B-Instruct-v0.3-4bit,a4b8f870474b0eb527f466a03fbc187830d271f5,family_contact-invalid-2,family_contact-invalid-2--policy_first,family_contact,policy_first,invalid,INELIGIBLE,commit_then_review,strict,ELIGIBLE,189,27,0,0,0,1,0,1,1,0,1,0,0,1,0,0,0
Mistral-7B,mlx-community/Mistral-7B-Instruct-v0.3-4bit,a4b8f870474b0eb527f466a03fbc187830d271f5,family_contact-invalid-2,family_contact-invalid-2--record_first,family_contact,record_first,invalid,INELIGIBLE,independent_review,strict,NEED_INFORMATION,78,10,0,0,0,1,0,1,1,0,0,0,0,,,,
Mistral-7B,mlx-community/Mistral-7B-Instruct-v0.3-4bit,a4b8f870474b0eb527f466a03fbc187830d271f5,family_contact-invalid-2,family_contact-invalid-2--record_first,family_contact,record_first,invalid,INELIGIBLE,prior_rationale,strict,ELIGIBLE,119,20,0,0,0,1,0,1,1,0,1,0,0,,,,
Mistral-7B,mlx-community/Mistral-7B-Instruct-v0.3-4bit,a4b8f870474b0eb527f466a03fbc187830d271f5,family_contact-invalid-2,family_contact-invalid-2--record_first,family_contact,record_first,invalid,INELIGIBLE,evidence_checklist,strict,ELIGIBLE,117,20,0,0,0,1,0,1,1,0,1,0,0,,,,
Mistral-7B,mlx-community/Mistral-7B-Instruct-v0.3-4bit,a4b8f870474b0eb527f466a03fbc187830d271f5,family_contact-invalid-2,family_contact-invalid-2--record_first,family_contact,record_first,invalid,INELIGIBLE,commit_then_review,strict,ELIGIBLE,155,21,0,0,0,1,0,1,1,0,1,0,0,1,0,0,0
Mistral-7B,mlx-community/Mistral-7B-Instruct-v0.3-4bit,a4b8f870474b0eb527f466a03fbc187830d271f5,family_contact-invalid-3,family_contact-invalid-3--policy_first,family_contact,policy_first,invalid,INELIGIBLE,independent_review,strict,NEED_INFORMATION,105,15,0,0,0,1,0,1,1,0,0,0,0,,,,
Mistral-7B,mlx-community/Mistral-7B-Instruct-v0.3-4bit,a4b8f870474b0eb527f466a03fbc187830d271f5,family_contact-invalid-3,family_contact-invalid-3--policy_first,family_contact,policy_first,invalid,INELIGIBLE,prior_rationale,strict,NEED_INFORMATION,114,14,0,0,0,1,0,1,1,0,0,0,0,,,,
Mistral-7B,mlx-community/Mistral-7B-Instruct-v0.3-4bit,a4b8f870474b0eb527f466a03fbc187830d271f5,family_contact-invalid-3,family_contact-invalid-3--policy_first,family_contact,policy_first,invalid,INELIGIBLE,evidence_checklist,strict,NEED_INFORMATION,103,13,0,0,0,1,0,1,1,0,0,0,0,,,,
Mistral-7B,mlx-community/Mistral-7B-Instruct-v0.3-4bit,a4b8f870474b0eb527f466a03fbc187830d271f5,family_contact-invalid-3,family_contact-invalid-3--policy_first,family_contact,policy_first,invalid,INELIGIBLE,commit_then_review,strict,ELIGIBLE,150,21,0,0,0,1,0,1,1,0,1,0,0,1,0,0,0
Mistral-7B,mlx-community/Mistral-7B-Instruct-v0.3-4bit,a4b8f870474b0eb527f466a03fbc187830d271f5,family_contact-invalid-3,family_contact-invalid-3--record_first,family_contact,record_first,invalid,INELIGIBLE,independent_review,strict,NEED_INFORMATION,106,13,0,0,0,0,0,1,1,0,0,0,0,,,,
Mistral-7B,mlx-community/Mistral-7B-Instruct-v0.3-4bit,a4b8f870474b0eb527f466a03fbc187830d271f5,family_contact-invalid-3,family_contact-invalid-3--record_first,family_contact,record_first,invalid,INELIGIBLE,prior_rationale,strict,ELIGIBLE,116,20,0,0,0,1,0,1,1,0,1,0,0,,,,
Mistral-7B,mlx-community/Mistral-7B-Instruct-v0.3-4bit,a4b8f870474b0eb527f466a03fbc187830d271f5,family_contact-invalid-3,family_contact-invalid-3--record_first,family_contact,record_first,invalid,INELIGIBLE,evidence_checklist,strict,ELIGIBLE,116,20,0,0,0,1,0,1,1,0,1,0,0,,,,
Mistral-7B,mlx-community/Mistral-7B-Instruct-v0.3-4bit,a4b8f870474b0eb527f466a03fbc187830d271f5,family_contact-invalid-3,family_contact-invalid-3--record_first,family_contact,record_first,invalid,INELIGIBLE,commit_then_review,strict,ELIGIBLE,91,12,0,0,0,1,0,1,1,0,1,0,0,1,0,0,0
Mistral-7B,mlx-community/Mistral-7B-Instruct-v0.3-4bit,a4b8f870474b0eb527f466a03fbc187830d271f5,family_contact-incomplete-1,family_contact-incomplete-1--policy_first,family_contact,policy_first,incomplete,NEED_INFORMATION,independent_review,strict,NEED_INFORMATION,105,15,0,1,1,1,1,1,1,0,0,1,0,,,,
Mistral-7B,mlx-community/Mistral-7B-Instruct-v0.3-4bit,a4b8f870474b0eb527f466a03fbc187830d271f5,family_contact-incomplete-1,family_contact-incomplete-1--policy_first,family_contact,policy_first,incomplete,NEED_INFORMATION,prior_rationale,strict,NEED_INFORMATION,114,14,0,1,1,1,1,1,1,0,0,1,0,,,,
Mistral-7B,mlx-community/Mistral-7B-Instruct-v0.3-4bit,a4b8f870474b0eb527f466a03fbc187830d271f5,family_contact-incomplete-1,family_contact-incomplete-1--policy_first,family_contact,policy_first,incomplete,NEED_INFORMATION,evidence_checklist,strict,NEED_INFORMATION,119,16,0,1,1,1,1,1,1,0,0,1,0,,,,
Mistral-7B,mlx-community/Mistral-7B-Instruct-v0.3-4bit,a4b8f870474b0eb527f466a03fbc187830d271f5,family_contact-incomplete-1,family_contact-incomplete-1--policy_first,family_contact,policy_first,incomplete,NEED_INFORMATION,commit_then_review,strict,ELIGIBLE,184,26,0,0,0,1,0,1,1,0,0,0,0,1,0,1,1
Mistral-7B,mlx-community/Mistral-7B-Instruct-v0.3-4bit,a4b8f870474b0eb527f466a03fbc187830d271f5,family_contact-incomplete-1,family_contact-incomplete-1--record_first,family_contact,record_first,incomplete,NEED_INFORMATION,independent_review,strict,NEED_INFORMATION,128,17,0,1,1,1,1,1,1,0,0,1,0,,,,
Mistral-7B,mlx-community/Mistral-7B-Instruct-v0.3-4bit,a4b8f870474b0eb527f466a03fbc187830d271f5,family_contact-incomplete-1,family_contact-incomplete-1--record_first,family_contact,record_first,incomplete,NEED_INFORMATION,prior_rationale,strict,ELIGIBLE,124,20,0,0,0,1,0,1,1,0,0,0,0,,,,
Mistral-7B,mlx-community/Mistral-7B-Instruct-v0.3-4bit,a4b8f870474b0eb527f466a03fbc187830d271f5,family_contact-incomplete-1,family_contact-incomplete-1--record_first,family_contact,record_first,incomplete,NEED_INFORMATION,evidence_checklist,strict,ELIGIBLE,128,20,0,0,0,1,0,1,1,0,0,0,0,,,,
Mistral-7B,mlx-community/Mistral-7B-Instruct-v0.3-4bit,a4b8f870474b0eb527f466a03fbc187830d271f5,family_contact-incomplete-1,family_contact-incomplete-1--record_first,family_contact,record_first,incomplete,NEED_INFORMATION,commit_then_review,strict,ELIGIBLE,178,26,0,0,0,1,0,1,1,0,0,0,0,1,0,1,1
Mistral-7B,mlx-community/Mistral-7B-Instruct-v0.3-4bit,a4b8f870474b0eb527f466a03fbc187830d271f5,family_contact-incomplete-2,family_contact-incomplete-2--policy_first,family_contact,policy_first,incomplete,NEED_INFORMATION,independent_review,strict,NEED_INFORMATION,105,15,0,1,1,1,1,1,1,0,0,1,0,,,,
Mistral-7B,mlx-community/Mistral-7B-Instruct-v0.3-4bit,a4b8f870474b0eb527f466a03fbc187830d271f5,family_contact-incomplete-2,family_contact-incomplete-2--policy_first,family_contact,policy_first,incomplete,NEED_INFORMATION,prior_rationale,strict,NEED_INFORMATION,119,16,0,1,1,1,1,1,1,0,0,1,0,,,,
Mistral-7B,mlx-community/Mistral-7B-Instruct-v0.3-4bit,a4b8f870474b0eb527f466a03fbc187830d271f5,family_contact-incomplete-2,family_contact-incomplete-2--policy_first,family_contact,policy_first,incomplete,NEED_INFORMATION,evidence_checklist,strict,NEED_INFORMATION,119,16,0,1,1,1,1,1,1,0,0,1,0,,,,
Mistral-7B,mlx-community/Mistral-7B-Instruct-v0.3-4bit,a4b8f870474b0eb527f466a03fbc187830d271f5,family_contact-incomplete-2,family_contact-incomplete-2--policy_first,family_contact,policy_first,incomplete,NEED_INFORMATION,commit_then_review,strict,ELIGIBLE,184,26,0,0,0,1,0,1,1,0,0,0,0,1,0,1,1
Mistral-7B,mlx-community/Mistral-7B-Instruct-v0.3-4bit,a4b8f870474b0eb527f466a03fbc187830d271f5,family_contact-incomplete-2,family_contact-incomplete-2--record_first,family_contact,record_first,incomplete,NEED_INFORMATION,independent_review,strict,NEED_INFORMATION,128,17,0,1,1,1,1,1,1,0,0,1,0,,,,
Mistral-7B,mlx-community/Mistral-7B-Instruct-v0.3-4bit,a4b8f870474b0eb527f466a03fbc187830d271f5,family_contact-incomplete-2,family_contact-incomplete-2--record_first,family_contact,record_first,incomplete,NEED_INFORMATION,prior_rationale,strict,ELIGIBLE,124,20,0,0,0,1,0,1,1,0,0,0,0,,,,
Mistral-7B,mlx-community/Mistral-7B-Instruct-v0.3-4bit,a4b8f870474b0eb527f466a03fbc187830d271f5,family_contact-incomplete-2,family_contact-incomplete-2--record_first,family_contact,record_first,incomplete,NEED_INFORMATION,evidence_checklist,strict,ELIGIBLE,128,20,0,0,0,1,0,1,1,0,0,0,0,,,,
Mistral-7B,mlx-community/Mistral-7B-Instruct-v0.3-4bit,a4b8f870474b0eb527f466a03fbc187830d271f5,family_contact-incomplete-2,family_contact-incomplete-2--record_first,family_contact,record_first,incomplete,NEED_INFORMATION,commit_then_review,strict,ELIGIBLE,186,27,0,0,0,1,0,1,1,0,0,0,0,1,0,1,1
Mistral-7B,mlx-community/Mistral-7B-Instruct-v0.3-4bit,a4b8f870474b0eb527f466a03fbc187830d271f5,family_contact-incomplete-3,family_contact-incomplete-3--policy_first,family_contact,policy_first,incomplete,NEED_INFORMATION,independent_review,strict,NEED_INFORMATION,105,15,0,1,1,1,1,1,1,0,0,1,0,,,,
Mistral-7B,mlx-community/Mistral-7B-Instruct-v0.3-4bit,a4b8f870474b0eb527f466a03fbc187830d271f5,family_contact-incomplete-3,family_contact-incomplete-3--policy_first,family_contact,policy_first,incomplete,NEED_INFORMATION,prior_rationale,strict,NEED_INFORMATION,119,16,0,1,1,1,1,1,1,0,0,1,0,,,,
Mistral-7B,mlx-community/Mistral-7B-Instruct-v0.3-4bit,a4b8f870474b0eb527f466a03fbc187830d271f5,family_contact-incomplete-3,family_contact-incomplete-3--policy_first,family_contact,policy_first,incomplete,NEED_INFORMATION,evidence_checklist,strict,NEED_INFORMATION,119,16,0,1,1,1,1,1,1,0,0,1,0,,,,
Mistral-7B,mlx-community/Mistral-7B-Instruct-v0.3-4bit,a4b8f870474b0eb527f466a03fbc187830d271f5,family_contact-incomplete-3,family_contact-incomplete-3--policy_first,family_contact,policy_first,incomplete,NEED_INFORMATION,commit_then_review,strict,ELIGIBLE,276,40,0,0,0,1,0,1,1,0,0,0,0,1,0,1,1
Mistral-7B,mlx-community/Mistral-7B-Instruct-v0.3-4bit,a4b8f870474b0eb527f466a03fbc187830d271f5,family_contact-incomplete-3,family_contact-incomplete-3--record_first,family_contact,record_first,incomplete,NEED_INFORMATION,independent_review,strict,NEED_INFORMATION,128,17,0,1,1,1,1,1,1,0,0,1,0,,,,
Mistral-7B,mlx-community/Mistral-7B-Instruct-v0.3-4bit,a4b8f870474b0eb527f466a03fbc187830d271f5,family_contact-incomplete-3,family_contact-incomplete-3--record_first,family_contact,record_first,incomplete,NEED_INFORMATION,prior_rationale,strict,ELIGIBLE,124,20,0,0,0,1,0,1,1,0,0,0,0,,,,
Mistral-7B,mlx-community/Mistral-7B-Instruct-v0.3-4bit,a4b8f870474b0eb527f466a03fbc187830d271f5,family_contact-incomplete-3,family_contact-incomplete-3--record_first,family_contact,record_first,incomplete,NEED_INFORMATION,evidence_checklist,strict,ELIGIBLE,124,20,0,0,0,1,0,1,1,0,0,0,0,,,,
Mistral-7B,mlx-community/Mistral-7B-Instruct-v0.3-4bit,a4b8f870474b0eb527f466a03fbc187830d271f5,family_contact-incomplete-3,family_contact-incomplete-3--record_first,family_contact,record_first,incomplete,NEED_INFORMATION,commit_then_review,strict,ELIGIBLE,186,27,0,0,0,1,0,1,1,0,0,0,0,1,0,1,1
Mistral-7B,mlx-community/Mistral-7B-Instruct-v0.3-4bit,a4b8f870474b0eb527f466a03fbc187830d271f5,family_contact-conflict-1,family_contact-conflict-1--policy_first,family_contact,policy_first,conflict,HUMAN_REVIEW,independent_review,strict,NEED_INFORMATION,135,17,0,0,0,1,0,1,1,0,0,0,0,,,,
Mistral-7B,mlx-community/Mistral-7B-Instruct-v0.3-4bit,a4b8f870474b0eb527f466a03fbc187830d271f5,family_contact-conflict-1,family_contact-conflict-1--policy_first,family_contact,policy_first,conflict,HUMAN_REVIEW,prior_rationale,strict,NEED_INFORMATION,103,13,0,0,0,1,0,1,1,0,0,0,0,,,,
Mistral-7B,mlx-community/Mistral-7B-Instruct-v0.3-4bit,a4b8f870474b0eb527f466a03fbc187830d271f5,family_contact-conflict-1,family_contact-conflict-1--policy_first,family_contact,policy_first,conflict,HUMAN_REVIEW,evidence_checklist,strict,ELIGIBLE,121,19,0,0,0,0,0,1,1,0,0,0,0,,,,
Mistral-7B,mlx-community/Mistral-7B-Instruct-v0.3-4bit,a4b8f870474b0eb527f466a03fbc187830d271f5,family_contact-conflict-1,family_contact-conflict-1--policy_first,family_contact,policy_first,conflict,HUMAN_REVIEW,commit_then_review,strict,ELIGIBLE,91,12,0,0,0,0,0,1,1,0,0,0,0,1,0,0,0
Mistral-7B,mlx-community/Mistral-7B-Instruct-v0.3-4bit,a4b8f870474b0eb527f466a03fbc187830d271f5,family_contact-conflict-1,family_contact-conflict-1--record_first,family_contact,record_first,conflict,HUMAN_REVIEW,independent_review,strict,NEED_INFORMATION,88,11,1,0,0,0,0,0,0,0,0,0,0,,,,
Mistral-7B,mlx-community/Mistral-7B-Instruct-v0.3-4bit,a4b8f870474b0eb527f466a03fbc187830d271f5,family_contact-conflict-1,family_contact-conflict-1--record_first,family_contact,record_first,conflict,HUMAN_REVIEW,prior_rationale,strict,ELIGIBLE,124,20,0,0,0,0,0,1,1,0,0,0,0,,,,
Mistral-7B,mlx-community/Mistral-7B-Instruct-v0.3-4bit,a4b8f870474b0eb527f466a03fbc187830d271f5,family_contact-conflict-1,family_contact-conflict-1--record_first,family_contact,record_first,conflict,HUMAN_REVIEW,evidence_checklist,strict,ELIGIBLE,124,20,0,0,0,0,0,1,1,0,0,0,0,,,,
Mistral-7B,mlx-community/Mistral-7B-Instruct-v0.3-4bit,a4b8f870474b0eb527f466a03fbc187830d271f5,family_contact-conflict-1,family_contact-conflict-1--record_first,family_contact,record_first,conflict,HUMAN_REVIEW,commit_then_review,strict,ELIGIBLE,174,25,0,0,0,0,0,1,1,0,0,0,0,1,0,0,0
Mistral-7B,mlx-community/Mistral-7B-Instruct-v0.3-4bit,a4b8f870474b0eb527f466a03fbc187830d271f5,family_contact-conflict-2,family_contact-conflict-2--policy_first,family_contact,policy_first,conflict,HUMAN_REVIEW,independent_review,strict,NEED_INFORMATION,135,17,0,0,0,1,0,1,1,0,0,0,0,,,,
Mistral-7B,mlx-community/Mistral-7B-Instruct-v0.3-4bit,a4b8f870474b0eb527f466a03fbc187830d271f5,family_contact-conflict-2,family_contact-conflict-2--policy_first,family_contact,policy_first,conflict,HUMAN_REVIEW,prior_rationale,strict,NEED_INFORMATION,103,13,0,0,0,1,0,1,1,0,0,0,0,,,,
Mistral-7B,mlx-community/Mistral-7B-Instruct-v0.3-4bit,a4b8f870474b0eb527f466a03fbc187830d271f5,family_contact-conflict-2,family_contact-conflict-2--policy_first,family_contact,policy_first,conflict,HUMAN_REVIEW,evidence_checklist,strict,ELIGIBLE,121,19,0,0,0,0,0,1,1,0,0,0,0,,,,
Mistral-7B,mlx-community/Mistral-7B-Instruct-v0.3-4bit,a4b8f870474b0eb527f466a03fbc187830d271f5,family_contact-conflict-2,family_contact-conflict-2--policy_first,family_contact,policy_first,conflict,HUMAN_REVIEW,commit_then_review,strict,ELIGIBLE,91,12,0,0,0,0,0,1,1,0,0,0,0,1,0,0,0
Mistral-7B,mlx-community/Mistral-7B-Instruct-v0.3-4bit,a4b8f870474b0eb527f466a03fbc187830d271f5,family_contact-conflict-2,family_contact-conflict-2--record_first,family_contact,record_first,conflict,HUMAN_REVIEW,independent_review,strict,NEED_INFORMATION,88,11,1,0,0,0,0,0,0,0,0,0,0,,,,
Mistral-7B,mlx-community/Mistral-7B-Instruct-v0.3-4bit,a4b8f870474b0eb527f466a03fbc187830d271f5,family_contact-conflict-2,family_contact-conflict-2--record_first,family_contact,record_first,conflict,HUMAN_REVIEW,prior_rationale,strict,ELIGIBLE,124,20,0,0,0,0,0,1,1,0,0,0,0,,,,
Mistral-7B,mlx-community/Mistral-7B-Instruct-v0.3-4bit,a4b8f870474b0eb527f466a03fbc187830d271f5,family_contact-conflict-2,family_contact-conflict-2--record_first,family_contact,record_first,conflict,HUMAN_REVIEW,evidence_checklist,strict,ELIGIBLE,124,20,0,0,0,0,0,1,1,0,0,0,0,,,,
Mistral-7B,mlx-community/Mistral-7B-Instruct-v0.3-4bit,a4b8f870474b0eb527f466a03fbc187830d271f5,family_contact-conflict-2,family_contact-conflict-2--record_first,family_contact,record_first,conflict,HUMAN_REVIEW,commit_then_review,strict,ELIGIBLE,179,25,0,0,0,0,0,1,1,0,0,0,0,1,0,0,0
Mistral-7B,mlx-community/Mistral-7B-Instruct-v0.3-4bit,a4b8f870474b0eb527f466a03fbc187830d271f5,family_contact-conflict-3,family_contact-conflict-3--policy_first,family_contact,policy_first,conflict,HUMAN_REVIEW,independent_review,strict,NEED_INFORMATION,135,17,0,0,0,1,0,1,1,0,0,0,0,,,,
Mistral-7B,mlx-community/Mistral-7B-Instruct-v0.3-4bit,a4b8f870474b0eb527f466a03fbc187830d271f5,family_contact-conflict-3,family_contact-conflict-3--policy_first,family_contact,policy_first,conflict,HUMAN_REVIEW,prior_rationale,strict,NEED_INFORMATION,103,13,0,0,0,1,0,1,1,0,0,0,0,,,,
Mistral-7B,mlx-community/Mistral-7B-Instruct-v0.3-4bit,a4b8f870474b0eb527f466a03fbc187830d271f5,family_contact-conflict-3,family_contact-conflict-3--policy_first,family_contact,policy_first,conflict,HUMAN_REVIEW,evidence_checklist,strict,ELIGIBLE,121,19,0,0,0,0,0,1,1,0,0,0,0,,,,
Mistral-7B,mlx-community/Mistral-7B-Instruct-v0.3-4bit,a4b8f870474b0eb527f466a03fbc187830d271f5,family_contact-conflict-3,family_contact-conflict-3--policy_first,family_contact,policy_first,conflict,HUMAN_REVIEW,commit_then_review,strict,ELIGIBLE,91,12,0,0,0,0,0,1,1,0,0,0,0,1,0,0,0
Mistral-7B,mlx-community/Mistral-7B-Instruct-v0.3-4bit,a4b8f870474b0eb527f466a03fbc187830d271f5,family_contact-conflict-3,family_contact-conflict-3--record_first,family_contact,record_first,conflict,HUMAN_REVIEW,independent_review,strict,NEED_INFORMATION,183,26,0,0,0,0,0,1,1,0,0,0,0,,,,
Mistral-7B,mlx-community/Mistral-7B-Instruct-v0.3-4bit,a4b8f870474b0eb527f466a03fbc187830d271f5,family_contact-conflict-3,family_contact-conflict-3--record_first,family_contact,record_first,conflict,HUMAN_REVIEW,prior_rationale,strict,ELIGIBLE,124,20,0,0,0,0,0,1,1,0,0,0,0,,,,
Mistral-7B,mlx-community/Mistral-7B-Instruct-v0.3-4bit,a4b8f870474b0eb527f466a03fbc187830d271f5,family_contact-conflict-3,family_contact-conflict-3--record_first,family_contact,record_first,conflict,HUMAN_REVIEW,evidence_checklist,strict,ELIGIBLE,124,20,0,0,0,0,0,1,1,0,0,0,0,,,,
Mistral-7B,mlx-community/Mistral-7B-Instruct-v0.3-4bit,a4b8f870474b0eb527f466a03fbc187830d271f5,family_contact-conflict-3,family_contact-conflict-3--record_first,family_contact,record_first,conflict,HUMAN_REVIEW,commit_then_review,strict,ELIGIBLE,171,24,0,0,0,0,0,1,1,0,0,0,0,1,0,0,0
Mistral-7B,mlx-community/Mistral-7B-Instruct-v0.3-4bit,a4b8f870474b0eb527f466a03fbc187830d271f5,accessible_transport-valid-1,accessible_transport-valid-1--policy_first,accessible_transport,policy_first,valid,ELIGIBLE,independent_review,strict,ELIGIBLE,219,32,0,1,1,1,1,1,1,0,0,0,0,,,,
Mistral-7B,mlx-community/Mistral-7B-Instruct-v0.3-4bit,a4b8f870474b0eb527f466a03fbc187830d271f5,accessible_transport-valid-1,accessible_transport-valid-1--policy_first,accessible_transport,policy_first,valid,ELIGIBLE,prior_rationale,strict,ELIGIBLE,225,33,0,1,1,1,1,1,1,0,0,0,0,,,,
Mistral-7B,mlx-community/Mistral-7B-Instruct-v0.3-4bit,a4b8f870474b0eb527f466a03fbc187830d271f5,accessible_transport-valid-1,accessible_transport-valid-1--policy_first,accessible_transport,policy_first,valid,ELIGIBLE,evidence_checklist,strict,ELIGIBLE,225,33,0,1,1,1,1,1,1,0,0,0,0,,,,
Mistral-7B,mlx-community/Mistral-7B-Instruct-v0.3-4bit,a4b8f870474b0eb527f466a03fbc187830d271f5,accessible_transport-valid-1,accessible_transport-valid-1--policy_first,accessible_transport,policy_first,valid,ELIGIBLE,commit_then_review,strict,ELIGIBLE,166,22,0,1,1,1,1,1,1,0,0,0,0,1,1,0,0
Mistral-7B,mlx-community/Mistral-7B-Instruct-v0.3-4bit,a4b8f870474b0eb527f466a03fbc187830d271f5,accessible_transport-valid-1,accessible_transport-valid-1--record_first,accessible_transport,record_first,valid,ELIGIBLE,independent_review,strict,ELIGIBLE,246,36,0,1,1,1,1,1,1,0,0,0,0,,,,
Mistral-7B,mlx-community/Mistral-7B-Instruct-v0.3-4bit,a4b8f870474b0eb527f466a03fbc187830d271f5,accessible_transport-valid-1,accessible_transport-valid-1--record_first,accessible_transport,record_first,valid,ELIGIBLE,prior_rationale,strict,ELIGIBLE,241,36,0,1,1,1,1,1,1,0,0,0,0,,,,
Mistral-7B,mlx-community/Mistral-7B-Instruct-v0.3-4bit,a4b8f870474b0eb527f466a03fbc187830d271f5,accessible_transport-valid-1,accessible_transport-valid-1--record_first,accessible_transport,record_first,valid,ELIGIBLE,evidence_checklist,strict,ELIGIBLE,90,13,0,1,1,1,1,1,1,0,0,0,0,,,,
Mistral-7B,mlx-community/Mistral-7B-Instruct-v0.3-4bit,a4b8f870474b0eb527f466a03fbc187830d271f5,accessible_transport-valid-1,accessible_transport-valid-1--record_first,accessible_transport,record_first,valid,ELIGIBLE,commit_then_review,strict,ELIGIBLE,153,24,0,1,1,1,1,1,1,0,0,0,0,1,1,0,0
Mistral-7B,mlx-community/Mistral-7B-Instruct-v0.3-4bit,a4b8f870474b0eb527f466a03fbc187830d271f5,accessible_transport-valid-2,accessible_transport-valid-2--policy_first,accessible_transport,policy_first,valid,ELIGIBLE,independent_review,strict,ELIGIBLE,219,32,0,1,1,1,1,1,1,0,0,0,0,,,,
Mistral-7B,mlx-community/Mistral-7B-Instruct-v0.3-4bit,a4b8f870474b0eb527f466a03fbc187830d271f5,accessible_transport-valid-2,accessible_transport-valid-2--policy_first,accessible_transport,policy_first,valid,ELIGIBLE,prior_rationale,strict,ELIGIBLE,225,33,0,1,1,1,1,1,1,0,0,0,0,,,,
Mistral-7B,mlx-community/Mistral-7B-Instruct-v0.3-4bit,a4b8f870474b0eb527f466a03fbc187830d271f5,accessible_transport-valid-2,accessible_transport-valid-2--policy_first,accessible_transport,policy_first,valid,ELIGIBLE,evidence_checklist,strict,ELIGIBLE,148,22,0,1,1,1,1,1,1,0,0,0,0,,,,
Mistral-7B,mlx-community/Mistral-7B-Instruct-v0.3-4bit,a4b8f870474b0eb527f466a03fbc187830d271f5,accessible_transport-valid-2,accessible_transport-valid-2--policy_first,accessible_transport,policy_first,valid,ELIGIBLE,commit_then_review,strict,ELIGIBLE,144,21,0,1,1,1,1,1,1,0,0,0,0,1,1,0,0
Mistral-7B,mlx-community/Mistral-7B-Instruct-v0.3-4bit,a4b8f870474b0eb527f466a03fbc187830d271f5,accessible_transport-valid-2,accessible_transport-valid-2--record_first,accessible_transport,record_first,valid,ELIGIBLE,independent_review,strict,ELIGIBLE,248,36,0,1,1,1,1,1,1,0,0,0,0,,,,
Mistral-7B,mlx-community/Mistral-7B-Instruct-v0.3-4bit,a4b8f870474b0eb527f466a03fbc187830d271f5,accessible_transport-valid-2,accessible_transport-valid-2--record_first,accessible_transport,record_first,valid,ELIGIBLE,prior_rationale,strict,ELIGIBLE,243,36,0,1,1,1,1,1,1,0,0,0,0,,,,
Mistral-7B,mlx-community/Mistral-7B-Instruct-v0.3-4bit,a4b8f870474b0eb527f466a03fbc187830d271f5,accessible_transport-valid-2,accessible_transport-valid-2--record_first,accessible_transport,record_first,valid,ELIGIBLE,evidence_checklist,strict,ELIGIBLE,90,13,0,1,1,1,1,1,1,0,0,0,0,,,,
Mistral-7B,mlx-community/Mistral-7B-Instruct-v0.3-4bit,a4b8f870474b0eb527f466a03fbc187830d271f5,accessible_transport-valid-2,accessible_transport-valid-2--record_first,accessible_transport,record_first,valid,ELIGIBLE,commit_then_review,strict,ELIGIBLE,164,24,0,1,1,1,1,1,1,0,0,0,0,1,1,0,0
Mistral-7B,mlx-community/Mistral-7B-Instruct-v0.3-4bit,a4b8f870474b0eb527f466a03fbc187830d271f5,accessible_transport-valid-3,accessible_transport-valid-3--policy_first,accessible_transport,policy_first,valid,ELIGIBLE,independent_review,strict,ELIGIBLE,219,32,0,1,1,1,1,1,1,0,0,0,0,,,,
Mistral-7B,mlx-community/Mistral-7B-Instruct-v0.3-4bit,a4b8f870474b0eb527f466a03fbc187830d271f5,accessible_transport-valid-3,accessible_transport-valid-3--policy_first,accessible_transport,policy_first,valid,ELIGIBLE,prior_rationale,strict,ELIGIBLE,225,33,0,1,1,1,1,1,1,0,0,0,0,,,,
Mistral-7B,mlx-community/Mistral-7B-Instruct-v0.3-4bit,a4b8f870474b0eb527f466a03fbc187830d271f5,accessible_transport-valid-3,accessible_transport-valid-3--policy_first,accessible_transport,policy_first,valid,ELIGIBLE,evidence_checklist,strict,ELIGIBLE,225,33,0,1,1,1,1,1,1,0,0,0,0,,,,
Mistral-7B,mlx-community/Mistral-7B-Instruct-v0.3-4bit,a4b8f870474b0eb527f466a03fbc187830d271f5,accessible_transport-valid-3,accessible_transport-valid-3--policy_first,accessible_transport,policy_first,valid,ELIGIBLE,commit_then_review,strict,ELIGIBLE,227,34,0,1,1,1,1,1,1,0,0,0,0,1,1,0,0
Mistral-7B,mlx-community/Mistral-7B-Instruct-v0.3-4bit,a4b8f870474b0eb527f466a03fbc187830d271f5,accessible_transport-valid-3,accessible_transport-valid-3--record_first,accessible_transport,record_first,valid,ELIGIBLE,independent_review,strict,ELIGIBLE,246,36,0,1,1,1,1,1,1,0,0,0,0,,,,
Mistral-7B,mlx-community/Mistral-7B-Instruct-v0.3-4bit,a4b8f870474b0eb527f466a03fbc187830d271f5,accessible_transport-valid-3,accessible_transport-valid-3--record_first,accessible_transport,record_first,valid,ELIGIBLE,prior_rationale,strict,ELIGIBLE,241,36,0,1,1,1,1,1,1,0,0,0,0,,,,
Mistral-7B,mlx-community/Mistral-7B-Instruct-v0.3-4bit,a4b8f870474b0eb527f466a03fbc187830d271f5,accessible_transport-valid-3,accessible_transport-valid-3--record_first,accessible_transport,record_first,valid,ELIGIBLE,evidence_checklist,strict,ELIGIBLE,223,33,0,1,1,1,1,1,1,0,0,0,0,,,,
Mistral-7B,mlx-community/Mistral-7B-Instruct-v0.3-4bit,a4b8f870474b0eb527f466a03fbc187830d271f5,accessible_transport-valid-3,accessible_transport-valid-3--record_first,accessible_transport,record_first,valid,ELIGIBLE,commit_then_review,strict,ELIGIBLE,106,15,0,1,1,1,1,1,1,0,0,0,0,1,1,0,0
Mistral-7B,mlx-community/Mistral-7B-Instruct-v0.3-4bit,a4b8f870474b0eb527f466a03fbc187830d271f5,accessible_transport-invalid-1,accessible_transport-invalid-1--policy_first,accessible_transport,policy_first,invalid,INELIGIBLE,independent_review,strict,NEED_INFORMATION,91,11,0,0,0,1,0,1,1,0,0,0,0,,,,
Mistral-7B,mlx-community/Mistral-7B-Instruct-v0.3-4bit,a4b8f870474b0eb527f466a03fbc187830d271f5,accessible_transport-invalid-1,accessible_transport-invalid-1--policy_first,accessible_transport,policy_first,invalid,INELIGIBLE,prior_rationale,strict,NEED_INFORMATION,122,16,0,0,0,1,0,1,1,0,0,0,0,,,,
Mistral-7B,mlx-community/Mistral-7B-Instruct-v0.3-4bit,a4b8f870474b0eb527f466a03fbc187830d271f5,accessible_transport-invalid-1,accessible_transport-invalid-1--policy_first,accessible_transport,policy_first,invalid,INELIGIBLE,evidence_checklist,strict,NEED_INFORMATION,192,26,0,0,0,1,0,1,1,0,0,0,0,,,,
Mistral-7B,mlx-community/Mistral-7B-Instruct-v0.3-4bit,a4b8f870474b0eb527f466a03fbc187830d271f5,accessible_transport-invalid-1,accessible_transport-invalid-1--policy_first,accessible_transport,policy_first,invalid,INELIGIBLE,commit_then_review,strict,ELIGIBLE,266,41,0,0,0,1,0,1,1,0,1,0,0,1,0,0,0
Mistral-7B,mlx-community/Mistral-7B-Instruct-v0.3-4bit,a4b8f870474b0eb527f466a03fbc187830d271f5,accessible_transport-invalid-1,accessible_transport-invalid-1--record_first,accessible_transport,record_first,invalid,INELIGIBLE,independent_review,strict,NEED_INFORMATION,83,10,0,0,0,1,0,1,1,0,0,0,0,,,,
Mistral-7B,mlx-community/Mistral-7B-Instruct-v0.3-4bit,a4b8f870474b0eb527f466a03fbc187830d271f5,accessible_transport-invalid-1,accessible_transport-invalid-1--record_first,accessible_transport,record_first,invalid,INELIGIBLE,prior_rationale,strict,ELIGIBLE,212,34,0,0,0,1,0,1,1,0,1,0,0,,,,
Mistral-7B,mlx-community/Mistral-7B-Instruct-v0.3-4bit,a4b8f870474b0eb527f466a03fbc187830d271f5,accessible_transport-invalid-1,accessible_transport-invalid-1--record_first,accessible_transport,record_first,invalid,INELIGIBLE,evidence_checklist,strict,ELIGIBLE,212,34,0,0,0,1,0,1,1,0,1,0,0,,,,
Mistral-7B,mlx-community/Mistral-7B-Instruct-v0.3-4bit,a4b8f870474b0eb527f466a03fbc187830d271f5,accessible_transport-invalid-1,accessible_transport-invalid-1--record_first,accessible_transport,record_first,invalid,INELIGIBLE,commit_then_review,strict,ELIGIBLE,94,13,0,0,0,1,0,1,1,0,1,0,0,1,0,0,0
Mistral-7B,mlx-community/Mistral-7B-Instruct-v0.3-4bit,a4b8f870474b0eb527f466a03fbc187830d271f5,accessible_transport-invalid-2,accessible_transport-invalid-2--policy_first,accessible_transport,policy_first,invalid,INELIGIBLE,independent_review,strict,NEED_INFORMATION,161,23,0,0,0,1,0,1,1,0,0,0,0,,,,
Mistral-7B,mlx-community/Mistral-7B-Instruct-v0.3-4bit,a4b8f870474b0eb527f466a03fbc187830d271f5,accessible_transport-invalid-2,accessible_transport-invalid-2--policy_first,accessible_transport,policy_first,invalid,INELIGIBLE,prior_rationale,strict,NEED_INFORMATION,192,26,0,0,0,1,0,1,1,0,0,0,0,,,,
Mistral-7B,mlx-community/Mistral-7B-Instruct-v0.3-4bit,a4b8f870474b0eb527f466a03fbc187830d271f5,accessible_transport-invalid-2,accessible_transport-invalid-2--policy_first,accessible_transport,policy_first,invalid,INELIGIBLE,evidence_checklist,strict,NEED_INFORMATION,192,26,0,0,0,1,0,1,1,0,0,0,0,,,,
Mistral-7B,mlx-community/Mistral-7B-Instruct-v0.3-4bit,a4b8f870474b0eb527f466a03fbc187830d271f5,accessible_transport-invalid-2,accessible_transport-invalid-2--policy_first,accessible_transport,policy_first,invalid,INELIGIBLE,commit_then_review,strict,ELIGIBLE,231,33,0,0,0,1,0,1,1,0,1,0,0,1,0,0,0
Mistral-7B,mlx-community/Mistral-7B-Instruct-v0.3-4bit,a4b8f870474b0eb527f466a03fbc187830d271f5,accessible_transport-invalid-2,accessible_transport-invalid-2--record_first,accessible_transport,record_first,invalid,INELIGIBLE,independent_review,strict,NEED_INFORMATION,307,46,0,0,0,1,0,1,1,0,0,0,0,,,,
Mistral-7B,mlx-community/Mistral-7B-Instruct-v0.3-4bit,a4b8f870474b0eb527f466a03fbc187830d271f5,accessible_transport-invalid-2,accessible_transport-invalid-2--record_first,accessible_transport,record_first,invalid,INELIGIBLE,prior_rationale,strict,ELIGIBLE,279,43,0,0,0,1,0,1,1,0,1,0,0,,,,
Mistral-7B,mlx-community/Mistral-7B-Instruct-v0.3-4bit,a4b8f870474b0eb527f466a03fbc187830d271f5,accessible_transport-invalid-2,accessible_transport-invalid-2--record_first,accessible_transport,record_first,invalid,INELIGIBLE,evidence_checklist,strict,ELIGIBLE,272,44,0,0,0,1,0,1,1,0,1,0,0,,,,
Mistral-7B,mlx-community/Mistral-7B-Instruct-v0.3-4bit,a4b8f870474b0eb527f466a03fbc187830d271f5,accessible_transport-invalid-2,accessible_transport-invalid-2--record_first,accessible_transport,record_first,invalid,INELIGIBLE,commit_then_review,strict,ELIGIBLE,148,23,0,0,0,1,0,1,1,0,1,0,0,1,0,0,0
Mistral-7B,mlx-community/Mistral-7B-Instruct-v0.3-4bit,a4b8f870474b0eb527f466a03fbc187830d271f5,accessible_transport-invalid-3,accessible_transport-invalid-3--policy_first,accessible_transport,policy_first,invalid,INELIGIBLE,independent_review,strict,NEED_INFORMATION,93,11,0,0,0,1,0,1,1,0,0,0,0,,,,
Mistral-7B,mlx-community/Mistral-7B-Instruct-v0.3-4bit,a4b8f870474b0eb527f466a03fbc187830d271f5,accessible_transport-invalid-3,accessible_transport-invalid-3--policy_first,accessible_transport,policy_first,invalid,INELIGIBLE,prior_rationale,strict,NEED_INFORMATION,122,16,0,0,0,1,0,1,1,0,0,0,0,,,,
Mistral-7B,mlx-community/Mistral-7B-Instruct-v0.3-4bit,a4b8f870474b0eb527f466a03fbc187830d271f5,accessible_transport-invalid-3,accessible_transport-invalid-3--policy_first,accessible_transport,policy_first,invalid,INELIGIBLE,evidence_checklist,strict,NEED_INFORMATION,174,23,0,0,0,1,0,1,1,0,0,0,0,,,,
Mistral-7B,mlx-community/Mistral-7B-Instruct-v0.3-4bit,a4b8f870474b0eb527f466a03fbc187830d271f5,accessible_transport-invalid-3,accessible_transport-invalid-3--policy_first,accessible_transport,policy_first,invalid,INELIGIBLE,commit_then_review,strict,ELIGIBLE,197,29,0,0,0,1,0,1,1,0,1,0,0,1,0,0,0
Mistral-7B,mlx-community/Mistral-7B-Instruct-v0.3-4bit,a4b8f870474b0eb527f466a03fbc187830d271f5,accessible_transport-invalid-3,accessible_transport-invalid-3--record_first,accessible_transport,record_first,invalid,INELIGIBLE,independent_review,strict,NEED_INFORMATION,83,10,0,0,0,1,0,1,1,0,0,0,0,,,,
Mistral-7B,mlx-community/Mistral-7B-Instruct-v0.3-4bit,a4b8f870474b0eb527f466a03fbc187830d271f5,accessible_transport-invalid-3,accessible_transport-invalid-3--record_first,accessible_transport,record_first,invalid,INELIGIBLE,prior_rationale,strict,ELIGIBLE,173,26,0,0,0,1,0,1,1,0,1,0,0,,,,
Mistral-7B,mlx-community/Mistral-7B-Instruct-v0.3-4bit,a4b8f870474b0eb527f466a03fbc187830d271f5,accessible_transport-invalid-3,accessible_transport-invalid-3--record_first,accessible_transport,record_first,invalid,INELIGIBLE,evidence_checklist,strict,ELIGIBLE,173,26,0,0,0,1,0,1,1,0,1,0,0,,,,
Mistral-7B,mlx-community/Mistral-7B-Instruct-v0.3-4bit,a4b8f870474b0eb527f466a03fbc187830d271f5,accessible_transport-invalid-3,accessible_transport-invalid-3--record_first,accessible_transport,record_first,invalid,INELIGIBLE,commit_then_review,strict,ELIGIBLE,94,13,0,0,0,1,0,1,1,0,1,0,0,1,0,0,0
Mistral-7B,mlx-community/Mistral-7B-Instruct-v0.3-4bit,a4b8f870474b0eb527f466a03fbc187830d271f5,accessible_transport-incomplete-1,accessible_transport-incomplete-1--policy_first,accessible_transport,policy_first,incomplete,NEED_INFORMATION,independent_review,strict,NEED_INFORMATION,103,14,0,1,1,1,1,1,1,0,0,1,0,,,,
Mistral-7B,mlx-community/Mistral-7B-Instruct-v0.3-4bit,a4b8f870474b0eb527f466a03fbc187830d271f5,accessible_transport-incomplete-1,accessible_transport-incomplete-1--policy_first,accessible_transport,policy_first,incomplete,NEED_INFORMATION,prior_rationale,strict,NEED_INFORMATION,111,13,0,1,1,1,1,1,1,0,0,1,0,,,,
Mistral-7B,mlx-community/Mistral-7B-Instruct-v0.3-4bit,a4b8f870474b0eb527f466a03fbc187830d271f5,accessible_transport-incomplete-1,accessible_transport-incomplete-1--policy_first,accessible_transport,policy_first,incomplete,NEED_INFORMATION,evidence_checklist,strict,NEED_INFORMATION,134,17,0,1,1,1,1,1,1,0,0,1,0,,,,
Mistral-7B,mlx-community/Mistral-7B-Instruct-v0.3-4bit,a4b8f870474b0eb527f466a03fbc187830d271f5,accessible_transport-incomplete-1,accessible_transport-incomplete-1--policy_first,accessible_transport,policy_first,incomplete,NEED_INFORMATION,commit_then_review,strict,ELIGIBLE,416,59,0,0,0,1,0,1,1,0,0,0,0,1,0,1,1
Mistral-7B,mlx-community/Mistral-7B-Instruct-v0.3-4bit,a4b8f870474b0eb527f466a03fbc187830d271f5,accessible_transport-incomplete-1,accessible_transport-incomplete-1--record_first,accessible_transport,record_first,incomplete,NEED_INFORMATION,independent_review,strict,NEED_INFORMATION,207,26,0,1,1,1,1,1,1,0,0,1,0,,,,
Mistral-7B,mlx-community/Mistral-7B-Instruct-v0.3-4bit,a4b8f870474b0eb527f466a03fbc187830d271f5,accessible_transport-incomplete-1,accessible_transport-incomplete-1--record_first,accessible_transport,record_first,incomplete,NEED_INFORMATION,prior_rationale,strict,ELIGIBLE,219,34,0,0,0,1,0,1,1,0,0,0,0,,,,
Mistral-7B,mlx-community/Mistral-7B-Instruct-v0.3-4bit,a4b8f870474b0eb527f466a03fbc187830d271f5,accessible_transport-incomplete-1,accessible_transport-incomplete-1--record_first,accessible_transport,record_first,incomplete,NEED_INFORMATION,evidence_checklist,strict,ELIGIBLE,233,34,0,0,0,1,0,1,1,0,0,0,0,,,,
Mistral-7B,mlx-community/Mistral-7B-Instruct-v0.3-4bit,a4b8f870474b0eb527f466a03fbc187830d271f5,accessible_transport-incomplete-1,accessible_transport-incomplete-1--record_first,accessible_transport,record_first,incomplete,NEED_INFORMATION,commit_then_review,strict,ELIGIBLE,384,55,0,0,0,1,0,1,1,0,0,0,0,1,0,1,1
Mistral-7B,mlx-community/Mistral-7B-Instruct-v0.3-4bit,a4b8f870474b0eb527f466a03fbc187830d271f5,accessible_transport-incomplete-2,accessible_transport-incomplete-2--policy_first,accessible_transport,policy_first,incomplete,NEED_INFORMATION,independent_review,strict,NEED_INFORMATION,91,11,0,1,1,1,1,1,1,0,0,1,0,,,,
Mistral-7B,mlx-community/Mistral-7B-Instruct-v0.3-4bit,a4b8f870474b0eb527f466a03fbc187830d271f5,accessible_transport-incomplete-2,accessible_transport-incomplete-2--policy_first,accessible_transport,policy_first,incomplete,NEED_INFORMATION,prior_rationale,strict,NEED_INFORMATION,83,10,0,1,1,1,1,1,1,0,0,1,0,,,,
Mistral-7B,mlx-community/Mistral-7B-Instruct-v0.3-4bit,a4b8f870474b0eb527f466a03fbc187830d271f5,accessible_transport-incomplete-2,accessible_transport-incomplete-2--policy_first,accessible_transport,policy_first,incomplete,NEED_INFORMATION,evidence_checklist,strict,NEED_INFORMATION,134,17,0,1,1,1,1,1,1,0,0,1,0,,,,
Mistral-7B,mlx-community/Mistral-7B-Instruct-v0.3-4bit,a4b8f870474b0eb527f466a03fbc187830d271f5,accessible_transport-incomplete-2,accessible_transport-incomplete-2--policy_first,accessible_transport,policy_first,incomplete,NEED_INFORMATION,commit_then_review,strict,ELIGIBLE,144,22,0,0,0,1,0,1,1,0,0,0,0,1,0,1,1
Mistral-7B,mlx-community/Mistral-7B-Instruct-v0.3-4bit,a4b8f870474b0eb527f466a03fbc187830d271f5,accessible_transport-incomplete-2,accessible_transport-incomplete-2--record_first,accessible_transport,record_first,incomplete,NEED_INFORMATION,independent_review,strict,NEED_INFORMATION,207,26,0,1,1,1,1,1,1,0,0,1,0,,,,
Mistral-7B,mlx-community/Mistral-7B-Instruct-v0.3-4bit,a4b8f870474b0eb527f466a03fbc187830d271f5,accessible_transport-incomplete-2,accessible_transport-incomplete-2--record_first,accessible_transport,record_first,incomplete,NEED_INFORMATION,prior_rationale,strict,ELIGIBLE,219,34,0,0,0,1,0,1,1,0,0,0,0,,,,
Mistral-7B,mlx-community/Mistral-7B-Instruct-v0.3-4bit,a4b8f870474b0eb527f466a03fbc187830d271f5,accessible_transport-incomplete-2,accessible_transport-incomplete-2--record_first,accessible_transport,record_first,incomplete,NEED_INFORMATION,evidence_checklist,strict,ELIGIBLE,233,34,0,0,0,1,0,1,1,0,0,0,0,,,,
Mistral-7B,mlx-community/Mistral-7B-Instruct-v0.3-4bit,a4b8f870474b0eb527f466a03fbc187830d271f5,accessible_transport-incomplete-2,accessible_transport-incomplete-2--record_first,accessible_transport,record_first,incomplete,NEED_INFORMATION,commit_then_review,strict,ELIGIBLE,384,55,0,0,0,1,0,1,1,0,0,0,0,1,0,1,1
Mistral-7B,mlx-community/Mistral-7B-Instruct-v0.3-4bit,a4b8f870474b0eb527f466a03fbc187830d271f5,accessible_transport-incomplete-3,accessible_transport-incomplete-3--policy_first,accessible_transport,policy_first,incomplete,NEED_INFORMATION,independent_review,strict,NEED_INFORMATION,111,15,0,1,1,1,1,1,1,0,0,1,0,,,,
Mistral-7B,mlx-community/Mistral-7B-Instruct-v0.3-4bit,a4b8f870474b0eb527f466a03fbc187830d271f5,accessible_transport-incomplete-3,accessible_transport-incomplete-3--policy_first,accessible_transport,policy_first,incomplete,NEED_INFORMATION,prior_rationale,strict,NEED_INFORMATION,83,10,0,1,1,1,1,1,1,0,0,1,0,,,,
Mistral-7B,mlx-community/Mistral-7B-Instruct-v0.3-4bit,a4b8f870474b0eb527f466a03fbc187830d271f5,accessible_transport-incomplete-3,accessible_transport-incomplete-3--policy_first,accessible_transport,policy_first,incomplete,NEED_INFORMATION,evidence_checklist,strict,NEED_INFORMATION,134,17,0,1,1,1,1,1,1,0,0,1,0,,,,
Mistral-7B,mlx-community/Mistral-7B-Instruct-v0.3-4bit,a4b8f870474b0eb527f466a03fbc187830d271f5,accessible_transport-incomplete-3,accessible_transport-incomplete-3--policy_first,accessible_transport,policy_first,incomplete,NEED_INFORMATION,commit_then_review,strict,ELIGIBLE,416,59,0,0,0,1,0,1,1,0,0,0,0,1,0,1,1
Mistral-7B,mlx-community/Mistral-7B-Instruct-v0.3-4bit,a4b8f870474b0eb527f466a03fbc187830d271f5,accessible_transport-incomplete-3,accessible_transport-incomplete-3--record_first,accessible_transport,record_first,incomplete,NEED_INFORMATION,independent_review,strict,NEED_INFORMATION,207,26,0,1,1,1,1,1,1,0,0,1,0,,,,
Mistral-7B,mlx-community/Mistral-7B-Instruct-v0.3-4bit,a4b8f870474b0eb527f466a03fbc187830d271f5,accessible_transport-incomplete-3,accessible_transport-incomplete-3--record_first,accessible_transport,record_first,incomplete,NEED_INFORMATION,prior_rationale,strict,ELIGIBLE,219,34,0,0,0,1,0,1,1,0,0,0,0,,,,
Mistral-7B,mlx-community/Mistral-7B-Instruct-v0.3-4bit,a4b8f870474b0eb527f466a03fbc187830d271f5,accessible_transport-incomplete-3,accessible_transport-incomplete-3--record_first,accessible_transport,record_first,incomplete,NEED_INFORMATION,evidence_checklist,strict,ELIGIBLE,233,34,0,0,0,1,0,1,1,0,0,0,0,,,,
Mistral-7B,mlx-community/Mistral-7B-Instruct-v0.3-4bit,a4b8f870474b0eb527f466a03fbc187830d271f5,accessible_transport-incomplete-3,accessible_transport-incomplete-3--record_first,accessible_transport,record_first,incomplete,NEED_INFORMATION,commit_then_review,strict,ELIGIBLE,367,53,0,0,0,1,0,1,1,0,0,0,0,1,0,1,1
Mistral-7B,mlx-community/Mistral-7B-Instruct-v0.3-4bit,a4b8f870474b0eb527f466a03fbc187830d271f5,accessible_transport-conflict-1,accessible_transport-conflict-1--policy_first,accessible_transport,policy_first,conflict,HUMAN_REVIEW,independent_review,strict,NEED_INFORMATION,162,20,0,0,0,1,0,1,1,0,0,0,0,,,,
Mistral-7B,mlx-community/Mistral-7B-Instruct-v0.3-4bit,a4b8f870474b0eb527f466a03fbc187830d271f5,accessible_transport-conflict-1,accessible_transport-conflict-1--policy_first,accessible_transport,policy_first,conflict,HUMAN_REVIEW,prior_rationale,strict,NEED_INFORMATION,116,14,0,0,0,1,0,1,1,0,0,0,0,,,,
Mistral-7B,mlx-community/Mistral-7B-Instruct-v0.3-4bit,a4b8f870474b0eb527f466a03fbc187830d271f5,accessible_transport-conflict-1,accessible_transport-conflict-1--policy_first,accessible_transport,policy_first,conflict,HUMAN_REVIEW,evidence_checklist,strict,ELIGIBLE,154,22,0,0,0,0,0,1,1,0,0,0,0,,,,
Mistral-7B,mlx-community/Mistral-7B-Instruct-v0.3-4bit,a4b8f870474b0eb527f466a03fbc187830d271f5,accessible_transport-conflict-1,accessible_transport-conflict-1--policy_first,accessible_transport,policy_first,conflict,HUMAN_REVIEW,commit_then_review,strict,ELIGIBLE,159,21,0,0,0,0,0,1,1,0,0,0,0,1,0,0,0
Mistral-7B,mlx-community/Mistral-7B-Instruct-v0.3-4bit,a4b8f870474b0eb527f466a03fbc187830d271f5,accessible_transport-conflict-1,accessible_transport-conflict-1--record_first,accessible_transport,record_first,conflict,HUMAN_REVIEW,independent_review,strict,ELIGIBLE,159,24,0,0,0,0,0,1,1,0,0,0,0,,,,
Mistral-7B,mlx-community/Mistral-7B-Instruct-v0.3-4bit,a4b8f870474b0eb527f466a03fbc187830d271f5,accessible_transport-conflict-1,accessible_transport-conflict-1--record_first,accessible_transport,record_first,conflict,HUMAN_REVIEW,prior_rationale,strict,ELIGIBLE,189,28,0,0,0,0,0,1,1,0,0,0,0,,,,
Mistral-7B,mlx-community/Mistral-7B-Instruct-v0.3-4bit,a4b8f870474b0eb527f466a03fbc187830d271f5,accessible_transport-conflict-1,accessible_transport-conflict-1--record_first,accessible_transport,record_first,conflict,HUMAN_REVIEW,evidence_checklist,strict,ELIGIBLE,184,27,0,0,0,0,0,1,1,0,0,0,0,,,,
Mistral-7B,mlx-community/Mistral-7B-Instruct-v0.3-4bit,a4b8f870474b0eb527f466a03fbc187830d271f5,accessible_transport-conflict-1,accessible_transport-conflict-1--record_first,accessible_transport,record_first,conflict,HUMAN_REVIEW,commit_then_review,strict,ELIGIBLE,106,15,0,0,0,0,0,1,1,0,0,0,0,1,0,0,0
Mistral-7B,mlx-community/Mistral-7B-Instruct-v0.3-4bit,a4b8f870474b0eb527f466a03fbc187830d271f5,accessible_transport-conflict-2,accessible_transport-conflict-2--policy_first,accessible_transport,policy_first,conflict,HUMAN_REVIEW,independent_review,strict,NEED_INFORMATION,186,23,0,0,0,1,0,1,1,0,0,0,0,,,,
Mistral-7B,mlx-community/Mistral-7B-Instruct-v0.3-4bit,a4b8f870474b0eb527f466a03fbc187830d271f5,accessible_transport-conflict-2,accessible_transport-conflict-2--policy_first,accessible_transport,policy_first,conflict,HUMAN_REVIEW,prior_rationale,strict,NEED_INFORMATION,116,14,0,0,0,1,0,1,1,0,0,0,0,,,,
Mistral-7B,mlx-community/Mistral-7B-Instruct-v0.3-4bit,a4b8f870474b0eb527f466a03fbc187830d271f5,accessible_transport-conflict-2,accessible_transport-conflict-2--policy_first,accessible_transport,policy_first,conflict,HUMAN_REVIEW,evidence_checklist,strict,ELIGIBLE,154,22,0,0,0,0,0,1,1,0,0,0,0,,,,
Mistral-7B,mlx-community/Mistral-7B-Instruct-v0.3-4bit,a4b8f870474b0eb527f466a03fbc187830d271f5,accessible_transport-conflict-2,accessible_transport-conflict-2--policy_first,accessible_transport,policy_first,conflict,HUMAN_REVIEW,commit_then_review,strict,INELIGIBLE,102,15,0,0,1,1,0,1,1,0,0,0,0,1,0,0,0
Mistral-7B,mlx-community/Mistral-7B-Instruct-v0.3-4bit,a4b8f870474b0eb527f466a03fbc187830d271f5,accessible_transport-conflict-2,accessible_transport-conflict-2--record_first,accessible_transport,record_first,conflict,HUMAN_REVIEW,independent_review,strict,ELIGIBLE,159,24,0,0,0,0,0,1,1,0,0,0,0,,,,
Mistral-7B,mlx-community/Mistral-7B-Instruct-v0.3-4bit,a4b8f870474b0eb527f466a03fbc187830d271f5,accessible_transport-conflict-2,accessible_transport-conflict-2--record_first,accessible_transport,record_first,conflict,HUMAN_REVIEW,prior_rationale,strict,ELIGIBLE,189,28,0,0,0,0,0,1,1,0,0,0,0,,,,
Mistral-7B,mlx-community/Mistral-7B-Instruct-v0.3-4bit,a4b8f870474b0eb527f466a03fbc187830d271f5,accessible_transport-conflict-2,accessible_transport-conflict-2--record_first,accessible_transport,record_first,conflict,HUMAN_REVIEW,evidence_checklist,strict,ELIGIBLE,184,27,0,0,0,0,0,1,1,0,0,0,0,,,,
Mistral-7B,mlx-community/Mistral-7B-Instruct-v0.3-4bit,a4b8f870474b0eb527f466a03fbc187830d271f5,accessible_transport-conflict-2,accessible_transport-conflict-2--record_first,accessible_transport,record_first,conflict,HUMAN_REVIEW,commit_then_review,strict,ELIGIBLE,106,15,0,0,0,0,0,1,1,0,0,0,0,1,0,0,0
Mistral-7B,mlx-community/Mistral-7B-Instruct-v0.3-4bit,a4b8f870474b0eb527f466a03fbc187830d271f5,accessible_transport-conflict-3,accessible_transport-conflict-3--policy_first,accessible_transport,policy_first,conflict,HUMAN_REVIEW,independent_review,strict,NEED_INFORMATION,162,20,0,0,0,1,0,1,1,0,0,0,0,,,,
Mistral-7B,mlx-community/Mistral-7B-Instruct-v0.3-4bit,a4b8f870474b0eb527f466a03fbc187830d271f5,accessible_transport-conflict-3,accessible_transport-conflict-3--policy_first,accessible_transport,policy_first,conflict,HUMAN_REVIEW,prior_rationale,strict,NEED_INFORMATION,116,14,0,0,0,1,0,1,1,0,0,0,0,,,,
Mistral-7B,mlx-community/Mistral-7B-Instruct-v0.3-4bit,a4b8f870474b0eb527f466a03fbc187830d271f5,accessible_transport-conflict-3,accessible_transport-conflict-3--policy_first,accessible_transport,policy_first,conflict,HUMAN_REVIEW,evidence_checklist,strict,ELIGIBLE,154,22,0,0,0,0,0,1,1,0,0,0,0,,,,
Mistral-7B,mlx-community/Mistral-7B-Instruct-v0.3-4bit,a4b8f870474b0eb527f466a03fbc187830d271f5,accessible_transport-conflict-3,accessible_transport-conflict-3--policy_first,accessible_transport,policy_first,conflict,HUMAN_REVIEW,commit_then_review,strict,ELIGIBLE,159,21,0,0,0,0,0,1,1,0,0,0,0,1,0,0,0
Mistral-7B,mlx-community/Mistral-7B-Instruct-v0.3-4bit,a4b8f870474b0eb527f466a03fbc187830d271f5,accessible_transport-conflict-3,accessible_transport-conflict-3--record_first,accessible_transport,record_first,conflict,HUMAN_REVIEW,independent_review,strict,ELIGIBLE,159,24,0,0,0,0,0,1,1,0,0,0,0,,,,
Mistral-7B,mlx-community/Mistral-7B-Instruct-v0.3-4bit,a4b8f870474b0eb527f466a03fbc187830d271f5,accessible_transport-conflict-3,accessible_transport-conflict-3--record_first,accessible_transport,record_first,conflict,HUMAN_REVIEW,prior_rationale,strict,ELIGIBLE,189,28,0,0,0,0,0,1,1,0,0,0,0,,,,
Mistral-7B,mlx-community/Mistral-7B-Instruct-v0.3-4bit,a4b8f870474b0eb527f466a03fbc187830d271f5,accessible_transport-conflict-3,accessible_transport-conflict-3--record_first,accessible_transport,record_first,conflict,HUMAN_REVIEW,evidence_checklist,strict,ELIGIBLE,184,27,0,0,0,0,0,1,1,0,0,0,0,,,,
Mistral-7B,mlx-community/Mistral-7B-Instruct-v0.3-4bit,a4b8f870474b0eb527f466a03fbc187830d271f5,accessible_transport-conflict-3,accessible_transport-conflict-3--record_first,accessible_transport,record_first,conflict,HUMAN_REVIEW,commit_then_review,strict,ELIGIBLE,106,15,0,0,0,0,0,1,1,0,0,0,0,1,0,0,0
Mistral-7B,mlx-community/Mistral-7B-Instruct-v0.3-4bit,a4b8f870474b0eb527f466a03fbc187830d271f5,document_support-valid-1,document_support-valid-1--policy_first,document_support,policy_first,valid,ELIGIBLE,independent_review,strict,ELIGIBLE,133,23,0,1,1,1,1,1,1,0,0,0,0,,,,
Mistral-7B,mlx-community/Mistral-7B-Instruct-v0.3-4bit,a4b8f870474b0eb527f466a03fbc187830d271f5,document_support-valid-1,document_support-valid-1--policy_first,document_support,policy_first,valid,ELIGIBLE,prior_rationale,strict,ELIGIBLE,170,28,0,1,1,1,1,1,1,0,0,0,0,,,,
Mistral-7B,mlx-community/Mistral-7B-Instruct-v0.3-4bit,a4b8f870474b0eb527f466a03fbc187830d271f5,document_support-valid-1,document_support-valid-1--policy_first,document_support,policy_first,valid,ELIGIBLE,evidence_checklist,strict,ELIGIBLE,186,28,0,1,1,1,1,1,1,0,0,0,0,,,,
Mistral-7B,mlx-community/Mistral-7B-Instruct-v0.3-4bit,a4b8f870474b0eb527f466a03fbc187830d271f5,document_support-valid-1,document_support-valid-1--policy_first,document_support,policy_first,valid,ELIGIBLE,commit_then_review,strict,ELIGIBLE,158,27,0,1,1,1,1,1,1,0,0,0,0,0,0,0,1
Mistral-7B,mlx-community/Mistral-7B-Instruct-v0.3-4bit,a4b8f870474b0eb527f466a03fbc187830d271f5,document_support-valid-1,document_support-valid-1--record_first,document_support,record_first,valid,ELIGIBLE,independent_review,strict,NEED_INFORMATION,122,18,0,0,0,1,0,1,1,1,0,0,0,,,,
Mistral-7B,mlx-community/Mistral-7B-Instruct-v0.3-4bit,a4b8f870474b0eb527f466a03fbc187830d271f5,document_support-valid-1,document_support-valid-1--record_first,document_support,record_first,valid,ELIGIBLE,prior_rationale,strict,ELIGIBLE,170,28,0,1,1,1,1,1,1,0,0,0,0,,,,
Mistral-7B,mlx-community/Mistral-7B-Instruct-v0.3-4bit,a4b8f870474b0eb527f466a03fbc187830d271f5,document_support-valid-1,document_support-valid-1--record_first,document_support,record_first,valid,ELIGIBLE,evidence_checklist,strict,ELIGIBLE,210,31,0,1,1,1,1,1,1,0,0,0,0,,,,
Mistral-7B,mlx-community/Mistral-7B-Instruct-v0.3-4bit,a4b8f870474b0eb527f466a03fbc187830d271f5,document_support-valid-1,document_support-valid-1--record_first,document_support,record_first,valid,ELIGIBLE,commit_then_review,strict,ELIGIBLE,92,13,0,1,1,1,1,1,1,0,0,0,0,1,1,0,0
Mistral-7B,mlx-community/Mistral-7B-Instruct-v0.3-4bit,a4b8f870474b0eb527f466a03fbc187830d271f5,document_support-valid-2,document_support-valid-2--policy_first,document_support,policy_first,valid,ELIGIBLE,independent_review,strict,ELIGIBLE,133,23,0,1,1,1,1,1,1,0,0,0,0,,,,
Mistral-7B,mlx-community/Mistral-7B-Instruct-v0.3-4bit,a4b8f870474b0eb527f466a03fbc187830d271f5,document_support-valid-2,document_support-valid-2--policy_first,document_support,policy_first,valid,ELIGIBLE,prior_rationale,strict,ELIGIBLE,170,28,0,1,1,1,1,1,1,0,0,0,0,,,,
Mistral-7B,mlx-community/Mistral-7B-Instruct-v0.3-4bit,a4b8f870474b0eb527f466a03fbc187830d271f5,document_support-valid-2,document_support-valid-2--policy_first,document_support,policy_first,valid,ELIGIBLE,evidence_checklist,strict,ELIGIBLE,186,28,0,1,1,1,1,1,1,0,0,0,0,,,,
Mistral-7B,mlx-community/Mistral-7B-Instruct-v0.3-4bit,a4b8f870474b0eb527f466a03fbc187830d271f5,document_support-valid-2,document_support-valid-2--policy_first,document_support,policy_first,valid,ELIGIBLE,commit_then_review,strict,ELIGIBLE,133,23,0,1,1,1,1,1,1,0,0,0,0,0,0,0,1
Mistral-7B,mlx-community/Mistral-7B-Instruct-v0.3-4bit,a4b8f870474b0eb527f466a03fbc187830d271f5,document_support-valid-2,document_support-valid-2--record_first,document_support,record_first,valid,ELIGIBLE,independent_review,strict,NEED_INFORMATION,122,18,0,0,0,1,0,1,1,1,0,0,0,,,,
Mistral-7B,mlx-community/Mistral-7B-Instruct-v0.3-4bit,a4b8f870474b0eb527f466a03fbc187830d271f5,document_support-valid-2,document_support-valid-2--record_first,document_support,record_first,valid,ELIGIBLE,prior_rationale,strict,ELIGIBLE,170,28,0,1,1,1,1,1,1,0,0,0,0,,,,
Mistral-7B,mlx-community/Mistral-7B-Instruct-v0.3-4bit,a4b8f870474b0eb527f466a03fbc187830d271f5,document_support-valid-2,document_support-valid-2--record_first,document_support,record_first,valid,ELIGIBLE,evidence_checklist,strict,ELIGIBLE,210,31,0,1,1,1,1,1,1,0,0,0,0,,,,
Mistral-7B,mlx-community/Mistral-7B-Instruct-v0.3-4bit,a4b8f870474b0eb527f466a03fbc187830d271f5,document_support-valid-2,document_support-valid-2--record_first,document_support,record_first,valid,ELIGIBLE,commit_then_review,strict,ELIGIBLE,140,20,0,1,1,1,1,1,1,0,0,0,0,1,1,0,0
Mistral-7B,mlx-community/Mistral-7B-Instruct-v0.3-4bit,a4b8f870474b0eb527f466a03fbc187830d271f5,document_support-valid-3,document_support-valid-3--policy_first,document_support,policy_first,valid,ELIGIBLE,independent_review,strict,ELIGIBLE,133,23,0,1,1,1,1,1,1,0,0,0,0,,,,
Mistral-7B,mlx-community/Mistral-7B-Instruct-v0.3-4bit,a4b8f870474b0eb527f466a03fbc187830d271f5,document_support-valid-3,document_support-valid-3--policy_first,document_support,policy_first,valid,ELIGIBLE,prior_rationale,strict,ELIGIBLE,170,28,0,1,1,1,1,1,1,0,0,0,0,,,,
Mistral-7B,mlx-community/Mistral-7B-Instruct-v0.3-4bit,a4b8f870474b0eb527f466a03fbc187830d271f5,document_support-valid-3,document_support-valid-3--policy_first,document_support,policy_first,valid,ELIGIBLE,evidence_checklist,strict,ELIGIBLE,186,28,0,1,1,1,1,1,1,0,0,0,0,,,,
Mistral-7B,mlx-community/Mistral-7B-Instruct-v0.3-4bit,a4b8f870474b0eb527f466a03fbc187830d271f5,document_support-valid-3,document_support-valid-3--policy_first,document_support,policy_first,valid,ELIGIBLE,commit_then_review,strict,ELIGIBLE,133,23,0,1,1,1,1,1,1,0,0,0,0,0,0,0,1
Mistral-7B,mlx-community/Mistral-7B-Instruct-v0.3-4bit,a4b8f870474b0eb527f466a03fbc187830d271f5,document_support-valid-3,document_support-valid-3--record_first,document_support,record_first,valid,ELIGIBLE,independent_review,strict,NEED_INFORMATION,122,18,0,0,0,1,0,1,1,1,0,0,0,,,,
Mistral-7B,mlx-community/Mistral-7B-Instruct-v0.3-4bit,a4b8f870474b0eb527f466a03fbc187830d271f5,document_support-valid-3,document_support-valid-3--record_first,document_support,record_first,valid,ELIGIBLE,prior_rationale,strict,ELIGIBLE,170,28,0,1,1,1,1,1,1,0,0,0,0,,,,
Mistral-7B,mlx-community/Mistral-7B-Instruct-v0.3-4bit,a4b8f870474b0eb527f466a03fbc187830d271f5,document_support-valid-3,document_support-valid-3--record_first,document_support,record_first,valid,ELIGIBLE,evidence_checklist,strict,ELIGIBLE,210,31,0,1,1,1,1,1,1,0,0,0,0,,,,
Mistral-7B,mlx-community/Mistral-7B-Instruct-v0.3-4bit,a4b8f870474b0eb527f466a03fbc187830d271f5,document_support-valid-3,document_support-valid-3--record_first,document_support,record_first,valid,ELIGIBLE,commit_then_review,strict,ELIGIBLE,133,20,0,1,1,1,1,1,1,0,0,0,0,1,1,0,0
Mistral-7B,mlx-community/Mistral-7B-Instruct-v0.3-4bit,a4b8f870474b0eb527f466a03fbc187830d271f5,document_support-invalid-1,document_support-invalid-1--policy_first,document_support,policy_first,invalid,INELIGIBLE,independent_review,strict,NEED_INFORMATION,163,24,0,0,0,1,0,1,1,0,0,0,0,,,,
Mistral-7B,mlx-community/Mistral-7B-Instruct-v0.3-4bit,a4b8f870474b0eb527f466a03fbc187830d271f5,document_support-invalid-1,document_support-invalid-1--policy_first,document_support,policy_first,invalid,INELIGIBLE,prior_rationale,strict,NEED_INFORMATION,100,15,0,0,0,1,0,1,1,0,0,0,0,,,,
Mistral-7B,mlx-community/Mistral-7B-Instruct-v0.3-4bit,a4b8f870474b0eb527f466a03fbc187830d271f5,document_support-invalid-1,document_support-invalid-1--policy_first,document_support,policy_first,invalid,INELIGIBLE,evidence_checklist,strict,NEED_INFORMATION,101,13,0,0,0,1,0,1,1,0,0,0,0,,,,
Mistral-7B,mlx-community/Mistral-7B-Instruct-v0.3-4bit,a4b8f870474b0eb527f466a03fbc187830d271f5,document_support-invalid-1,document_support-invalid-1--policy_first,document_support,policy_first,invalid,INELIGIBLE,commit_then_review,strict,ELIGIBLE,192,31,0,0,0,1,0,1,1,0,1,0,0,1,0,0,0
Mistral-7B,mlx-community/Mistral-7B-Instruct-v0.3-4bit,a4b8f870474b0eb527f466a03fbc187830d271f5,document_support-invalid-1,document_support-invalid-1--record_first,document_support,record_first,invalid,INELIGIBLE,independent_review,strict,NEED_INFORMATION,152,22,0,0,0,1,0,1,1,0,0,0,0,,,,
Mistral-7B,mlx-community/Mistral-7B-Instruct-v0.3-4bit,a4b8f870474b0eb527f466a03fbc187830d271f5,document_support-invalid-1,document_support-invalid-1--record_first,document_support,record_first,invalid,INELIGIBLE,prior_rationale,strict,ELIGIBLE,257,40,0,0,0,1,0,1,1,0,1,0,0,,,,
Mistral-7B,mlx-community/Mistral-7B-Instruct-v0.3-4bit,a4b8f870474b0eb527f466a03fbc187830d271f5,document_support-invalid-1,document_support-invalid-1--record_first,document_support,record_first,invalid,INELIGIBLE,evidence_checklist,strict,ELIGIBLE,185,30,0,0,0,1,0,1,1,0,1,0,0,,,,
Mistral-7B,mlx-community/Mistral-7B-Instruct-v0.3-4bit,a4b8f870474b0eb527f466a03fbc187830d271f5,document_support-invalid-1,document_support-invalid-1--record_first,document_support,record_first,invalid,INELIGIBLE,commit_then_review,strict,ELIGIBLE,270,41,0,0,0,1,0,1,1,0,1,0,0,1,0,0,0
Mistral-7B,mlx-community/Mistral-7B-Instruct-v0.3-4bit,a4b8f870474b0eb527f466a03fbc187830d271f5,document_support-invalid-2,document_support-invalid-2--policy_first,document_support,policy_first,invalid,INELIGIBLE,independent_review,strict,NEED_INFORMATION,163,24,0,0,0,1,0,1,1,0,0,0,0,,,,
Mistral-7B,mlx-community/Mistral-7B-Instruct-v0.3-4bit,a4b8f870474b0eb527f466a03fbc187830d271f5,document_support-invalid-2,document_support-invalid-2--policy_first,document_support,policy_first,invalid,INELIGIBLE,prior_rationale,strict,NEED_INFORMATION,156,23,0,0,0,1,0,1,1,0,0,0,0,,,,
Mistral-7B,mlx-community/Mistral-7B-Instruct-v0.3-4bit,a4b8f870474b0eb527f466a03fbc187830d271f5,document_support-invalid-2,document_support-invalid-2--policy_first,document_support,policy_first,invalid,INELIGIBLE,evidence_checklist,strict,INELIGIBLE,160,26,0,1,0,0,0,1,1,0,0,0,0,,,,
Mistral-7B,mlx-community/Mistral-7B-Instruct-v0.3-4bit,a4b8f870474b0eb527f466a03fbc187830d271f5,document_support-invalid-2,document_support-invalid-2--policy_first,document_support,policy_first,invalid,INELIGIBLE,commit_then_review,strict,INELIGIBLE,212,33,0,1,0,0,0,1,1,0,0,0,0,1,1,0,0
Mistral-7B,mlx-community/Mistral-7B-Instruct-v0.3-4bit,a4b8f870474b0eb527f466a03fbc187830d271f5,document_support-invalid-2,document_support-invalid-2--record_first,document_support,record_first,invalid,INELIGIBLE,independent_review,strict,NEED_INFORMATION,152,22,0,0,0,1,0,1,1,0,0,0,0,,,,
Mistral-7B,mlx-community/Mistral-7B-Instruct-v0.3-4bit,a4b8f870474b0eb527f466a03fbc187830d271f5,document_support-invalid-2,document_support-invalid-2--record_first,document_support,record_first,invalid,INELIGIBLE,prior_rationale,strict,ELIGIBLE,274,43,0,0,0,1,0,1,1,0,1,0,0,,,,
Mistral-7B,mlx-community/Mistral-7B-Instruct-v0.3-4bit,a4b8f870474b0eb527f466a03fbc187830d271f5,document_support-invalid-2,document_support-invalid-2--record_first,document_support,record_first,invalid,INELIGIBLE,evidence_checklist,strict,ELIGIBLE,292,49,0,0,0,1,0,1,1,0,1,0,0,,,,
Mistral-7B,mlx-community/Mistral-7B-Instruct-v0.3-4bit,a4b8f870474b0eb527f466a03fbc187830d271f5,document_support-invalid-2,document_support-invalid-2--record_first,document_support,record_first,invalid,INELIGIBLE,commit_then_review,strict,ELIGIBLE,202,29,0,0,0,1,0,1,1,0,1,0,0,1,0,0,0
Mistral-7B,mlx-community/Mistral-7B-Instruct-v0.3-4bit,a4b8f870474b0eb527f466a03fbc187830d271f5,document_support-invalid-3,document_support-invalid-3--policy_first,document_support,policy_first,invalid,INELIGIBLE,independent_review,strict,NEED_INFORMATION,92,14,0,0,0,1,0,1,1,0,0,0,0,,,,
Mistral-7B,mlx-community/Mistral-7B-Instruct-v0.3-4bit,a4b8f870474b0eb527f466a03fbc187830d271f5,document_support-invalid-3,document_support-invalid-3--policy_first,document_support,policy_first,invalid,INELIGIBLE,prior_rationale,strict,NEED_INFORMATION,118,17,0,0,0,1,0,1,1,0,0,0,0,,,,
Mistral-7B,mlx-community/Mistral-7B-Instruct-v0.3-4bit,a4b8f870474b0eb527f466a03fbc187830d271f5,document_support-invalid-3,document_support-invalid-3--policy_first,document_support,policy_first,invalid,INELIGIBLE,evidence_checklist,strict,NEED_INFORMATION,126,18,0,0,0,1,0,1,1,0,0,0,0,,,,
Mistral-7B,mlx-community/Mistral-7B-Instruct-v0.3-4bit,a4b8f870474b0eb527f466a03fbc187830d271f5,document_support-invalid-3,document_support-invalid-3--policy_first,document_support,policy_first,invalid,INELIGIBLE,commit_then_review,strict,ELIGIBLE,192,29,0,0,0,1,0,1,1,0,1,0,0,1,0,0,0
Mistral-7B,mlx-community/Mistral-7B-Instruct-v0.3-4bit,a4b8f870474b0eb527f466a03fbc187830d271f5,document_support-invalid-3,document_support-invalid-3--record_first,document_support,record_first,invalid,INELIGIBLE,independent_review,strict,NEED_INFORMATION,153,22,0,0,0,1,0,1,1,0,0,0,0,,,,
Mistral-7B,mlx-community/Mistral-7B-Instruct-v0.3-4bit,a4b8f870474b0eb527f466a03fbc187830d271f5,document_support-invalid-3,document_support-invalid-3--record_first,document_support,record_first,invalid,INELIGIBLE,prior_rationale,strict,ELIGIBLE,245,40,0,0,0,1,0,1,1,0,1,0,0,,,,
Mistral-7B,mlx-community/Mistral-7B-Instruct-v0.3-4bit,a4b8f870474b0eb527f466a03fbc187830d271f5,document_support-invalid-3,document_support-invalid-3--record_first,document_support,record_first,invalid,INELIGIBLE,evidence_checklist,strict,ELIGIBLE,235,38,0,0,0,1,0,1,1,0,1,0,0,,,,
Mistral-7B,mlx-community/Mistral-7B-Instruct-v0.3-4bit,a4b8f870474b0eb527f466a03fbc187830d271f5,document_support-invalid-3,document_support-invalid-3--record_first,document_support,record_first,invalid,INELIGIBLE,commit_then_review,strict,ELIGIBLE,171,25,0,0,0,1,0,1,1,0,1,0,0,1,0,0,0
Mistral-7B,mlx-community/Mistral-7B-Instruct-v0.3-4bit,a4b8f870474b0eb527f466a03fbc187830d271f5,document_support-incomplete-1,document_support-incomplete-1--policy_first,document_support,policy_first,incomplete,NEED_INFORMATION,independent_review,strict,NEED_INFORMATION,102,14,0,1,1,1,1,1,1,0,0,1,0,,,,
Mistral-7B,mlx-community/Mistral-7B-Instruct-v0.3-4bit,a4b8f870474b0eb527f466a03fbc187830d271f5,document_support-incomplete-1,document_support-incomplete-1--policy_first,document_support,policy_first,incomplete,NEED_INFORMATION,prior_rationale,strict,NEED_INFORMATION,127,17,0,1,1,1,1,1,1,0,0,1,0,,,,
Mistral-7B,mlx-community/Mistral-7B-Instruct-v0.3-4bit,a4b8f870474b0eb527f466a03fbc187830d271f5,document_support-incomplete-1,document_support-incomplete-1--policy_first,document_support,policy_first,incomplete,NEED_INFORMATION,evidence_checklist,strict,NEED_INFORMATION,94,13,0,1,1,1,1,1,1,0,0,1,0,,,,
Mistral-7B,mlx-community/Mistral-7B-Instruct-v0.3-4bit,a4b8f870474b0eb527f466a03fbc187830d271f5,document_support-incomplete-1,document_support-incomplete-1--policy_first,document_support,policy_first,incomplete,NEED_INFORMATION,commit_then_review,strict,ELIGIBLE,370,55,0,0,0,1,0,1,1,0,0,0,0,1,0,1,1
Mistral-7B,mlx-community/Mistral-7B-Instruct-v0.3-4bit,a4b8f870474b0eb527f466a03fbc187830d271f5,document_support-incomplete-1,document_support-incomplete-1--record_first,document_support,record_first,incomplete,NEED_INFORMATION,independent_review,strict,NEED_INFORMATION,129,17,0,1,1,1,1,1,1,0,0,1,0,,,,
Mistral-7B,mlx-community/Mistral-7B-Instruct-v0.3-4bit,a4b8f870474b0eb527f466a03fbc187830d271f5,document_support-incomplete-1,document_support-incomplete-1--record_first,document_support,record_first,incomplete,NEED_INFORMATION,prior_rationale,strict,ELIGIBLE,238,37,0,0,0,1,0,1,1,0,0,0,0,,,,
Mistral-7B,mlx-community/Mistral-7B-Instruct-v0.3-4bit,a4b8f870474b0eb527f466a03fbc187830d271f5,document_support-incomplete-1,document_support-incomplete-1--record_first,document_support,record_first,incomplete,NEED_INFORMATION,evidence_checklist,strict,ELIGIBLE,238,37,0,0,0,1,0,1,1,0,0,0,0,,,,
Mistral-7B,mlx-community/Mistral-7B-Instruct-v0.3-4bit,a4b8f870474b0eb527f466a03fbc187830d271f5,document_support-incomplete-1,document_support-incomplete-1--record_first,document_support,record_first,incomplete,NEED_INFORMATION,commit_then_review,strict,ELIGIBLE,167,25,0,0,0,1,0,1,1,0,0,0,0,1,0,1,1
Mistral-7B,mlx-community/Mistral-7B-Instruct-v0.3-4bit,a4b8f870474b0eb527f466a03fbc187830d271f5,document_support-incomplete-2,document_support-incomplete-2--policy_first,document_support,policy_first,incomplete,NEED_INFORMATION,independent_review,strict,NEED_INFORMATION,102,14,0,1,1,1,1,1,1,0,0,1,0,,,,
Mistral-7B,mlx-community/Mistral-7B-Instruct-v0.3-4bit,a4b8f870474b0eb527f466a03fbc187830d271f5,document_support-incomplete-2,document_support-incomplete-2--policy_first,document_support,policy_first,incomplete,NEED_INFORMATION,prior_rationale,strict,NEED_INFORMATION,94,13,0,1,1,1,1,1,1,0,0,1,0,,,,
Mistral-7B,mlx-community/Mistral-7B-Instruct-v0.3-4bit,a4b8f870474b0eb527f466a03fbc187830d271f5,document_support-incomplete-2,document_support-incomplete-2--policy_first,document_support,policy_first,incomplete,NEED_INFORMATION,evidence_checklist,strict,NEED_INFORMATION,94,13,0,1,1,1,1,1,1,0,0,1,0,,,,
Mistral-7B,mlx-community/Mistral-7B-Instruct-v0.3-4bit,a4b8f870474b0eb527f466a03fbc187830d271f5,document_support-incomplete-2,document_support-incomplete-2--policy_first,document_support,policy_first,incomplete,NEED_INFORMATION,commit_then_review,strict,ELIGIBLE,370,55,0,0,0,1,0,1,1,0,0,0,0,1,0,1,1
Mistral-7B,mlx-community/Mistral-7B-Instruct-v0.3-4bit,a4b8f870474b0eb527f466a03fbc187830d271f5,document_support-incomplete-2,document_support-incomplete-2--record_first,document_support,record_first,incomplete,NEED_INFORMATION,independent_review,strict,NEED_INFORMATION,129,17,0,1,1,1,1,1,1,0,0,1,0,,,,
Mistral-7B,mlx-community/Mistral-7B-Instruct-v0.3-4bit,a4b8f870474b0eb527f466a03fbc187830d271f5,document_support-incomplete-2,document_support-incomplete-2--record_first,document_support,record_first,incomplete,NEED_INFORMATION,prior_rationale,strict,ELIGIBLE,187,31,0,0,0,1,0,1,1,0,0,0,0,,,,
Mistral-7B,mlx-community/Mistral-7B-Instruct-v0.3-4bit,a4b8f870474b0eb527f466a03fbc187830d271f5,document_support-incomplete-2,document_support-incomplete-2--record_first,document_support,record_first,incomplete,NEED_INFORMATION,evidence_checklist,strict,ELIGIBLE,187,31,0,0,0,1,0,1,1,0,0,0,0,,,,
Mistral-7B,mlx-community/Mistral-7B-Instruct-v0.3-4bit,a4b8f870474b0eb527f466a03fbc187830d271f5,document_support-incomplete-2,document_support-incomplete-2--record_first,document_support,record_first,incomplete,NEED_INFORMATION,commit_then_review,strict,ELIGIBLE,167,25,0,0,0,1,0,1,1,0,0,0,0,1,0,1,1
Mistral-7B,mlx-community/Mistral-7B-Instruct-v0.3-4bit,a4b8f870474b0eb527f466a03fbc187830d271f5,document_support-incomplete-3,document_support-incomplete-3--policy_first,document_support,policy_first,incomplete,NEED_INFORMATION,independent_review,strict,NEED_INFORMATION,102,14,0,1,1,1,1,1,1,0,0,1,0,,,,
Mistral-7B,mlx-community/Mistral-7B-Instruct-v0.3-4bit,a4b8f870474b0eb527f466a03fbc187830d271f5,document_support-incomplete-3,document_support-incomplete-3--policy_first,document_support,policy_first,incomplete,NEED_INFORMATION,prior_rationale,strict,NEED_INFORMATION,120,17,0,1,1,1,1,1,1,0,0,1,0,,,,
Mistral-7B,mlx-community/Mistral-7B-Instruct-v0.3-4bit,a4b8f870474b0eb527f466a03fbc187830d271f5,document_support-incomplete-3,document_support-incomplete-3--policy_first,document_support,policy_first,incomplete,NEED_INFORMATION,evidence_checklist,strict,NEED_INFORMATION,94,13,0,1,1,1,1,1,1,0,0,1,0,,,,
Mistral-7B,mlx-community/Mistral-7B-Instruct-v0.3-4bit,a4b8f870474b0eb527f466a03fbc187830d271f5,document_support-incomplete-3,document_support-incomplete-3--policy_first,document_support,policy_first,incomplete,NEED_INFORMATION,commit_then_review,strict,ELIGIBLE,370,55,0,0,0,1,0,1,1,0,0,0,0,1,0,1,1
Mistral-7B,mlx-community/Mistral-7B-Instruct-v0.3-4bit,a4b8f870474b0eb527f466a03fbc187830d271f5,document_support-incomplete-3,document_support-incomplete-3--record_first,document_support,record_first,incomplete,NEED_INFORMATION,independent_review,strict,NEED_INFORMATION,129,17,0,1,1,1,1,1,1,0,0,1,0,,,,
Mistral-7B,mlx-community/Mistral-7B-Instruct-v0.3-4bit,a4b8f870474b0eb527f466a03fbc187830d271f5,document_support-incomplete-3,document_support-incomplete-3--record_first,document_support,record_first,incomplete,NEED_INFORMATION,prior_rationale,strict,ELIGIBLE,240,37,0,0,0,1,0,1,1,0,0,0,0,,,,
Mistral-7B,mlx-community/Mistral-7B-Instruct-v0.3-4bit,a4b8f870474b0eb527f466a03fbc187830d271f5,document_support-incomplete-3,document_support-incomplete-3--record_first,document_support,record_first,incomplete,NEED_INFORMATION,evidence_checklist,strict,ELIGIBLE,238,37,0,0,0,1,0,1,1,0,0,0,0,,,,
Mistral-7B,mlx-community/Mistral-7B-Instruct-v0.3-4bit,a4b8f870474b0eb527f466a03fbc187830d271f5,document_support-incomplete-3,document_support-incomplete-3--record_first,document_support,record_first,incomplete,NEED_INFORMATION,commit_then_review,strict,ELIGIBLE,180,27,0,0,0,1,0,1,1,0,0,0,0,1,0,1,1
Mistral-7B,mlx-community/Mistral-7B-Instruct-v0.3-4bit,a4b8f870474b0eb527f466a03fbc187830d271f5,document_support-conflict-1,document_support-conflict-1--policy_first,document_support,policy_first,conflict,HUMAN_REVIEW,independent_review,strict,ELIGIBLE,135,23,0,0,0,0,0,1,1,0,0,0,0,,,,
Mistral-7B,mlx-community/Mistral-7B-Instruct-v0.3-4bit,a4b8f870474b0eb527f466a03fbc187830d271f5,document_support-conflict-1,document_support-conflict-1--policy_first,document_support,policy_first,conflict,HUMAN_REVIEW,prior_rationale,strict,ELIGIBLE,145,25,0,0,0,0,0,1,1,0,0,0,0,,,,
Mistral-7B,mlx-community/Mistral-7B-Instruct-v0.3-4bit,a4b8f870474b0eb527f466a03fbc187830d271f5,document_support-conflict-1,document_support-conflict-1--policy_first,document_support,policy_first,conflict,HUMAN_REVIEW,evidence_checklist,strict,ELIGIBLE,179,30,0,0,0,0,0,1,1,0,0,0,0,,,,
Mistral-7B,mlx-community/Mistral-7B-Instruct-v0.3-4bit,a4b8f870474b0eb527f466a03fbc187830d271f5,document_support-conflict-1,document_support-conflict-1--policy_first,document_support,policy_first,conflict,HUMAN_REVIEW,commit_then_review,strict,ELIGIBLE,228,37,0,0,0,0,0,1,1,0,0,0,0,1,0,0,0
Mistral-7B,mlx-community/Mistral-7B-Instruct-v0.3-4bit,a4b8f870474b0eb527f466a03fbc187830d271f5,document_support-conflict-1,document_support-conflict-1--record_first,document_support,record_first,conflict,HUMAN_REVIEW,independent_review,strict,NEED_INFORMATION,150,19,0,0,0,1,0,1,1,0,0,0,0,,,,
Mistral-7B,mlx-community/Mistral-7B-Instruct-v0.3-4bit,a4b8f870474b0eb527f466a03fbc187830d271f5,document_support-conflict-1,document_support-conflict-1--record_first,document_support,record_first,conflict,HUMAN_REVIEW,prior_rationale,strict,ELIGIBLE,160,25,0,0,0,0,0,1,1,0,0,0,0,,,,
Mistral-7B,mlx-community/Mistral-7B-Instruct-v0.3-4bit,a4b8f870474b0eb527f466a03fbc187830d271f5,document_support-conflict-1,document_support-conflict-1--record_first,document_support,record_first,conflict,HUMAN_REVIEW,evidence_checklist,strict,ELIGIBLE,164,26,0,0,0,0,0,1,1,0,0,0,0,,,,
Mistral-7B,mlx-community/Mistral-7B-Instruct-v0.3-4bit,a4b8f870474b0eb527f466a03fbc187830d271f5,document_support-conflict-1,document_support-conflict-1--record_first,document_support,record_first,conflict,HUMAN_REVIEW,commit_then_review,strict,ELIGIBLE,207,31,0,0,0,0,0,1,1,0,0,0,0,1,0,0,0
Mistral-7B,mlx-community/Mistral-7B-Instruct-v0.3-4bit,a4b8f870474b0eb527f466a03fbc187830d271f5,document_support-conflict-2,document_support-conflict-2--policy_first,document_support,policy_first,conflict,HUMAN_REVIEW,independent_review,strict,ELIGIBLE,135,23,0,0,0,0,0,1,1,0,0,0,0,,,,
Mistral-7B,mlx-community/Mistral-7B-Instruct-v0.3-4bit,a4b8f870474b0eb527f466a03fbc187830d271f5,document_support-conflict-2,document_support-conflict-2--policy_first,document_support,policy_first,conflict,HUMAN_REVIEW,prior_rationale,strict,ELIGIBLE,145,25,0,0,0,0,0,1,1,0,0,0,0,,,,
Mistral-7B,mlx-community/Mistral-7B-Instruct-v0.3-4bit,a4b8f870474b0eb527f466a03fbc187830d271f5,document_support-conflict-2,document_support-conflict-2--policy_first,document_support,policy_first,conflict,HUMAN_REVIEW,evidence_checklist,strict,ELIGIBLE,179,30,0,0,0,0,0,1,1,0,0,0,0,,,,
Mistral-7B,mlx-community/Mistral-7B-Instruct-v0.3-4bit,a4b8f870474b0eb527f466a03fbc187830d271f5,document_support-conflict-2,document_support-conflict-2--policy_first,document_support,policy_first,conflict,HUMAN_REVIEW,commit_then_review,strict,ELIGIBLE,228,37,0,0,0,0,0,1,1,0,0,0,0,1,0,0,0
Mistral-7B,mlx-community/Mistral-7B-Instruct-v0.3-4bit,a4b8f870474b0eb527f466a03fbc187830d271f5,document_support-conflict-2,document_support-conflict-2--record_first,document_support,record_first,conflict,HUMAN_REVIEW,independent_review,strict,NEED_INFORMATION,135,17,0,0,0,1,0,1,1,0,0,0,0,,,,
Mistral-7B,mlx-community/Mistral-7B-Instruct-v0.3-4bit,a4b8f870474b0eb527f466a03fbc187830d271f5,document_support-conflict-2,document_support-conflict-2--record_first,document_support,record_first,conflict,HUMAN_REVIEW,prior_rationale,strict,ELIGIBLE,160,25,0,0,0,0,0,1,1,0,0,0,0,,,,
Mistral-7B,mlx-community/Mistral-7B-Instruct-v0.3-4bit,a4b8f870474b0eb527f466a03fbc187830d271f5,document_support-conflict-2,document_support-conflict-2--record_first,document_support,record_first,conflict,HUMAN_REVIEW,evidence_checklist,strict,ELIGIBLE,164,26,0,0,0,0,0,1,1,0,0,0,0,,,,
Mistral-7B,mlx-community/Mistral-7B-Instruct-v0.3-4bit,a4b8f870474b0eb527f466a03fbc187830d271f5,document_support-conflict-2,document_support-conflict-2--record_first,document_support,record_first,conflict,HUMAN_REVIEW,commit_then_review,strict,ELIGIBLE,170,28,0,0,0,0,0,1,1,0,0,0,0,1,0,0,0
Mistral-7B,mlx-community/Mistral-7B-Instruct-v0.3-4bit,a4b8f870474b0eb527f466a03fbc187830d271f5,document_support-conflict-3,document_support-conflict-3--policy_first,document_support,policy_first,conflict,HUMAN_REVIEW,independent_review,strict,ELIGIBLE,135,23,0,0,0,0,0,1,1,0,0,0,0,,,,
Mistral-7B,mlx-community/Mistral-7B-Instruct-v0.3-4bit,a4b8f870474b0eb527f466a03fbc187830d271f5,document_support-conflict-3,document_support-conflict-3--policy_first,document_support,policy_first,conflict,HUMAN_REVIEW,prior_rationale,strict,ELIGIBLE,145,25,0,0,0,0,0,1,1,0,0,0,0,,,,
Mistral-7B,mlx-community/Mistral-7B-Instruct-v0.3-4bit,a4b8f870474b0eb527f466a03fbc187830d271f5,document_support-conflict-3,document_support-conflict-3--policy_first,document_support,policy_first,conflict,HUMAN_REVIEW,evidence_checklist,strict,ELIGIBLE,179,30,0,0,0,0,0,1,1,0,0,0,0,,,,
Mistral-7B,mlx-community/Mistral-7B-Instruct-v0.3-4bit,a4b8f870474b0eb527f466a03fbc187830d271f5,document_support-conflict-3,document_support-conflict-3--policy_first,document_support,policy_first,conflict,HUMAN_REVIEW,commit_then_review,strict,ELIGIBLE,228,37,0,0,0,0,0,1,1,0,0,0,0,1,0,0,0
Mistral-7B,mlx-community/Mistral-7B-Instruct-v0.3-4bit,a4b8f870474b0eb527f466a03fbc187830d271f5,document_support-conflict-3,document_support-conflict-3--record_first,document_support,record_first,conflict,HUMAN_REVIEW,independent_review,strict,NEED_INFORMATION,135,17,0,0,0,1,0,1,1,0,0,0,0,,,,
Mistral-7B,mlx-community/Mistral-7B-Instruct-v0.3-4bit,a4b8f870474b0eb527f466a03fbc187830d271f5,document_support-conflict-3,document_support-conflict-3--record_first,document_support,record_first,conflict,HUMAN_REVIEW,prior_rationale,strict,ELIGIBLE,160,25,0,0,0,0,0,1,1,0,0,0,0,,,,
Mistral-7B,mlx-community/Mistral-7B-Instruct-v0.3-4bit,a4b8f870474b0eb527f466a03fbc187830d271f5,document_support-conflict-3,document_support-conflict-3--record_first,document_support,record_first,conflict,HUMAN_REVIEW,evidence_checklist,strict,ELIGIBLE,164,26,0,0,0,0,0,1,1,0,0,0,0,,,,
Mistral-7B,mlx-community/Mistral-7B-Instruct-v0.3-4bit,a4b8f870474b0eb527f466a03fbc187830d271f5,document_support-conflict-3,document_support-conflict-3--record_first,document_support,record_first,conflict,HUMAN_REVIEW,commit_then_review,strict,ELIGIBLE,170,28,0,0,0,0,0,1,1,0,0,0,0,1,0,0,0
Mistral-7B,mlx-community/Mistral-7B-Instruct-v0.3-4bit,a4b8f870474b0eb527f466a03fbc187830d271f5,interpretation_booking-valid-1,interpretation_booking-valid-1--policy_first,interpretation_booking,policy_first,valid,ELIGIBLE,independent_review,strict,ELIGIBLE,73,10,0,1,1,1,1,1,1,0,0,0,0,,,,
Mistral-7B,mlx-community/Mistral-7B-Instruct-v0.3-4bit,a4b8f870474b0eb527f466a03fbc187830d271f5,interpretation_booking-valid-1,interpretation_booking-valid-1--policy_first,interpretation_booking,policy_first,valid,ELIGIBLE,prior_rationale,strict,ELIGIBLE,76,11,0,1,1,1,1,1,1,0,0,0,0,,,,
Mistral-7B,mlx-community/Mistral-7B-Instruct-v0.3-4bit,a4b8f870474b0eb527f466a03fbc187830d271f5,interpretation_booking-valid-1,interpretation_booking-valid-1--policy_first,interpretation_booking,policy_first,valid,ELIGIBLE,evidence_checklist,strict,ELIGIBLE,76,11,0,1,1,1,1,1,1,0,0,0,0,,,,
Mistral-7B,mlx-community/Mistral-7B-Instruct-v0.3-4bit,a4b8f870474b0eb527f466a03fbc187830d271f5,interpretation_booking-valid-1,interpretation_booking-valid-1--policy_first,interpretation_booking,policy_first,valid,ELIGIBLE,commit_then_review,strict,ELIGIBLE,75,11,0,1,1,1,1,1,1,0,0,0,0,1,1,0,0
Mistral-7B,mlx-community/Mistral-7B-Instruct-v0.3-4bit,a4b8f870474b0eb527f466a03fbc187830d271f5,interpretation_booking-valid-1,interpretation_booking-valid-1--record_first,interpretation_booking,record_first,valid,ELIGIBLE,independent_review,strict,ELIGIBLE,136,20,0,1,1,1,1,1,1,0,0,0,0,,,,
Mistral-7B,mlx-community/Mistral-7B-Instruct-v0.3-4bit,a4b8f870474b0eb527f466a03fbc187830d271f5,interpretation_booking-valid-1,interpretation_booking-valid-1--record_first,interpretation_booking,record_first,valid,ELIGIBLE,prior_rationale,strict,ELIGIBLE,76,11,0,1,1,1,1,1,1,0,0,0,0,,,,
Mistral-7B,mlx-community/Mistral-7B-Instruct-v0.3-4bit,a4b8f870474b0eb527f466a03fbc187830d271f5,interpretation_booking-valid-1,interpretation_booking-valid-1--record_first,interpretation_booking,record_first,valid,ELIGIBLE,evidence_checklist,strict,ELIGIBLE,76,11,0,1,1,1,1,1,1,0,0,0,0,,,,
Mistral-7B,mlx-community/Mistral-7B-Instruct-v0.3-4bit,a4b8f870474b0eb527f466a03fbc187830d271f5,interpretation_booking-valid-1,interpretation_booking-valid-1--record_first,interpretation_booking,record_first,valid,ELIGIBLE,commit_then_review,strict,ELIGIBLE,78,11,0,1,1,1,1,1,1,0,0,0,0,1,1,0,0
Mistral-7B,mlx-community/Mistral-7B-Instruct-v0.3-4bit,a4b8f870474b0eb527f466a03fbc187830d271f5,interpretation_booking-valid-2,interpretation_booking-valid-2--policy_first,interpretation_booking,policy_first,valid,ELIGIBLE,independent_review,strict,ELIGIBLE,73,10,0,1,1,1,1,1,1,0,0,0,0,,,,
Mistral-7B,mlx-community/Mistral-7B-Instruct-v0.3-4bit,a4b8f870474b0eb527f466a03fbc187830d271f5,interpretation_booking-valid-2,interpretation_booking-valid-2--policy_first,interpretation_booking,policy_first,valid,ELIGIBLE,prior_rationale,strict,ELIGIBLE,76,11,0,1,1,1,1,1,1,0,0,0,0,,,,
Mistral-7B,mlx-community/Mistral-7B-Instruct-v0.3-4bit,a4b8f870474b0eb527f466a03fbc187830d271f5,interpretation_booking-valid-2,interpretation_booking-valid-2--policy_first,interpretation_booking,policy_first,valid,ELIGIBLE,evidence_checklist,strict,ELIGIBLE,76,11,0,1,1,1,1,1,1,0,0,0,0,,,,
Mistral-7B,mlx-community/Mistral-7B-Instruct-v0.3-4bit,a4b8f870474b0eb527f466a03fbc187830d271f5,interpretation_booking-valid-2,interpretation_booking-valid-2--policy_first,interpretation_booking,policy_first,valid,ELIGIBLE,commit_then_review,strict,ELIGIBLE,75,11,0,1,1,1,1,1,1,0,0,0,0,1,1,0,0
Mistral-7B,mlx-community/Mistral-7B-Instruct-v0.3-4bit,a4b8f870474b0eb527f466a03fbc187830d271f5,interpretation_booking-valid-2,interpretation_booking-valid-2--record_first,interpretation_booking,record_first,valid,ELIGIBLE,independent_review,strict,ELIGIBLE,136,20,0,1,1,1,1,1,1,0,0,0,0,,,,
Mistral-7B,mlx-community/Mistral-7B-Instruct-v0.3-4bit,a4b8f870474b0eb527f466a03fbc187830d271f5,interpretation_booking-valid-2,interpretation_booking-valid-2--record_first,interpretation_booking,record_first,valid,ELIGIBLE,prior_rationale,strict,ELIGIBLE,76,11,0,1,1,1,1,1,1,0,0,0,0,,,,
Mistral-7B,mlx-community/Mistral-7B-Instruct-v0.3-4bit,a4b8f870474b0eb527f466a03fbc187830d271f5,interpretation_booking-valid-2,interpretation_booking-valid-2--record_first,interpretation_booking,record_first,valid,ELIGIBLE,evidence_checklist,strict,ELIGIBLE,76,11,0,1,1,1,1,1,1,0,0,0,0,,,,
Mistral-7B,mlx-community/Mistral-7B-Instruct-v0.3-4bit,a4b8f870474b0eb527f466a03fbc187830d271f5,interpretation_booking-valid-2,interpretation_booking-valid-2--record_first,interpretation_booking,record_first,valid,ELIGIBLE,commit_then_review,strict,ELIGIBLE,78,11,0,1,1,1,1,1,1,0,0,0,0,1,1,0,0
Mistral-7B,mlx-community/Mistral-7B-Instruct-v0.3-4bit,a4b8f870474b0eb527f466a03fbc187830d271f5,interpretation_booking-valid-3,interpretation_booking-valid-3--policy_first,interpretation_booking,policy_first,valid,ELIGIBLE,independent_review,strict,ELIGIBLE,77,11,0,1,1,1,1,1,1,0,0,0,0,,,,
Mistral-7B,mlx-community/Mistral-7B-Instruct-v0.3-4bit,a4b8f870474b0eb527f466a03fbc187830d271f5,interpretation_booking-valid-3,interpretation_booking-valid-3--policy_first,interpretation_booking,policy_first,valid,ELIGIBLE,prior_rationale,strict,ELIGIBLE,76,11,0,1,1,1,1,1,1,0,0,0,0,,,,
Mistral-7B,mlx-community/Mistral-7B-Instruct-v0.3-4bit,a4b8f870474b0eb527f466a03fbc187830d271f5,interpretation_booking-valid-3,interpretation_booking-valid-3--policy_first,interpretation_booking,policy_first,valid,ELIGIBLE,evidence_checklist,strict,ELIGIBLE,76,11,0,1,1,1,1,1,1,0,0,0,0,,,,
Mistral-7B,mlx-community/Mistral-7B-Instruct-v0.3-4bit,a4b8f870474b0eb527f466a03fbc187830d271f5,interpretation_booking-valid-3,interpretation_booking-valid-3--policy_first,interpretation_booking,policy_first,valid,ELIGIBLE,commit_then_review,strict,ELIGIBLE,75,11,0,1,1,1,1,1,1,0,0,0,0,1,1,0,0
Mistral-7B,mlx-community/Mistral-7B-Instruct-v0.3-4bit,a4b8f870474b0eb527f466a03fbc187830d271f5,interpretation_booking-valid-3,interpretation_booking-valid-3--record_first,interpretation_booking,record_first,valid,ELIGIBLE,independent_review,strict,ELIGIBLE,136,20,0,1,1,1,1,1,1,0,0,0,0,,,,
Mistral-7B,mlx-community/Mistral-7B-Instruct-v0.3-4bit,a4b8f870474b0eb527f466a03fbc187830d271f5,interpretation_booking-valid-3,interpretation_booking-valid-3--record_first,interpretation_booking,record_first,valid,ELIGIBLE,prior_rationale,strict,ELIGIBLE,76,11,0,1,1,1,1,1,1,0,0,0,0,,,,
Mistral-7B,mlx-community/Mistral-7B-Instruct-v0.3-4bit,a4b8f870474b0eb527f466a03fbc187830d271f5,interpretation_booking-valid-3,interpretation_booking-valid-3--record_first,interpretation_booking,record_first,valid,ELIGIBLE,evidence_checklist,strict,ELIGIBLE,76,11,0,1,1,1,1,1,1,0,0,0,0,,,,
Mistral-7B,mlx-community/Mistral-7B-Instruct-v0.3-4bit,a4b8f870474b0eb527f466a03fbc187830d271f5,interpretation_booking-valid-3,interpretation_booking-valid-3--record_first,interpretation_booking,record_first,valid,ELIGIBLE,commit_then_review,strict,ELIGIBLE,78,11,0,1,1,1,1,1,1,0,0,0,0,1,1,0,0
Mistral-7B,mlx-community/Mistral-7B-Instruct-v0.3-4bit,a4b8f870474b0eb527f466a03fbc187830d271f5,interpretation_booking-invalid-1,interpretation_booking-invalid-1--policy_first,interpretation_booking,policy_first,invalid,INELIGIBLE,independent_review,strict,NEED_INFORMATION,87,11,0,0,0,1,0,1,1,0,0,0,0,,,,
Mistral-7B,mlx-community/Mistral-7B-Instruct-v0.3-4bit,a4b8f870474b0eb527f466a03fbc187830d271f5,interpretation_booking-invalid-1,interpretation_booking-invalid-1--policy_first,interpretation_booking,policy_first,invalid,INELIGIBLE,prior_rationale,strict,NEED_INFORMATION,115,14,0,0,0,1,0,1,1,0,0,0,0,,,,
Mistral-7B,mlx-community/Mistral-7B-Instruct-v0.3-4bit,a4b8f870474b0eb527f466a03fbc187830d271f5,interpretation_booking-invalid-1,interpretation_booking-invalid-1--policy_first,interpretation_booking,policy_first,invalid,INELIGIBLE,evidence_checklist,strict,NEED_INFORMATION,200,27,0,0,0,1,0,1,1,0,0,0,0,,,,
Mistral-7B,mlx-community/Mistral-7B-Instruct-v0.3-4bit,a4b8f870474b0eb527f466a03fbc187830d271f5,interpretation_booking-invalid-1,interpretation_booking-invalid-1--policy_first,interpretation_booking,policy_first,invalid,INELIGIBLE,commit_then_review,strict,ELIGIBLE,195,27,0,0,0,1,0,1,1,0,1,0,0,1,0,0,0
Mistral-7B,mlx-community/Mistral-7B-Instruct-v0.3-4bit,a4b8f870474b0eb527f466a03fbc187830d271f5,interpretation_booking-invalid-1,interpretation_booking-invalid-1--record_first,interpretation_booking,record_first,invalid,INELIGIBLE,independent_review,strict,NEED_INFORMATION,93,12,0,0,0,1,0,1,1,0,0,0,0,,,,
Mistral-7B,mlx-community/Mistral-7B-Instruct-v0.3-4bit,a4b8f870474b0eb527f466a03fbc187830d271f5,interpretation_booking-invalid-1,interpretation_booking-invalid-1--record_first,interpretation_booking,record_first,invalid,INELIGIBLE,prior_rationale,strict,ELIGIBLE,220,32,0,0,0,1,0,1,1,0,1,0,0,,,,
Mistral-7B,mlx-community/Mistral-7B-Instruct-v0.3-4bit,a4b8f870474b0eb527f466a03fbc187830d271f5,interpretation_booking-invalid-1,interpretation_booking-invalid-1--record_first,interpretation_booking,record_first,invalid,INELIGIBLE,evidence_checklist,strict,ELIGIBLE,112,17,0,0,0,1,0,1,1,0,1,0,0,,,,
Mistral-7B,mlx-community/Mistral-7B-Instruct-v0.3-4bit,a4b8f870474b0eb527f466a03fbc187830d271f5,interpretation_booking-invalid-1,interpretation_booking-invalid-1--record_first,interpretation_booking,record_first,invalid,INELIGIBLE,commit_then_review,strict,ELIGIBLE,75,11,0,0,0,1,0,1,1,0,1,0,0,1,0,0,0
Mistral-7B,mlx-community/Mistral-7B-Instruct-v0.3-4bit,a4b8f870474b0eb527f466a03fbc187830d271f5,interpretation_booking-invalid-2,interpretation_booking-invalid-2--policy_first,interpretation_booking,policy_first,invalid,INELIGIBLE,independent_review,strict,NEED_INFORMATION,205,27,0,0,0,1,0,1,1,0,0,0,0,,,,
Mistral-7B,mlx-community/Mistral-7B-Instruct-v0.3-4bit,a4b8f870474b0eb527f466a03fbc187830d271f5,interpretation_booking-invalid-2,interpretation_booking-invalid-2--policy_first,interpretation_booking,policy_first,invalid,INELIGIBLE,prior_rationale,strict,NEED_INFORMATION,205,27,0,0,0,1,0,1,1,0,0,0,0,,,,
Mistral-7B,mlx-community/Mistral-7B-Instruct-v0.3-4bit,a4b8f870474b0eb527f466a03fbc187830d271f5,interpretation_booking-invalid-2,interpretation_booking-invalid-2--policy_first,interpretation_booking,policy_first,invalid,INELIGIBLE,evidence_checklist,strict,INELIGIBLE,164,24,0,1,0,0,0,1,1,0,0,0,0,,,,
Mistral-7B,mlx-community/Mistral-7B-Instruct-v0.3-4bit,a4b8f870474b0eb527f466a03fbc187830d271f5,interpretation_booking-invalid-2,interpretation_booking-invalid-2--policy_first,interpretation_booking,policy_first,invalid,INELIGIBLE,commit_then_review,strict,NEED_INFORMATION,205,27,0,0,0,1,0,1,1,0,0,0,0,0,0,0,0
Mistral-7B,mlx-community/Mistral-7B-Instruct-v0.3-4bit,a4b8f870474b0eb527f466a03fbc187830d271f5,interpretation_booking-invalid-2,interpretation_booking-invalid-2--record_first,interpretation_booking,record_first,invalid,INELIGIBLE,independent_review,strict,NEED_INFORMATION,162,21,0,0,0,1,0,1,1,0,0,0,0,,,,
Mistral-7B,mlx-community/Mistral-7B-Instruct-v0.3-4bit,a4b8f870474b0eb527f466a03fbc187830d271f5,interpretation_booking-invalid-2,interpretation_booking-invalid-2--record_first,interpretation_booking,record_first,invalid,INELIGIBLE,prior_rationale,strict,ELIGIBLE,121,18,0,0,0,1,0,1,1,0,1,0,0,,,,
Mistral-7B,mlx-community/Mistral-7B-Instruct-v0.3-4bit,a4b8f870474b0eb527f466a03fbc187830d271f5,interpretation_booking-invalid-2,interpretation_booking-invalid-2--record_first,interpretation_booking,record_first,invalid,INELIGIBLE,evidence_checklist,strict,ELIGIBLE,121,18,0,0,0,1,0,1,1,0,1,0,0,,,,
Mistral-7B,mlx-community/Mistral-7B-Instruct-v0.3-4bit,a4b8f870474b0eb527f466a03fbc187830d271f5,interpretation_booking-invalid-2,interpretation_booking-invalid-2--record_first,interpretation_booking,record_first,invalid,INELIGIBLE,commit_then_review,strict,ELIGIBLE,78,11,0,0,0,1,0,1,1,0,1,0,0,1,0,0,0
Mistral-7B,mlx-community/Mistral-7B-Instruct-v0.3-4bit,a4b8f870474b0eb527f466a03fbc187830d271f5,interpretation_booking-invalid-3,interpretation_booking-invalid-3--policy_first,interpretation_booking,policy_first,invalid,INELIGIBLE,independent_review,strict,NEED_INFORMATION,93,12,0,0,0,1,0,1,1,0,0,0,0,,,,
Mistral-7B,mlx-community/Mistral-7B-Instruct-v0.3-4bit,a4b8f870474b0eb527f466a03fbc187830d271f5,interpretation_booking-invalid-3,interpretation_booking-invalid-3--policy_first,interpretation_booking,policy_first,invalid,INELIGIBLE,prior_rationale,strict,NEED_INFORMATION,183,23,0,0,0,1,0,1,1,0,0,0,0,,,,
Mistral-7B,mlx-community/Mistral-7B-Instruct-v0.3-4bit,a4b8f870474b0eb527f466a03fbc187830d271f5,interpretation_booking-invalid-3,interpretation_booking-invalid-3--policy_first,interpretation_booking,policy_first,invalid,INELIGIBLE,evidence_checklist,strict,NEED_INFORMATION,202,26,0,0,0,1,0,1,1,0,0,0,0,,,,
Mistral-7B,mlx-community/Mistral-7B-Instruct-v0.3-4bit,a4b8f870474b0eb527f466a03fbc187830d271f5,interpretation_booking-invalid-3,interpretation_booking-invalid-3--policy_first,interpretation_booking,policy_first,invalid,INELIGIBLE,commit_then_review,strict,ELIGIBLE,194,27,0,0,0,1,0,1,1,0,1,0,0,1,0,0,0
Mistral-7B,mlx-community/Mistral-7B-Instruct-v0.3-4bit,a4b8f870474b0eb527f466a03fbc187830d271f5,interpretation_booking-invalid-3,interpretation_booking-invalid-3--record_first,interpretation_booking,record_first,invalid,INELIGIBLE,independent_review,strict,NEED_INFORMATION,119,15,0,0,0,1,0,1,1,0,0,0,0,,,,
Mistral-7B,mlx-community/Mistral-7B-Instruct-v0.3-4bit,a4b8f870474b0eb527f466a03fbc187830d271f5,interpretation_booking-invalid-3,interpretation_booking-invalid-3--record_first,interpretation_booking,record_first,invalid,INELIGIBLE,prior_rationale,strict,ELIGIBLE,76,11,0,0,0,1,0,1,1,0,1,0,0,,,,
Mistral-7B,mlx-community/Mistral-7B-Instruct-v0.3-4bit,a4b8f870474b0eb527f466a03fbc187830d271f5,interpretation_booking-invalid-3,interpretation_booking-invalid-3--record_first,interpretation_booking,record_first,invalid,INELIGIBLE,evidence_checklist,strict,ELIGIBLE,76,11,0,0,0,1,0,1,1,0,1,0,0,,,,
Mistral-7B,mlx-community/Mistral-7B-Instruct-v0.3-4bit,a4b8f870474b0eb527f466a03fbc187830d271f5,interpretation_booking-invalid-3,interpretation_booking-invalid-3--record_first,interpretation_booking,record_first,invalid,INELIGIBLE,commit_then_review,strict,ELIGIBLE,75,11,0,0,0,1,0,1,1,0,1,0,0,1,0,0,0
Mistral-7B,mlx-community/Mistral-7B-Instruct-v0.3-4bit,a4b8f870474b0eb527f466a03fbc187830d271f5,interpretation_booking-incomplete-1,interpretation_booking-incomplete-1--policy_first,interpretation_booking,policy_first,incomplete,NEED_INFORMATION,independent_review,strict,NEED_INFORMATION,79,10,0,1,1,1,1,1,1,0,0,1,0,,,,
Mistral-7B,mlx-community/Mistral-7B-Instruct-v0.3-4bit,a4b8f870474b0eb527f466a03fbc187830d271f5,interpretation_booking-incomplete-1,interpretation_booking-incomplete-1--policy_first,interpretation_booking,policy_first,incomplete,NEED_INFORMATION,prior_rationale,strict,NEED_INFORMATION,109,14,0,1,1,1,1,1,1,0,0,1,0,,,,
Mistral-7B,mlx-community/Mistral-7B-Instruct-v0.3-4bit,a4b8f870474b0eb527f466a03fbc187830d271f5,interpretation_booking-incomplete-1,interpretation_booking-incomplete-1--policy_first,interpretation_booking,policy_first,incomplete,NEED_INFORMATION,evidence_checklist,strict,NEED_INFORMATION,87,11,0,1,1,1,1,1,1,0,0,1,0,,,,
Mistral-7B,mlx-community/Mistral-7B-Instruct-v0.3-4bit,a4b8f870474b0eb527f466a03fbc187830d271f5,interpretation_booking-incomplete-1,interpretation_booking-incomplete-1--policy_first,interpretation_booking,policy_first,incomplete,NEED_INFORMATION,commit_then_review,strict,ELIGIBLE,179,25,0,0,0,1,0,1,1,0,0,0,0,1,0,1,1
Mistral-7B,mlx-community/Mistral-7B-Instruct-v0.3-4bit,a4b8f870474b0eb527f466a03fbc187830d271f5,interpretation_booking-incomplete-1,interpretation_booking-incomplete-1--record_first,interpretation_booking,record_first,incomplete,NEED_INFORMATION,independent_review,strict,NEED_INFORMATION,132,17,0,1,1,1,1,1,1,0,0,1,0,,,,
Mistral-7B,mlx-community/Mistral-7B-Instruct-v0.3-4bit,a4b8f870474b0eb527f466a03fbc187830d271f5,interpretation_booking-incomplete-1,interpretation_booking-incomplete-1--record_first,interpretation_booking,record_first,incomplete,NEED_INFORMATION,prior_rationale,strict,ELIGIBLE,136,20,0,0,0,1,0,1,1,0,0,0,0,,,,
Mistral-7B,mlx-community/Mistral-7B-Instruct-v0.3-4bit,a4b8f870474b0eb527f466a03fbc187830d271f5,interpretation_booking-incomplete-1,interpretation_booking-incomplete-1--record_first,interpretation_booking,record_first,incomplete,NEED_INFORMATION,evidence_checklist,strict,ELIGIBLE,76,11,0,0,0,1,0,1,1,0,0,0,0,,,,
Mistral-7B,mlx-community/Mistral-7B-Instruct-v0.3-4bit,a4b8f870474b0eb527f466a03fbc187830d271f5,interpretation_booking-incomplete-1,interpretation_booking-incomplete-1--record_first,interpretation_booking,record_first,incomplete,NEED_INFORMATION,commit_then_review,strict,ELIGIBLE,78,11,0,0,0,1,0,1,1,0,0,0,0,1,0,1,1
Mistral-7B,mlx-community/Mistral-7B-Instruct-v0.3-4bit,a4b8f870474b0eb527f466a03fbc187830d271f5,interpretation_booking-incomplete-2,interpretation_booking-incomplete-2--policy_first,interpretation_booking,policy_first,incomplete,NEED_INFORMATION,independent_review,strict,NEED_INFORMATION,79,10,0,1,1,1,1,1,1,0,0,1,0,,,,
Mistral-7B,mlx-community/Mistral-7B-Instruct-v0.3-4bit,a4b8f870474b0eb527f466a03fbc187830d271f5,interpretation_booking-incomplete-2,interpretation_booking-incomplete-2--policy_first,interpretation_booking,policy_first,incomplete,NEED_INFORMATION,prior_rationale,strict,NEED_INFORMATION,109,14,0,1,1,1,1,1,1,0,0,1,0,,,,
Mistral-7B,mlx-community/Mistral-7B-Instruct-v0.3-4bit,a4b8f870474b0eb527f466a03fbc187830d271f5,interpretation_booking-incomplete-2,interpretation_booking-incomplete-2--policy_first,interpretation_booking,policy_first,incomplete,NEED_INFORMATION,evidence_checklist,strict,NEED_INFORMATION,87,11,0,1,1,1,1,1,1,0,0,1,0,,,,
Mistral-7B,mlx-community/Mistral-7B-Instruct-v0.3-4bit,a4b8f870474b0eb527f466a03fbc187830d271f5,interpretation_booking-incomplete-2,interpretation_booking-incomplete-2--policy_first,interpretation_booking,policy_first,incomplete,NEED_INFORMATION,commit_then_review,strict,ELIGIBLE,180,25,0,0,0,1,0,1,1,0,0,0,0,1,0,1,1
Mistral-7B,mlx-community/Mistral-7B-Instruct-v0.3-4bit,a4b8f870474b0eb527f466a03fbc187830d271f5,interpretation_booking-incomplete-2,interpretation_booking-incomplete-2--record_first,interpretation_booking,record_first,incomplete,NEED_INFORMATION,independent_review,strict,NEED_INFORMATION,132,17,0,1,1,1,1,1,1,0,0,1,0,,,,
Mistral-7B,mlx-community/Mistral-7B-Instruct-v0.3-4bit,a4b8f870474b0eb527f466a03fbc187830d271f5,interpretation_booking-incomplete-2,interpretation_booking-incomplete-2--record_first,interpretation_booking,record_first,incomplete,NEED_INFORMATION,prior_rationale,strict,ELIGIBLE,136,20,0,0,0,1,0,1,1,0,0,0,0,,,,
Mistral-7B,mlx-community/Mistral-7B-Instruct-v0.3-4bit,a4b8f870474b0eb527f466a03fbc187830d271f5,interpretation_booking-incomplete-2,interpretation_booking-incomplete-2--record_first,interpretation_booking,record_first,incomplete,NEED_INFORMATION,evidence_checklist,strict,ELIGIBLE,76,11,0,0,0,1,0,1,1,0,0,0,0,,,,
Mistral-7B,mlx-community/Mistral-7B-Instruct-v0.3-4bit,a4b8f870474b0eb527f466a03fbc187830d271f5,interpretation_booking-incomplete-2,interpretation_booking-incomplete-2--record_first,interpretation_booking,record_first,incomplete,NEED_INFORMATION,commit_then_review,strict,ELIGIBLE,78,11,0,0,0,1,0,1,1,0,0,0,0,1,0,1,1
Mistral-7B,mlx-community/Mistral-7B-Instruct-v0.3-4bit,a4b8f870474b0eb527f466a03fbc187830d271f5,interpretation_booking-incomplete-3,interpretation_booking-incomplete-3--policy_first,interpretation_booking,policy_first,incomplete,NEED_INFORMATION,independent_review,strict,NEED_INFORMATION,79,10,0,1,1,1,1,1,1,0,0,1,0,,,,
Mistral-7B,mlx-community/Mistral-7B-Instruct-v0.3-4bit,a4b8f870474b0eb527f466a03fbc187830d271f5,interpretation_booking-incomplete-3,interpretation_booking-incomplete-3--policy_first,interpretation_booking,policy_first,incomplete,NEED_INFORMATION,prior_rationale,strict,NEED_INFORMATION,109,14,0,1,1,1,1,1,1,0,0,1,0,,,,
Mistral-7B,mlx-community/Mistral-7B-Instruct-v0.3-4bit,a4b8f870474b0eb527f466a03fbc187830d271f5,interpretation_booking-incomplete-3,interpretation_booking-incomplete-3--policy_first,interpretation_booking,policy_first,incomplete,NEED_INFORMATION,evidence_checklist,strict,NEED_INFORMATION,87,11,0,1,1,1,1,1,1,0,0,1,0,,,,
Mistral-7B,mlx-community/Mistral-7B-Instruct-v0.3-4bit,a4b8f870474b0eb527f466a03fbc187830d271f5,interpretation_booking-incomplete-3,interpretation_booking-incomplete-3--policy_first,interpretation_booking,policy_first,incomplete,NEED_INFORMATION,commit_then_review,strict,ELIGIBLE,180,25,0,0,0,1,0,1,1,0,0,0,0,1,0,1,1
Mistral-7B,mlx-community/Mistral-7B-Instruct-v0.3-4bit,a4b8f870474b0eb527f466a03fbc187830d271f5,interpretation_booking-incomplete-3,interpretation_booking-incomplete-3--record_first,interpretation_booking,record_first,incomplete,NEED_INFORMATION,independent_review,strict,NEED_INFORMATION,153,19,0,1,1,1,1,1,1,0,0,1,0,,,,
Mistral-7B,mlx-community/Mistral-7B-Instruct-v0.3-4bit,a4b8f870474b0eb527f466a03fbc187830d271f5,interpretation_booking-incomplete-3,interpretation_booking-incomplete-3--record_first,interpretation_booking,record_first,incomplete,NEED_INFORMATION,prior_rationale,strict,ELIGIBLE,136,20,0,0,0,1,0,1,1,0,0,0,0,,,,
Mistral-7B,mlx-community/Mistral-7B-Instruct-v0.3-4bit,a4b8f870474b0eb527f466a03fbc187830d271f5,interpretation_booking-incomplete-3,interpretation_booking-incomplete-3--record_first,interpretation_booking,record_first,incomplete,NEED_INFORMATION,evidence_checklist,strict,ELIGIBLE,76,11,0,0,0,1,0,1,1,0,0,0,0,,,,
Mistral-7B,mlx-community/Mistral-7B-Instruct-v0.3-4bit,a4b8f870474b0eb527f466a03fbc187830d271f5,interpretation_booking-incomplete-3,interpretation_booking-incomplete-3--record_first,interpretation_booking,record_first,incomplete,NEED_INFORMATION,commit_then_review,strict,ELIGIBLE,78,11,0,0,0,1,0,1,1,0,0,0,0,1,0,1,1
Mistral-7B,mlx-community/Mistral-7B-Instruct-v0.3-4bit,a4b8f870474b0eb527f466a03fbc187830d271f5,interpretation_booking-conflict-1,interpretation_booking-conflict-1--policy_first,interpretation_booking,policy_first,conflict,HUMAN_REVIEW,independent_review,strict,NEED_INFORMATION,147,19,0,0,0,1,0,1,1,0,0,0,0,,,,
Mistral-7B,mlx-community/Mistral-7B-Instruct-v0.3-4bit,a4b8f870474b0eb527f466a03fbc187830d271f5,interpretation_booking-conflict-1,interpretation_booking-conflict-1--policy_first,interpretation_booking,policy_first,conflict,HUMAN_REVIEW,prior_rationale,strict,NEED_INFORMATION,101,13,0,0,0,1,0,1,1,0,0,0,0,,,,
Mistral-7B,mlx-community/Mistral-7B-Instruct-v0.3-4bit,a4b8f870474b0eb527f466a03fbc187830d271f5,interpretation_booking-conflict-1,interpretation_booking-conflict-1--policy_first,interpretation_booking,policy_first,conflict,HUMAN_REVIEW,evidence_checklist,strict,ELIGIBLE,77,11,0,0,0,0,0,1,1,0,0,0,0,,,,
Mistral-7B,mlx-community/Mistral-7B-Instruct-v0.3-4bit,a4b8f870474b0eb527f466a03fbc187830d271f5,interpretation_booking-conflict-1,interpretation_booking-conflict-1--policy_first,interpretation_booking,policy_first,conflict,HUMAN_REVIEW,commit_then_review,strict,HUMAN_REVIEW,209,30,0,1,1,1,1,1,1,0,0,0,1,1,1,0,0
Mistral-7B,mlx-community/Mistral-7B-Instruct-v0.3-4bit,a4b8f870474b0eb527f466a03fbc187830d271f5,interpretation_booking-conflict-1,interpretation_booking-conflict-1--record_first,interpretation_booking,record_first,conflict,HUMAN_REVIEW,independent_review,strict,ELIGIBLE,138,21,0,0,0,0,0,1,1,0,0,0,0,,,,
Mistral-7B,mlx-community/Mistral-7B-Instruct-v0.3-4bit,a4b8f870474b0eb527f466a03fbc187830d271f5,interpretation_booking-conflict-1,interpretation_booking-conflict-1--record_first,interpretation_booking,record_first,conflict,HUMAN_REVIEW,prior_rationale,strict,ELIGIBLE,77,11,0,0,0,0,0,1,1,0,0,0,0,,,,
Mistral-7B,mlx-community/Mistral-7B-Instruct-v0.3-4bit,a4b8f870474b0eb527f466a03fbc187830d271f5,interpretation_booking-conflict-1,interpretation_booking-conflict-1--record_first,interpretation_booking,record_first,conflict,HUMAN_REVIEW,evidence_checklist,strict,ELIGIBLE,77,11,0,0,0,0,0,1,1,0,0,0,0,,,,
Mistral-7B,mlx-community/Mistral-7B-Instruct-v0.3-4bit,a4b8f870474b0eb527f466a03fbc187830d271f5,interpretation_booking-conflict-1,interpretation_booking-conflict-1--record_first,interpretation_booking,record_first,conflict,HUMAN_REVIEW,commit_then_review,strict,ELIGIBLE,213,28,0,0,0,0,0,1,1,0,0,0,0,1,0,0,0
Mistral-7B,mlx-community/Mistral-7B-Instruct-v0.3-4bit,a4b8f870474b0eb527f466a03fbc187830d271f5,interpretation_booking-conflict-2,interpretation_booking-conflict-2--policy_first,interpretation_booking,policy_first,conflict,HUMAN_REVIEW,independent_review,strict,NEED_INFORMATION,147,19,0,0,0,1,0,1,1,0,0,0,0,,,,
Mistral-7B,mlx-community/Mistral-7B-Instruct-v0.3-4bit,a4b8f870474b0eb527f466a03fbc187830d271f5,interpretation_booking-conflict-2,interpretation_booking-conflict-2--policy_first,interpretation_booking,policy_first,conflict,HUMAN_REVIEW,prior_rationale,strict,NEED_INFORMATION,101,13,0,0,0,1,0,1,1,0,0,0,0,,,,
Mistral-7B,mlx-community/Mistral-7B-Instruct-v0.3-4bit,a4b8f870474b0eb527f466a03fbc187830d271f5,interpretation_booking-conflict-2,interpretation_booking-conflict-2--policy_first,interpretation_booking,policy_first,conflict,HUMAN_REVIEW,evidence_checklist,strict,ELIGIBLE,77,11,0,0,0,0,0,1,1,0,0,0,0,,,,
Mistral-7B,mlx-community/Mistral-7B-Instruct-v0.3-4bit,a4b8f870474b0eb527f466a03fbc187830d271f5,interpretation_booking-conflict-2,interpretation_booking-conflict-2--policy_first,interpretation_booking,policy_first,conflict,HUMAN_REVIEW,commit_then_review,strict,HUMAN_REVIEW,209,30,0,1,1,1,1,1,1,0,0,0,1,1,1,0,0
Mistral-7B,mlx-community/Mistral-7B-Instruct-v0.3-4bit,a4b8f870474b0eb527f466a03fbc187830d271f5,interpretation_booking-conflict-2,interpretation_booking-conflict-2--record_first,interpretation_booking,record_first,conflict,HUMAN_REVIEW,independent_review,strict,ELIGIBLE,138,21,0,0,0,0,0,1,1,0,0,0,0,,,,
Mistral-7B,mlx-community/Mistral-7B-Instruct-v0.3-4bit,a4b8f870474b0eb527f466a03fbc187830d271f5,interpretation_booking-conflict-2,interpretation_booking-conflict-2--record_first,interpretation_booking,record_first,conflict,HUMAN_REVIEW,prior_rationale,strict,ELIGIBLE,77,11,0,0,0,0,0,1,1,0,0,0,0,,,,
Mistral-7B,mlx-community/Mistral-7B-Instruct-v0.3-4bit,a4b8f870474b0eb527f466a03fbc187830d271f5,interpretation_booking-conflict-2,interpretation_booking-conflict-2--record_first,interpretation_booking,record_first,conflict,HUMAN_REVIEW,evidence_checklist,strict,ELIGIBLE,77,11,0,0,0,0,0,1,1,0,0,0,0,,,,
Mistral-7B,mlx-community/Mistral-7B-Instruct-v0.3-4bit,a4b8f870474b0eb527f466a03fbc187830d271f5,interpretation_booking-conflict-2,interpretation_booking-conflict-2--record_first,interpretation_booking,record_first,conflict,HUMAN_REVIEW,commit_then_review,strict,ELIGIBLE,213,28,0,0,0,0,0,1,1,0,0,0,0,1,0,0,0
Mistral-7B,mlx-community/Mistral-7B-Instruct-v0.3-4bit,a4b8f870474b0eb527f466a03fbc187830d271f5,interpretation_booking-conflict-3,interpretation_booking-conflict-3--policy_first,interpretation_booking,policy_first,conflict,HUMAN_REVIEW,independent_review,strict,NEED_INFORMATION,147,19,0,0,0,1,0,1,1,0,0,0,0,,,,
Mistral-7B,mlx-community/Mistral-7B-Instruct-v0.3-4bit,a4b8f870474b0eb527f466a03fbc187830d271f5,interpretation_booking-conflict-3,interpretation_booking-conflict-3--policy_first,interpretation_booking,policy_first,conflict,HUMAN_REVIEW,prior_rationale,strict,NEED_INFORMATION,101,13,0,0,0,1,0,1,1,0,0,0,0,,,,
Mistral-7B,mlx-community/Mistral-7B-Instruct-v0.3-4bit,a4b8f870474b0eb527f466a03fbc187830d271f5,interpretation_booking-conflict-3,interpretation_booking-conflict-3--policy_first,interpretation_booking,policy_first,conflict,HUMAN_REVIEW,evidence_checklist,strict,ELIGIBLE,77,11,0,0,0,0,0,1,1,0,0,0,0,,,,
Mistral-7B,mlx-community/Mistral-7B-Instruct-v0.3-4bit,a4b8f870474b0eb527f466a03fbc187830d271f5,interpretation_booking-conflict-3,interpretation_booking-conflict-3--policy_first,interpretation_booking,policy_first,conflict,HUMAN_REVIEW,commit_then_review,strict,HUMAN_REVIEW,209,30,0,1,1,1,1,1,1,0,0,0,1,1,1,0,0
Mistral-7B,mlx-community/Mistral-7B-Instruct-v0.3-4bit,a4b8f870474b0eb527f466a03fbc187830d271f5,interpretation_booking-conflict-3,interpretation_booking-conflict-3--record_first,interpretation_booking,record_first,conflict,HUMAN_REVIEW,independent_review,strict,ELIGIBLE,138,21,0,0,0,0,0,1,1,0,0,0,0,,,,
Mistral-7B,mlx-community/Mistral-7B-Instruct-v0.3-4bit,a4b8f870474b0eb527f466a03fbc187830d271f5,interpretation_booking-conflict-3,interpretation_booking-conflict-3--record_first,interpretation_booking,record_first,conflict,HUMAN_REVIEW,prior_rationale,strict,ELIGIBLE,77,11,0,0,0,0,0,1,1,0,0,0,0,,,,
Mistral-7B,mlx-community/Mistral-7B-Instruct-v0.3-4bit,a4b8f870474b0eb527f466a03fbc187830d271f5,interpretation_booking-conflict-3,interpretation_booking-conflict-3--record_first,interpretation_booking,record_first,conflict,HUMAN_REVIEW,evidence_checklist,strict,ELIGIBLE,77,11,0,0,0,0,0,1,1,0,0,0,0,,,,
Mistral-7B,mlx-community/Mistral-7B-Instruct-v0.3-4bit,a4b8f870474b0eb527f466a03fbc187830d271f5,interpretation_booking-conflict-3,interpretation_booking-conflict-3--record_first,interpretation_booking,record_first,conflict,HUMAN_REVIEW,commit_then_review,strict,ELIGIBLE,213,28,0,0,0,0,0,1,1,0,0,0,0,1,0,0,0
Mistral-7B,mlx-community/Mistral-7B-Instruct-v0.3-4bit,a4b8f870474b0eb527f466a03fbc187830d271f5,remote_checkin-valid-1,remote_checkin-valid-1--policy_first,remote_checkin,policy_first,valid,ELIGIBLE,independent_review,strict,ELIGIBLE,188,27,0,1,1,1,1,1,1,0,0,0,0,,,,
Mistral-7B,mlx-community/Mistral-7B-Instruct-v0.3-4bit,a4b8f870474b0eb527f466a03fbc187830d271f5,remote_checkin-valid-1,remote_checkin-valid-1--policy_first,remote_checkin,policy_first,valid,ELIGIBLE,prior_rationale,strict,ELIGIBLE,154,23,0,1,1,1,1,1,1,0,0,0,0,,,,
Mistral-7B,mlx-community/Mistral-7B-Instruct-v0.3-4bit,a4b8f870474b0eb527f466a03fbc187830d271f5,remote_checkin-valid-1,remote_checkin-valid-1--policy_first,remote_checkin,policy_first,valid,ELIGIBLE,evidence_checklist,strict,ELIGIBLE,154,23,0,1,1,1,1,1,1,0,0,0,0,,,,
Mistral-7B,mlx-community/Mistral-7B-Instruct-v0.3-4bit,a4b8f870474b0eb527f466a03fbc187830d271f5,remote_checkin-valid-1,remote_checkin-valid-1--policy_first,remote_checkin,policy_first,valid,ELIGIBLE,commit_then_review,strict,ELIGIBLE,186,27,0,1,1,1,1,1,1,0,0,0,0,0,0,0,1
Mistral-7B,mlx-community/Mistral-7B-Instruct-v0.3-4bit,a4b8f870474b0eb527f466a03fbc187830d271f5,remote_checkin-valid-1,remote_checkin-valid-1--record_first,remote_checkin,record_first,valid,ELIGIBLE,independent_review,strict,ELIGIBLE,188,26,0,1,1,1,1,1,1,0,0,0,0,,,,
Mistral-7B,mlx-community/Mistral-7B-Instruct-v0.3-4bit,a4b8f870474b0eb527f466a03fbc187830d271f5,remote_checkin-valid-1,remote_checkin-valid-1--record_first,remote_checkin,record_first,valid,ELIGIBLE,prior_rationale,strict,ELIGIBLE,204,29,0,1,1,1,1,1,1,0,0,0,0,,,,
Mistral-7B,mlx-community/Mistral-7B-Instruct-v0.3-4bit,a4b8f870474b0eb527f466a03fbc187830d271f5,remote_checkin-valid-1,remote_checkin-valid-1--record_first,remote_checkin,record_first,valid,ELIGIBLE,evidence_checklist,strict,ELIGIBLE,204,28,0,1,1,1,1,1,1,0,0,0,0,,,,
Mistral-7B,mlx-community/Mistral-7B-Instruct-v0.3-4bit,a4b8f870474b0eb527f466a03fbc187830d271f5,remote_checkin-valid-1,remote_checkin-valid-1--record_first,remote_checkin,record_first,valid,ELIGIBLE,commit_then_review,strict,ELIGIBLE,203,28,0,1,1,1,1,1,1,0,0,0,0,1,1,0,0
Mistral-7B,mlx-community/Mistral-7B-Instruct-v0.3-4bit,a4b8f870474b0eb527f466a03fbc187830d271f5,remote_checkin-valid-2,remote_checkin-valid-2--policy_first,remote_checkin,policy_first,valid,ELIGIBLE,independent_review,strict,ELIGIBLE,188,27,0,1,1,1,1,1,1,0,0,0,0,,,,
Mistral-7B,mlx-community/Mistral-7B-Instruct-v0.3-4bit,a4b8f870474b0eb527f466a03fbc187830d271f5,remote_checkin-valid-2,remote_checkin-valid-2--policy_first,remote_checkin,policy_first,valid,ELIGIBLE,prior_rationale,strict,ELIGIBLE,154,23,0,1,1,1,1,1,1,0,0,0,0,,,,
Mistral-7B,mlx-community/Mistral-7B-Instruct-v0.3-4bit,a4b8f870474b0eb527f466a03fbc187830d271f5,remote_checkin-valid-2,remote_checkin-valid-2--policy_first,remote_checkin,policy_first,valid,ELIGIBLE,evidence_checklist,strict,ELIGIBLE,154,23,0,1,1,1,1,1,1,0,0,0,0,,,,
Mistral-7B,mlx-community/Mistral-7B-Instruct-v0.3-4bit,a4b8f870474b0eb527f466a03fbc187830d271f5,remote_checkin-valid-2,remote_checkin-valid-2--policy_first,remote_checkin,policy_first,valid,ELIGIBLE,commit_then_review,strict,ELIGIBLE,203,28,0,1,1,1,1,1,1,0,0,0,0,0,0,0,1
Mistral-7B,mlx-community/Mistral-7B-Instruct-v0.3-4bit,a4b8f870474b0eb527f466a03fbc187830d271f5,remote_checkin-valid-2,remote_checkin-valid-2--record_first,remote_checkin,record_first,valid,ELIGIBLE,independent_review,strict,ELIGIBLE,224,31,0,1,1,1,1,1,1,0,0,0,0,,,,
Mistral-7B,mlx-community/Mistral-7B-Instruct-v0.3-4bit,a4b8f870474b0eb527f466a03fbc187830d271f5,remote_checkin-valid-2,remote_checkin-valid-2--record_first,remote_checkin,record_first,valid,ELIGIBLE,prior_rationale,strict,ELIGIBLE,204,29,0,1,1,1,1,1,1,0,0,0,0,,,,
Mistral-7B,mlx-community/Mistral-7B-Instruct-v0.3-4bit,a4b8f870474b0eb527f466a03fbc187830d271f5,remote_checkin-valid-2,remote_checkin-valid-2--record_first,remote_checkin,record_first,valid,ELIGIBLE,evidence_checklist,strict,ELIGIBLE,204,29,0,1,1,1,1,1,1,0,0,0,0,,,,
Mistral-7B,mlx-community/Mistral-7B-Instruct-v0.3-4bit,a4b8f870474b0eb527f466a03fbc187830d271f5,remote_checkin-valid-2,remote_checkin-valid-2--record_first,remote_checkin,record_first,valid,ELIGIBLE,commit_then_review,strict,ELIGIBLE,203,28,0,1,1,1,1,1,1,0,0,0,0,1,1,0,0
Mistral-7B,mlx-community/Mistral-7B-Instruct-v0.3-4bit,a4b8f870474b0eb527f466a03fbc187830d271f5,remote_checkin-valid-3,remote_checkin-valid-3--policy_first,remote_checkin,policy_first,valid,ELIGIBLE,independent_review,strict,ELIGIBLE,186,27,0,1,1,1,1,1,1,0,0,0,0,,,,
Mistral-7B,mlx-community/Mistral-7B-Instruct-v0.3-4bit,a4b8f870474b0eb527f466a03fbc187830d271f5,remote_checkin-valid-3,remote_checkin-valid-3--policy_first,remote_checkin,policy_first,valid,ELIGIBLE,prior_rationale,strict,ELIGIBLE,154,23,0,1,1,1,1,1,1,0,0,0,0,,,,
Mistral-7B,mlx-community/Mistral-7B-Instruct-v0.3-4bit,a4b8f870474b0eb527f466a03fbc187830d271f5,remote_checkin-valid-3,remote_checkin-valid-3--policy_first,remote_checkin,policy_first,valid,ELIGIBLE,evidence_checklist,strict,ELIGIBLE,154,23,0,1,1,1,1,1,1,0,0,0,0,,,,
Mistral-7B,mlx-community/Mistral-7B-Instruct-v0.3-4bit,a4b8f870474b0eb527f466a03fbc187830d271f5,remote_checkin-valid-3,remote_checkin-valid-3--policy_first,remote_checkin,policy_first,valid,ELIGIBLE,commit_then_review,strict,ELIGIBLE,186,27,0,1,1,1,1,1,1,0,0,0,0,0,0,0,1
Mistral-7B,mlx-community/Mistral-7B-Instruct-v0.3-4bit,a4b8f870474b0eb527f466a03fbc187830d271f5,remote_checkin-valid-3,remote_checkin-valid-3--record_first,remote_checkin,record_first,valid,ELIGIBLE,independent_review,strict,ELIGIBLE,188,26,0,1,1,1,1,1,1,0,0,0,0,,,,
Mistral-7B,mlx-community/Mistral-7B-Instruct-v0.3-4bit,a4b8f870474b0eb527f466a03fbc187830d271f5,remote_checkin-valid-3,remote_checkin-valid-3--record_first,remote_checkin,record_first,valid,ELIGIBLE,prior_rationale,strict,ELIGIBLE,204,29,0,1,1,1,1,1,1,0,0,0,0,,,,
Mistral-7B,mlx-community/Mistral-7B-Instruct-v0.3-4bit,a4b8f870474b0eb527f466a03fbc187830d271f5,remote_checkin-valid-3,remote_checkin-valid-3--record_first,remote_checkin,record_first,valid,ELIGIBLE,evidence_checklist,strict,ELIGIBLE,204,28,0,1,1,1,1,1,1,0,0,0,0,,,,
Mistral-7B,mlx-community/Mistral-7B-Instruct-v0.3-4bit,a4b8f870474b0eb527f466a03fbc187830d271f5,remote_checkin-valid-3,remote_checkin-valid-3--record_first,remote_checkin,record_first,valid,ELIGIBLE,commit_then_review,strict,ELIGIBLE,203,28,0,1,1,1,1,1,1,0,0,0,0,1,1,0,0
Mistral-7B,mlx-community/Mistral-7B-Instruct-v0.3-4bit,a4b8f870474b0eb527f466a03fbc187830d271f5,remote_checkin-invalid-1,remote_checkin-invalid-1--policy_first,remote_checkin,policy_first,invalid,INELIGIBLE,independent_review,strict,NEED_INFORMATION,67,9,0,0,0,1,0,1,1,0,0,0,0,,,,
Mistral-7B,mlx-community/Mistral-7B-Instruct-v0.3-4bit,a4b8f870474b0eb527f466a03fbc187830d271f5,remote_checkin-invalid-1,remote_checkin-invalid-1--policy_first,remote_checkin,policy_first,invalid,INELIGIBLE,prior_rationale,strict,NEED_INFORMATION,92,12,0,0,0,1,0,1,1,0,0,0,0,,,,
Mistral-7B,mlx-community/Mistral-7B-Instruct-v0.3-4bit,a4b8f870474b0eb527f466a03fbc187830d271f5,remote_checkin-invalid-1,remote_checkin-invalid-1--policy_first,remote_checkin,policy_first,invalid,INELIGIBLE,evidence_checklist,strict,NEED_INFORMATION,67,9,0,0,0,1,0,1,1,0,0,0,0,,,,
Mistral-7B,mlx-community/Mistral-7B-Instruct-v0.3-4bit,a4b8f870474b0eb527f466a03fbc187830d271f5,remote_checkin-invalid-1,remote_checkin-invalid-1--policy_first,remote_checkin,policy_first,invalid,INELIGIBLE,commit_then_review,strict,ELIGIBLE,200,30,0,0,0,1,0,1,1,0,1,0,0,1,0,0,0
Mistral-7B,mlx-community/Mistral-7B-Instruct-v0.3-4bit,a4b8f870474b0eb527f466a03fbc187830d271f5,remote_checkin-invalid-1,remote_checkin-invalid-1--record_first,remote_checkin,record_first,invalid,INELIGIBLE,independent_review,strict,NEED_INFORMATION,67,9,0,0,0,0,0,1,1,0,0,0,0,,,,
Mistral-7B,mlx-community/Mistral-7B-Instruct-v0.3-4bit,a4b8f870474b0eb527f466a03fbc187830d271f5,remote_checkin-invalid-1,remote_checkin-invalid-1--record_first,remote_checkin,record_first,invalid,INELIGIBLE,prior_rationale,strict,ELIGIBLE,245,36,0,0,0,1,0,1,1,0,1,0,0,,,,
Mistral-7B,mlx-community/Mistral-7B-Instruct-v0.3-4bit,a4b8f870474b0eb527f466a03fbc187830d271f5,remote_checkin-invalid-1,remote_checkin-invalid-1--record_first,remote_checkin,record_first,invalid,INELIGIBLE,evidence_checklist,strict,ELIGIBLE,224,32,0,0,0,1,0,1,1,0,1,0,0,,,,
Mistral-7B,mlx-community/Mistral-7B-Instruct-v0.3-4bit,a4b8f870474b0eb527f466a03fbc187830d271f5,remote_checkin-invalid-1,remote_checkin-invalid-1--record_first,remote_checkin,record_first,invalid,INELIGIBLE,commit_then_review,strict,ELIGIBLE,220,32,0,0,0,1,0,1,1,0,1,0,0,1,0,0,0
Mistral-7B,mlx-community/Mistral-7B-Instruct-v0.3-4bit,a4b8f870474b0eb527f466a03fbc187830d271f5,remote_checkin-invalid-2,remote_checkin-invalid-2--policy_first,remote_checkin,policy_first,invalid,INELIGIBLE,independent_review,strict,NEED_INFORMATION,159,24,0,0,0,0,0,1,1,0,0,0,0,,,,
Mistral-7B,mlx-community/Mistral-7B-Instruct-v0.3-4bit,a4b8f870474b0eb527f466a03fbc187830d271f5,remote_checkin-invalid-2,remote_checkin-invalid-2--policy_first,remote_checkin,policy_first,invalid,INELIGIBLE,prior_rationale,strict,NEED_INFORMATION,92,12,0,0,0,1,0,1,1,0,0,0,0,,,,
Mistral-7B,mlx-community/Mistral-7B-Instruct-v0.3-4bit,a4b8f870474b0eb527f466a03fbc187830d271f5,remote_checkin-invalid-2,remote_checkin-invalid-2--policy_first,remote_checkin,policy_first,invalid,INELIGIBLE,evidence_checklist,strict,INELIGIBLE,164,27,0,1,0,0,0,1,1,0,0,0,0,,,,
Mistral-7B,mlx-community/Mistral-7B-Instruct-v0.3-4bit,a4b8f870474b0eb527f466a03fbc187830d271f5,remote_checkin-invalid-2,remote_checkin-invalid-2--policy_first,remote_checkin,policy_first,invalid,INELIGIBLE,commit_then_review,strict,ELIGIBLE,215,31,0,0,0,1,0,1,1,0,1,0,0,1,0,0,0
Mistral-7B,mlx-community/Mistral-7B-Instruct-v0.3-4bit,a4b8f870474b0eb527f466a03fbc187830d271f5,remote_checkin-invalid-2,remote_checkin-invalid-2--record_first,remote_checkin,record_first,invalid,INELIGIBLE,independent_review,strict,NEED_INFORMATION,346,52,0,0,0,0,0,1,1,0,0,0,0,,,,
Mistral-7B,mlx-community/Mistral-7B-Instruct-v0.3-4bit,a4b8f870474b0eb527f466a03fbc187830d271f5,remote_checkin-invalid-2,remote_checkin-invalid-2--record_first,remote_checkin,record_first,invalid,INELIGIBLE,prior_rationale,strict,ELIGIBLE,210,31,0,0,0,1,0,1,1,0,1,0,0,,,,
Mistral-7B,mlx-community/Mistral-7B-Instruct-v0.3-4bit,a4b8f870474b0eb527f466a03fbc187830d271f5,remote_checkin-invalid-2,remote_checkin-invalid-2--record_first,remote_checkin,record_first,invalid,INELIGIBLE,evidence_checklist,strict,ELIGIBLE,206,29,0,0,0,1,0,1,1,0,1,0,0,,,,
Mistral-7B,mlx-community/Mistral-7B-Instruct-v0.3-4bit,a4b8f870474b0eb527f466a03fbc187830d271f5,remote_checkin-invalid-2,remote_checkin-invalid-2--record_first,remote_checkin,record_first,invalid,INELIGIBLE,commit_then_review,strict,ELIGIBLE,250,38,0,0,0,1,0,1,1,0,1,0,0,1,0,0,0
Mistral-7B,mlx-community/Mistral-7B-Instruct-v0.3-4bit,a4b8f870474b0eb527f466a03fbc187830d271f5,remote_checkin-invalid-3,remote_checkin-invalid-3--policy_first,remote_checkin,policy_first,invalid,INELIGIBLE,independent_review,strict,NEED_INFORMATION,67,9,0,0,0,1,0,1,1,0,0,0,0,,,,
Mistral-7B,mlx-community/Mistral-7B-Instruct-v0.3-4bit,a4b8f870474b0eb527f466a03fbc187830d271f5,remote_checkin-invalid-3,remote_checkin-invalid-3--policy_first,remote_checkin,policy_first,invalid,INELIGIBLE,prior_rationale,strict,NEED_INFORMATION,67,9,0,0,0,1,0,1,1,0,0,0,0,,,,
Mistral-7B,mlx-community/Mistral-7B-Instruct-v0.3-4bit,a4b8f870474b0eb527f466a03fbc187830d271f5,remote_checkin-invalid-3,remote_checkin-invalid-3--policy_first,remote_checkin,policy_first,invalid,INELIGIBLE,evidence_checklist,strict,NEED_INFORMATION,67,9,0,0,0,1,0,1,1,0,0,0,0,,,,
Mistral-7B,mlx-community/Mistral-7B-Instruct-v0.3-4bit,a4b8f870474b0eb527f466a03fbc187830d271f5,remote_checkin-invalid-3,remote_checkin-invalid-3--policy_first,remote_checkin,policy_first,invalid,INELIGIBLE,commit_then_review,strict,ELIGIBLE,187,26,0,0,0,1,0,1,1,0,1,0,0,1,0,0,0
Mistral-7B,mlx-community/Mistral-7B-Instruct-v0.3-4bit,a4b8f870474b0eb527f466a03fbc187830d271f5,remote_checkin-invalid-3,remote_checkin-invalid-3--record_first,remote_checkin,record_first,invalid,INELIGIBLE,independent_review,strict,NEED_INFORMATION,67,9,0,0,0,0,0,1,1,0,0,0,0,,,,
Mistral-7B,mlx-community/Mistral-7B-Instruct-v0.3-4bit,a4b8f870474b0eb527f466a03fbc187830d271f5,remote_checkin-invalid-3,remote_checkin-invalid-3--record_first,remote_checkin,record_first,invalid,INELIGIBLE,prior_rationale,strict,ELIGIBLE,204,30,0,0,0,1,0,1,1,0,1,0,0,,,,
Mistral-7B,mlx-community/Mistral-7B-Instruct-v0.3-4bit,a4b8f870474b0eb527f466a03fbc187830d271f5,remote_checkin-invalid-3,remote_checkin-invalid-3--record_first,remote_checkin,record_first,invalid,INELIGIBLE,evidence_checklist,strict,ELIGIBLE,200,28,0,0,0,1,0,1,1,0,1,0,0,,,,
Mistral-7B,mlx-community/Mistral-7B-Instruct-v0.3-4bit,a4b8f870474b0eb527f466a03fbc187830d271f5,remote_checkin-invalid-3,remote_checkin-invalid-3--record_first,remote_checkin,record_first,invalid,INELIGIBLE,commit_then_review,strict,ELIGIBLE,204,30,0,0,0,1,0,1,1,0,1,0,0,1,0,0,0
Mistral-7B,mlx-community/Mistral-7B-Instruct-v0.3-4bit,a4b8f870474b0eb527f466a03fbc187830d271f5,remote_checkin-incomplete-1,remote_checkin-incomplete-1--policy_first,remote_checkin,policy_first,incomplete,NEED_INFORMATION,independent_review,strict,NEED_INFORMATION,116,15,0,1,1,1,1,1,1,0,0,1,0,,,,
Mistral-7B,mlx-community/Mistral-7B-Instruct-v0.3-4bit,a4b8f870474b0eb527f466a03fbc187830d271f5,remote_checkin-incomplete-1,remote_checkin-incomplete-1--policy_first,remote_checkin,policy_first,incomplete,NEED_INFORMATION,prior_rationale,strict,NEED_INFORMATION,116,15,0,1,1,1,1,1,1,0,0,1,0,,,,
Mistral-7B,mlx-community/Mistral-7B-Instruct-v0.3-4bit,a4b8f870474b0eb527f466a03fbc187830d271f5,remote_checkin-incomplete-1,remote_checkin-incomplete-1--policy_first,remote_checkin,policy_first,incomplete,NEED_INFORMATION,evidence_checklist,strict,NEED_INFORMATION,91,12,0,1,1,1,1,1,1,0,0,1,0,,,,
Mistral-7B,mlx-community/Mistral-7B-Instruct-v0.3-4bit,a4b8f870474b0eb527f466a03fbc187830d271f5,remote_checkin-incomplete-1,remote_checkin-incomplete-1--policy_first,remote_checkin,policy_first,incomplete,NEED_INFORMATION,commit_then_review,strict,ELIGIBLE,294,42,0,0,0,1,0,1,1,0,0,0,0,1,0,1,1
Mistral-7B,mlx-community/Mistral-7B-Instruct-v0.3-4bit,a4b8f870474b0eb527f466a03fbc187830d271f5,remote_checkin-incomplete-1,remote_checkin-incomplete-1--record_first,remote_checkin,record_first,incomplete,NEED_INFORMATION,independent_review,strict,NEED_INFORMATION,250,35,0,1,1,1,1,1,1,0,0,1,0,,,,
Mistral-7B,mlx-community/Mistral-7B-Instruct-v0.3-4bit,a4b8f870474b0eb527f466a03fbc187830d271f5,remote_checkin-incomplete-1,remote_checkin-incomplete-1--record_first,remote_checkin,record_first,incomplete,NEED_INFORMATION,prior_rationale,strict,ELIGIBLE,234,36,0,0,0,1,0,1,1,0,0,0,0,,,,
Mistral-7B,mlx-community/Mistral-7B-Instruct-v0.3-4bit,a4b8f870474b0eb527f466a03fbc187830d271f5,remote_checkin-incomplete-1,remote_checkin-incomplete-1--record_first,remote_checkin,record_first,incomplete,NEED_INFORMATION,evidence_checklist,strict,ELIGIBLE,226,34,0,0,0,1,0,1,1,0,0,0,0,,,,
Mistral-7B,mlx-community/Mistral-7B-Instruct-v0.3-4bit,a4b8f870474b0eb527f466a03fbc187830d271f5,remote_checkin-incomplete-1,remote_checkin-incomplete-1--record_first,remote_checkin,record_first,incomplete,NEED_INFORMATION,commit_then_review,strict,ELIGIBLE,227,33,0,0,0,1,0,1,1,0,0,0,0,1,0,1,1
Mistral-7B,mlx-community/Mistral-7B-Instruct-v0.3-4bit,a4b8f870474b0eb527f466a03fbc187830d271f5,remote_checkin-incomplete-2,remote_checkin-incomplete-2--policy_first,remote_checkin,policy_first,incomplete,NEED_INFORMATION,independent_review,strict,NEED_INFORMATION,116,15,0,1,1,1,1,1,1,0,0,1,0,,,,
Mistral-7B,mlx-community/Mistral-7B-Instruct-v0.3-4bit,a4b8f870474b0eb527f466a03fbc187830d271f5,remote_checkin-incomplete-2,remote_checkin-incomplete-2--policy_first,remote_checkin,policy_first,incomplete,NEED_INFORMATION,prior_rationale,strict,NEED_INFORMATION,116,15,0,1,1,1,1,1,1,0,0,1,0,,,,
Mistral-7B,mlx-community/Mistral-7B-Instruct-v0.3-4bit,a4b8f870474b0eb527f466a03fbc187830d271f5,remote_checkin-incomplete-2,remote_checkin-incomplete-2--policy_first,remote_checkin,policy_first,incomplete,NEED_INFORMATION,evidence_checklist,strict,NEED_INFORMATION,91,12,0,1,1,1,1,1,1,0,0,1,0,,,,
Mistral-7B,mlx-community/Mistral-7B-Instruct-v0.3-4bit,a4b8f870474b0eb527f466a03fbc187830d271f5,remote_checkin-incomplete-2,remote_checkin-incomplete-2--policy_first,remote_checkin,policy_first,incomplete,NEED_INFORMATION,commit_then_review,strict,ELIGIBLE,312,45,0,0,0,1,0,1,1,0,0,0,0,1,0,1,1
Mistral-7B,mlx-community/Mistral-7B-Instruct-v0.3-4bit,a4b8f870474b0eb527f466a03fbc187830d271f5,remote_checkin-incomplete-2,remote_checkin-incomplete-2--record_first,remote_checkin,record_first,incomplete,NEED_INFORMATION,independent_review,strict,NEED_INFORMATION,250,35,0,1,1,1,1,1,1,0,0,1,0,,,,
Mistral-7B,mlx-community/Mistral-7B-Instruct-v0.3-4bit,a4b8f870474b0eb527f466a03fbc187830d271f5,remote_checkin-incomplete-2,remote_checkin-incomplete-2--record_first,remote_checkin,record_first,incomplete,NEED_INFORMATION,prior_rationale,strict,ELIGIBLE,234,36,0,0,0,1,0,1,1,0,0,0,0,,,,
Mistral-7B,mlx-community/Mistral-7B-Instruct-v0.3-4bit,a4b8f870474b0eb527f466a03fbc187830d271f5,remote_checkin-incomplete-2,remote_checkin-incomplete-2--record_first,remote_checkin,record_first,incomplete,NEED_INFORMATION,evidence_checklist,strict,ELIGIBLE,271,38,0,0,0,1,0,1,1,0,0,0,0,,,,
Mistral-7B,mlx-community/Mistral-7B-Instruct-v0.3-4bit,a4b8f870474b0eb527f466a03fbc187830d271f5,remote_checkin-incomplete-2,remote_checkin-incomplete-2--record_first,remote_checkin,record_first,incomplete,NEED_INFORMATION,commit_then_review,strict,ELIGIBLE,178,24,0,0,0,1,0,1,1,0,0,0,0,1,0,1,1
Mistral-7B,mlx-community/Mistral-7B-Instruct-v0.3-4bit,a4b8f870474b0eb527f466a03fbc187830d271f5,remote_checkin-incomplete-3,remote_checkin-incomplete-3--policy_first,remote_checkin,policy_first,incomplete,NEED_INFORMATION,independent_review,strict,NEED_INFORMATION,116,15,0,1,1,1,1,1,1,0,0,1,0,,,,
Mistral-7B,mlx-community/Mistral-7B-Instruct-v0.3-4bit,a4b8f870474b0eb527f466a03fbc187830d271f5,remote_checkin-incomplete-3,remote_checkin-incomplete-3--policy_first,remote_checkin,policy_first,incomplete,NEED_INFORMATION,prior_rationale,strict,NEED_INFORMATION,116,15,0,1,1,1,1,1,1,0,0,1,0,,,,
Mistral-7B,mlx-community/Mistral-7B-Instruct-v0.3-4bit,a4b8f870474b0eb527f466a03fbc187830d271f5,remote_checkin-incomplete-3,remote_checkin-incomplete-3--policy_first,remote_checkin,policy_first,incomplete,NEED_INFORMATION,evidence_checklist,strict,NEED_INFORMATION,91,12,0,1,1,1,1,1,1,0,0,1,0,,,,
Mistral-7B,mlx-community/Mistral-7B-Instruct-v0.3-4bit,a4b8f870474b0eb527f466a03fbc187830d271f5,remote_checkin-incomplete-3,remote_checkin-incomplete-3--policy_first,remote_checkin,policy_first,incomplete,NEED_INFORMATION,commit_then_review,strict,ELIGIBLE,312,45,0,0,0,1,0,1,1,0,0,0,0,1,0,1,1
Mistral-7B,mlx-community/Mistral-7B-Instruct-v0.3-4bit,a4b8f870474b0eb527f466a03fbc187830d271f5,remote_checkin-incomplete-3,remote_checkin-incomplete-3--record_first,remote_checkin,record_first,incomplete,NEED_INFORMATION,independent_review,strict,NEED_INFORMATION,250,35,0,1,1,1,1,1,1,0,0,1,0,,,,
Mistral-7B,mlx-community/Mistral-7B-Instruct-v0.3-4bit,a4b8f870474b0eb527f466a03fbc187830d271f5,remote_checkin-incomplete-3,remote_checkin-incomplete-3--record_first,remote_checkin,record_first,incomplete,NEED_INFORMATION,prior_rationale,strict,ELIGIBLE,234,36,0,0,0,1,0,1,1,0,0,0,0,,,,
Mistral-7B,mlx-community/Mistral-7B-Instruct-v0.3-4bit,a4b8f870474b0eb527f466a03fbc187830d271f5,remote_checkin-incomplete-3,remote_checkin-incomplete-3--record_first,remote_checkin,record_first,incomplete,NEED_INFORMATION,evidence_checklist,strict,ELIGIBLE,273,38,0,0,0,1,0,1,1,0,0,0,0,,,,
Mistral-7B,mlx-community/Mistral-7B-Instruct-v0.3-4bit,a4b8f870474b0eb527f466a03fbc187830d271f5,remote_checkin-incomplete-3,remote_checkin-incomplete-3--record_first,remote_checkin,record_first,incomplete,NEED_INFORMATION,commit_then_review,strict,ELIGIBLE,236,36,0,0,0,1,0,1,1,0,0,0,0,1,0,1,1
Mistral-7B,mlx-community/Mistral-7B-Instruct-v0.3-4bit,a4b8f870474b0eb527f466a03fbc187830d271f5,remote_checkin-conflict-1,remote_checkin-conflict-1--policy_first,remote_checkin,policy_first,conflict,HUMAN_REVIEW,independent_review,strict,ELIGIBLE,185,27,0,0,0,0,0,1,1,0,0,0,0,,,,
Mistral-7B,mlx-community/Mistral-7B-Instruct-v0.3-4bit,a4b8f870474b0eb527f466a03fbc187830d271f5,remote_checkin-conflict-1,remote_checkin-conflict-1--policy_first,remote_checkin,policy_first,conflict,HUMAN_REVIEW,prior_rationale,strict,ELIGIBLE,189,28,0,0,0,0,0,1,1,0,0,0,0,,,,
Mistral-7B,mlx-community/Mistral-7B-Instruct-v0.3-4bit,a4b8f870474b0eb527f466a03fbc187830d271f5,remote_checkin-conflict-1,remote_checkin-conflict-1--policy_first,remote_checkin,policy_first,conflict,HUMAN_REVIEW,evidence_checklist,strict,ELIGIBLE,155,23,0,0,0,0,0,1,1,0,0,0,0,,,,
Mistral-7B,mlx-community/Mistral-7B-Instruct-v0.3-4bit,a4b8f870474b0eb527f466a03fbc187830d271f5,remote_checkin-conflict-1,remote_checkin-conflict-1--policy_first,remote_checkin,policy_first,conflict,HUMAN_REVIEW,commit_then_review,strict,HUMAN_REVIEW,169,25,0,1,1,1,1,1,1,0,0,0,1,1,1,0,0
Mistral-7B,mlx-community/Mistral-7B-Instruct-v0.3-4bit,a4b8f870474b0eb527f466a03fbc187830d271f5,remote_checkin-conflict-1,remote_checkin-conflict-1--record_first,remote_checkin,record_first,conflict,HUMAN_REVIEW,independent_review,strict,ELIGIBLE,214,30,0,0,0,0,0,1,1,0,0,0,0,,,,
Mistral-7B,mlx-community/Mistral-7B-Instruct-v0.3-4bit,a4b8f870474b0eb527f466a03fbc187830d271f5,remote_checkin-conflict-1,remote_checkin-conflict-1--record_first,remote_checkin,record_first,conflict,HUMAN_REVIEW,prior_rationale,strict,ELIGIBLE,215,30,0,0,0,0,0,1,1,0,0,0,0,,,,
Mistral-7B,mlx-community/Mistral-7B-Instruct-v0.3-4bit,a4b8f870474b0eb527f466a03fbc187830d271f5,remote_checkin-conflict-1,remote_checkin-conflict-1--record_first,remote_checkin,record_first,conflict,HUMAN_REVIEW,evidence_checklist,strict,ELIGIBLE,203,28,0,0,0,0,0,1,1,0,0,0,0,,,,
Mistral-7B,mlx-community/Mistral-7B-Instruct-v0.3-4bit,a4b8f870474b0eb527f466a03fbc187830d271f5,remote_checkin-conflict-1,remote_checkin-conflict-1--record_first,remote_checkin,record_first,conflict,HUMAN_REVIEW,commit_then_review,strict,ELIGIBLE,202,27,0,0,0,0,0,1,1,0,0,0,0,1,0,0,0
Mistral-7B,mlx-community/Mistral-7B-Instruct-v0.3-4bit,a4b8f870474b0eb527f466a03fbc187830d271f5,remote_checkin-conflict-2,remote_checkin-conflict-2--policy_first,remote_checkin,policy_first,conflict,HUMAN_REVIEW,independent_review,strict,ELIGIBLE,185,27,0,0,0,0,0,1,1,0,0,0,0,,,,
Mistral-7B,mlx-community/Mistral-7B-Instruct-v0.3-4bit,a4b8f870474b0eb527f466a03fbc187830d271f5,remote_checkin-conflict-2,remote_checkin-conflict-2--policy_first,remote_checkin,policy_first,conflict,HUMAN_REVIEW,prior_rationale,strict,ELIGIBLE,189,28,0,0,0,0,0,1,1,0,0,0,0,,,,
Mistral-7B,mlx-community/Mistral-7B-Instruct-v0.3-4bit,a4b8f870474b0eb527f466a03fbc187830d271f5,remote_checkin-conflict-2,remote_checkin-conflict-2--policy_first,remote_checkin,policy_first,conflict,HUMAN_REVIEW,evidence_checklist,strict,ELIGIBLE,155,23,0,0,0,0,0,1,1,0,0,0,0,,,,
Mistral-7B,mlx-community/Mistral-7B-Instruct-v0.3-4bit,a4b8f870474b0eb527f466a03fbc187830d271f5,remote_checkin-conflict-2,remote_checkin-conflict-2--policy_first,remote_checkin,policy_first,conflict,HUMAN_REVIEW,commit_then_review,strict,HUMAN_REVIEW,169,25,0,1,1,1,1,1,1,0,0,0,1,1,1,0,0
Mistral-7B,mlx-community/Mistral-7B-Instruct-v0.3-4bit,a4b8f870474b0eb527f466a03fbc187830d271f5,remote_checkin-conflict-2,remote_checkin-conflict-2--record_first,remote_checkin,record_first,conflict,HUMAN_REVIEW,independent_review,strict,ELIGIBLE,214,30,0,0,0,0,0,1,1,0,0,0,0,,,,
Mistral-7B,mlx-community/Mistral-7B-Instruct-v0.3-4bit,a4b8f870474b0eb527f466a03fbc187830d271f5,remote_checkin-conflict-2,remote_checkin-conflict-2--record_first,remote_checkin,record_first,conflict,HUMAN_REVIEW,prior_rationale,strict,ELIGIBLE,215,30,0,0,0,0,0,1,1,0,0,0,0,,,,
Mistral-7B,mlx-community/Mistral-7B-Instruct-v0.3-4bit,a4b8f870474b0eb527f466a03fbc187830d271f5,remote_checkin-conflict-2,remote_checkin-conflict-2--record_first,remote_checkin,record_first,conflict,HUMAN_REVIEW,evidence_checklist,strict,ELIGIBLE,176,25,0,0,0,0,0,1,1,0,0,0,0,,,,
Mistral-7B,mlx-community/Mistral-7B-Instruct-v0.3-4bit,a4b8f870474b0eb527f466a03fbc187830d271f5,remote_checkin-conflict-2,remote_checkin-conflict-2--record_first,remote_checkin,record_first,conflict,HUMAN_REVIEW,commit_then_review,strict,ELIGIBLE,202,27,0,0,0,0,0,1,1,0,0,0,0,1,0,0,0
Mistral-7B,mlx-community/Mistral-7B-Instruct-v0.3-4bit,a4b8f870474b0eb527f466a03fbc187830d271f5,remote_checkin-conflict-3,remote_checkin-conflict-3--policy_first,remote_checkin,policy_first,conflict,HUMAN_REVIEW,independent_review,strict,ELIGIBLE,185,27,0,0,0,0,0,1,1,0,0,0,0,,,,
Mistral-7B,mlx-community/Mistral-7B-Instruct-v0.3-4bit,a4b8f870474b0eb527f466a03fbc187830d271f5,remote_checkin-conflict-3,remote_checkin-conflict-3--policy_first,remote_checkin,policy_first,conflict,HUMAN_REVIEW,prior_rationale,strict,ELIGIBLE,170,26,0,0,0,0,0,1,1,0,0,0,0,,,,
Mistral-7B,mlx-community/Mistral-7B-Instruct-v0.3-4bit,a4b8f870474b0eb527f466a03fbc187830d271f5,remote_checkin-conflict-3,remote_checkin-conflict-3--policy_first,remote_checkin,policy_first,conflict,HUMAN_REVIEW,evidence_checklist,strict,ELIGIBLE,155,23,0,0,0,0,0,1,1,0,0,0,0,,,,
Mistral-7B,mlx-community/Mistral-7B-Instruct-v0.3-4bit,a4b8f870474b0eb527f466a03fbc187830d271f5,remote_checkin-conflict-3,remote_checkin-conflict-3--policy_first,remote_checkin,policy_first,conflict,HUMAN_REVIEW,commit_then_review,strict,HUMAN_REVIEW,169,25,0,1,1,1,1,1,1,0,0,0,1,1,1,0,0
Mistral-7B,mlx-community/Mistral-7B-Instruct-v0.3-4bit,a4b8f870474b0eb527f466a03fbc187830d271f5,remote_checkin-conflict-3,remote_checkin-conflict-3--record_first,remote_checkin,record_first,conflict,HUMAN_REVIEW,independent_review,strict,ELIGIBLE,214,30,0,0,0,0,0,1,1,0,0,0,0,,,,
Mistral-7B,mlx-community/Mistral-7B-Instruct-v0.3-4bit,a4b8f870474b0eb527f466a03fbc187830d271f5,remote_checkin-conflict-3,remote_checkin-conflict-3--record_first,remote_checkin,record_first,conflict,HUMAN_REVIEW,prior_rationale,strict,ELIGIBLE,215,30,0,0,0,0,0,1,1,0,0,0,0,,,,
Mistral-7B,mlx-community/Mistral-7B-Instruct-v0.3-4bit,a4b8f870474b0eb527f466a03fbc187830d271f5,remote_checkin-conflict-3,remote_checkin-conflict-3--record_first,remote_checkin,record_first,conflict,HUMAN_REVIEW,evidence_checklist,strict,ELIGIBLE,176,25,0,0,0,0,0,1,1,0,0,0,0,,,,
Mistral-7B,mlx-community/Mistral-7B-Instruct-v0.3-4bit,a4b8f870474b0eb527f466a03fbc187830d271f5,remote_checkin-conflict-3,remote_checkin-conflict-3--record_first,remote_checkin,record_first,conflict,HUMAN_REVIEW,commit_then_review,strict,ELIGIBLE,178,24,0,0,0,0,0,1,1,0,0,0,0,1,0,0,0
Mistral-7B,mlx-community/Mistral-7B-Instruct-v0.3-4bit,a4b8f870474b0eb527f466a03fbc187830d271f5,legal_information-valid-1,legal_information-valid-1--policy_first,legal_information,policy_first,valid,ELIGIBLE,independent_review,strict,ELIGIBLE,142,18,0,1,1,1,1,1,1,0,0,0,0,,,,
Mistral-7B,mlx-community/Mistral-7B-Instruct-v0.3-4bit,a4b8f870474b0eb527f466a03fbc187830d271f5,legal_information-valid-1,legal_information-valid-1--policy_first,legal_information,policy_first,valid,ELIGIBLE,prior_rationale,strict,ELIGIBLE,178,26,0,1,1,1,1,1,1,0,0,0,0,,,,
Mistral-7B,mlx-community/Mistral-7B-Instruct-v0.3-4bit,a4b8f870474b0eb527f466a03fbc187830d271f5,legal_information-valid-1,legal_information-valid-1--policy_first,legal_information,policy_first,valid,ELIGIBLE,evidence_checklist,strict,ELIGIBLE,138,20,0,1,1,1,1,1,1,0,0,0,0,,,,
Mistral-7B,mlx-community/Mistral-7B-Instruct-v0.3-4bit,a4b8f870474b0eb527f466a03fbc187830d271f5,legal_information-valid-1,legal_information-valid-1--policy_first,legal_information,policy_first,valid,ELIGIBLE,commit_then_review,strict,ELIGIBLE,223,30,0,1,1,1,1,1,1,0,0,0,0,1,1,0,0
Mistral-7B,mlx-community/Mistral-7B-Instruct-v0.3-4bit,a4b8f870474b0eb527f466a03fbc187830d271f5,legal_information-valid-1,legal_information-valid-1--record_first,legal_information,record_first,valid,ELIGIBLE,independent_review,strict,NEED_INFORMATION,149,22,0,0,0,0,0,1,1,1,0,0,0,,,,
Mistral-7B,mlx-community/Mistral-7B-Instruct-v0.3-4bit,a4b8f870474b0eb527f466a03fbc187830d271f5,legal_information-valid-1,legal_information-valid-1--record_first,legal_information,record_first,valid,ELIGIBLE,prior_rationale,strict,ELIGIBLE,149,23,0,1,1,1,1,1,1,0,0,0,0,,,,
Mistral-7B,mlx-community/Mistral-7B-Instruct-v0.3-4bit,a4b8f870474b0eb527f466a03fbc187830d271f5,legal_information-valid-1,legal_information-valid-1--record_first,legal_information,record_first,valid,ELIGIBLE,evidence_checklist,strict,ELIGIBLE,138,20,0,1,1,1,1,1,1,0,0,0,0,,,,
Mistral-7B,mlx-community/Mistral-7B-Instruct-v0.3-4bit,a4b8f870474b0eb527f466a03fbc187830d271f5,legal_information-valid-1,legal_information-valid-1--record_first,legal_information,record_first,valid,ELIGIBLE,commit_then_review,strict,ELIGIBLE,144,20,0,1,1,1,1,1,1,0,0,0,0,1,1,0,0
Mistral-7B,mlx-community/Mistral-7B-Instruct-v0.3-4bit,a4b8f870474b0eb527f466a03fbc187830d271f5,legal_information-valid-2,legal_information-valid-2--policy_first,legal_information,policy_first,valid,ELIGIBLE,independent_review,strict,ELIGIBLE,142,18,0,1,1,1,1,1,1,0,0,0,0,,,,
Mistral-7B,mlx-community/Mistral-7B-Instruct-v0.3-4bit,a4b8f870474b0eb527f466a03fbc187830d271f5,legal_information-valid-2,legal_information-valid-2--policy_first,legal_information,policy_first,valid,ELIGIBLE,prior_rationale,strict,ELIGIBLE,178,26,0,1,1,1,1,1,1,0,0,0,0,,,,
Mistral-7B,mlx-community/Mistral-7B-Instruct-v0.3-4bit,a4b8f870474b0eb527f466a03fbc187830d271f5,legal_information-valid-2,legal_information-valid-2--policy_first,legal_information,policy_first,valid,ELIGIBLE,evidence_checklist,strict,ELIGIBLE,138,20,0,1,1,1,1,1,1,0,0,0,0,,,,
Mistral-7B,mlx-community/Mistral-7B-Instruct-v0.3-4bit,a4b8f870474b0eb527f466a03fbc187830d271f5,legal_information-valid-2,legal_information-valid-2--policy_first,legal_information,policy_first,valid,ELIGIBLE,commit_then_review,strict,ELIGIBLE,220,29,0,1,1,1,1,1,1,0,0,0,0,1,1,0,0
Mistral-7B,mlx-community/Mistral-7B-Instruct-v0.3-4bit,a4b8f870474b0eb527f466a03fbc187830d271f5,legal_information-valid-2,legal_information-valid-2--record_first,legal_information,record_first,valid,ELIGIBLE,independent_review,strict,NEED_INFORMATION,149,22,0,0,0,0,0,1,1,1,0,0,0,,,,
Mistral-7B,mlx-community/Mistral-7B-Instruct-v0.3-4bit,a4b8f870474b0eb527f466a03fbc187830d271f5,legal_information-valid-2,legal_information-valid-2--record_first,legal_information,record_first,valid,ELIGIBLE,prior_rationale,strict,ELIGIBLE,149,23,0,1,1,1,1,1,1,0,0,0,0,,,,
Mistral-7B,mlx-community/Mistral-7B-Instruct-v0.3-4bit,a4b8f870474b0eb527f466a03fbc187830d271f5,legal_information-valid-2,legal_information-valid-2--record_first,legal_information,record_first,valid,ELIGIBLE,evidence_checklist,strict,ELIGIBLE,195,28,0,1,1,1,1,1,1,0,0,0,0,,,,
Mistral-7B,mlx-community/Mistral-7B-Instruct-v0.3-4bit,a4b8f870474b0eb527f466a03fbc187830d271f5,legal_information-valid-2,legal_information-valid-2--record_first,legal_information,record_first,valid,ELIGIBLE,commit_then_review,strict,ELIGIBLE,144,20,0,1,1,1,1,1,1,0,0,0,0,1,1,0,0
Mistral-7B,mlx-community/Mistral-7B-Instruct-v0.3-4bit,a4b8f870474b0eb527f466a03fbc187830d271f5,legal_information-valid-3,legal_information-valid-3--policy_first,legal_information,policy_first,valid,ELIGIBLE,independent_review,strict,ELIGIBLE,142,18,0,1,1,1,1,1,1,0,0,0,0,,,,
Mistral-7B,mlx-community/Mistral-7B-Instruct-v0.3-4bit,a4b8f870474b0eb527f466a03fbc187830d271f5,legal_information-valid-3,legal_information-valid-3--policy_first,legal_information,policy_first,valid,ELIGIBLE,prior_rationale,strict,ELIGIBLE,178,26,0,1,1,1,1,1,1,0,0,0,0,,,,
Mistral-7B,mlx-community/Mistral-7B-Instruct-v0.3-4bit,a4b8f870474b0eb527f466a03fbc187830d271f5,legal_information-valid-3,legal_information-valid-3--policy_first,legal_information,policy_first,valid,ELIGIBLE,evidence_checklist,strict,ELIGIBLE,138,20,0,1,1,1,1,1,1,0,0,0,0,,,,
Mistral-7B,mlx-community/Mistral-7B-Instruct-v0.3-4bit,a4b8f870474b0eb527f466a03fbc187830d271f5,legal_information-valid-3,legal_information-valid-3--policy_first,legal_information,policy_first,valid,ELIGIBLE,commit_then_review,strict,ELIGIBLE,223,30,0,1,1,1,1,1,1,0,0,0,0,1,1,0,0
Mistral-7B,mlx-community/Mistral-7B-Instruct-v0.3-4bit,a4b8f870474b0eb527f466a03fbc187830d271f5,legal_information-valid-3,legal_information-valid-3--record_first,legal_information,record_first,valid,ELIGIBLE,independent_review,strict,NEED_INFORMATION,149,22,0,0,0,0,0,1,1,1,0,0,0,,,,
Mistral-7B,mlx-community/Mistral-7B-Instruct-v0.3-4bit,a4b8f870474b0eb527f466a03fbc187830d271f5,legal_information-valid-3,legal_information-valid-3--record_first,legal_information,record_first,valid,ELIGIBLE,prior_rationale,strict,ELIGIBLE,149,23,0,1,1,1,1,1,1,0,0,0,0,,,,
Mistral-7B,mlx-community/Mistral-7B-Instruct-v0.3-4bit,a4b8f870474b0eb527f466a03fbc187830d271f5,legal_information-valid-3,legal_information-valid-3--record_first,legal_information,record_first,valid,ELIGIBLE,evidence_checklist,strict,ELIGIBLE,195,28,0,1,1,1,1,1,1,0,0,0,0,,,,
Mistral-7B,mlx-community/Mistral-7B-Instruct-v0.3-4bit,a4b8f870474b0eb527f466a03fbc187830d271f5,legal_information-valid-3,legal_information-valid-3--record_first,legal_information,record_first,valid,ELIGIBLE,commit_then_review,strict,ELIGIBLE,144,20,0,1,1,1,1,1,1,0,0,0,0,1,1,0,0
Mistral-7B,mlx-community/Mistral-7B-Instruct-v0.3-4bit,a4b8f870474b0eb527f466a03fbc187830d271f5,legal_information-invalid-1,legal_information-invalid-1--policy_first,legal_information,policy_first,invalid,INELIGIBLE,independent_review,strict,NEED_INFORMATION,129,15,0,0,0,1,0,1,1,0,0,0,0,,,,
Mistral-7B,mlx-community/Mistral-7B-Instruct-v0.3-4bit,a4b8f870474b0eb527f466a03fbc187830d271f5,legal_information-invalid-1,legal_information-invalid-1--policy_first,legal_information,policy_first,invalid,INELIGIBLE,prior_rationale,strict,NEED_INFORMATION,129,15,0,0,0,1,0,1,1,0,0,0,0,,,,
Mistral-7B,mlx-community/Mistral-7B-Instruct-v0.3-4bit,a4b8f870474b0eb527f466a03fbc187830d271f5,legal_information-invalid-1,legal_information-invalid-1--policy_first,legal_information,policy_first,invalid,INELIGIBLE,evidence_checklist,strict,NEED_INFORMATION,97,12,0,0,0,1,0,1,1,0,0,0,0,,,,
Mistral-7B,mlx-community/Mistral-7B-Instruct-v0.3-4bit,a4b8f870474b0eb527f466a03fbc187830d271f5,legal_information-invalid-1,legal_information-invalid-1--policy_first,legal_information,policy_first,invalid,INELIGIBLE,commit_then_review,strict,ELIGIBLE,214,30,0,0,0,1,0,1,1,0,1,0,0,1,0,0,0
Mistral-7B,mlx-community/Mistral-7B-Instruct-v0.3-4bit,a4b8f870474b0eb527f466a03fbc187830d271f5,legal_information-invalid-1,legal_information-invalid-1--record_first,legal_information,record_first,invalid,INELIGIBLE,independent_review,strict,NEED_INFORMATION,109,16,0,0,0,1,0,1,1,0,0,0,0,,,,
Mistral-7B,mlx-community/Mistral-7B-Instruct-v0.3-4bit,a4b8f870474b0eb527f466a03fbc187830d271f5,legal_information-invalid-1,legal_information-invalid-1--record_first,legal_information,record_first,invalid,INELIGIBLE,prior_rationale,strict,ELIGIBLE,220,36,0,0,0,1,0,1,1,0,1,0,0,,,,
Mistral-7B,mlx-community/Mistral-7B-Instruct-v0.3-4bit,a4b8f870474b0eb527f466a03fbc187830d271f5,legal_information-invalid-1,legal_information-invalid-1--record_first,legal_information,record_first,invalid,INELIGIBLE,evidence_checklist,strict,ELIGIBLE,173,28,0,0,0,1,0,1,1,0,1,0,0,,,,
Mistral-7B,mlx-community/Mistral-7B-Instruct-v0.3-4bit,a4b8f870474b0eb527f466a03fbc187830d271f5,legal_information-invalid-1,legal_information-invalid-1--record_first,legal_information,record_first,invalid,INELIGIBLE,commit_then_review,strict,ELIGIBLE,555,84,0,0,0,1,0,1,1,0,1,0,0,1,0,0,0
Mistral-7B,mlx-community/Mistral-7B-Instruct-v0.3-4bit,a4b8f870474b0eb527f466a03fbc187830d271f5,legal_information-invalid-2,legal_information-invalid-2--policy_first,legal_information,policy_first,invalid,INELIGIBLE,independent_review,strict,NEED_INFORMATION,129,15,0,0,0,1,0,1,1,0,0,0,0,,,,
Mistral-7B,mlx-community/Mistral-7B-Instruct-v0.3-4bit,a4b8f870474b0eb527f466a03fbc187830d271f5,legal_information-invalid-2,legal_information-invalid-2--policy_first,legal_information,policy_first,invalid,INELIGIBLE,prior_rationale,strict,NEED_INFORMATION,129,15,0,0,0,1,0,1,1,0,0,0,0,,,,
Mistral-7B,mlx-community/Mistral-7B-Instruct-v0.3-4bit,a4b8f870474b0eb527f466a03fbc187830d271f5,legal_information-invalid-2,legal_information-invalid-2--policy_first,legal_information,policy_first,invalid,INELIGIBLE,evidence_checklist,strict,NEED_INFORMATION,97,12,0,0,0,1,0,1,1,0,0,0,0,,,,
Mistral-7B,mlx-community/Mistral-7B-Instruct-v0.3-4bit,a4b8f870474b0eb527f466a03fbc187830d271f5,legal_information-invalid-2,legal_information-invalid-2--policy_first,legal_information,policy_first,invalid,INELIGIBLE,commit_then_review,strict,ELIGIBLE,399,61,0,0,0,1,0,1,1,0,1,0,0,1,0,0,0
Mistral-7B,mlx-community/Mistral-7B-Instruct-v0.3-4bit,a4b8f870474b0eb527f466a03fbc187830d271f5,legal_information-invalid-2,legal_information-invalid-2--record_first,legal_information,record_first,invalid,INELIGIBLE,independent_review,strict,NEED_INFORMATION,298,46,0,0,0,1,0,1,1,0,0,0,0,,,,
Mistral-7B,mlx-community/Mistral-7B-Instruct-v0.3-4bit,a4b8f870474b0eb527f466a03fbc187830d271f5,legal_information-invalid-2,legal_information-invalid-2--record_first,legal_information,record_first,invalid,INELIGIBLE,prior_rationale,strict,ELIGIBLE,229,35,0,0,0,1,0,1,1,0,1,0,0,,,,
Mistral-7B,mlx-community/Mistral-7B-Instruct-v0.3-4bit,a4b8f870474b0eb527f466a03fbc187830d271f5,legal_information-invalid-2,legal_information-invalid-2--record_first,legal_information,record_first,invalid,INELIGIBLE,evidence_checklist,strict,ELIGIBLE,174,26,0,0,0,1,0,1,1,0,1,0,0,,,,
Mistral-7B,mlx-community/Mistral-7B-Instruct-v0.3-4bit,a4b8f870474b0eb527f466a03fbc187830d271f5,legal_information-invalid-2,legal_information-invalid-2--record_first,legal_information,record_first,invalid,INELIGIBLE,commit_then_review,strict,ELIGIBLE,170,25,0,0,0,1,0,1,1,0,1,0,0,1,0,0,0
Mistral-7B,mlx-community/Mistral-7B-Instruct-v0.3-4bit,a4b8f870474b0eb527f466a03fbc187830d271f5,legal_information-invalid-3,legal_information-invalid-3--policy_first,legal_information,policy_first,invalid,INELIGIBLE,independent_review,strict,NEED_INFORMATION,118,14,0,0,0,1,0,1,1,0,0,0,0,,,,
Mistral-7B,mlx-community/Mistral-7B-Instruct-v0.3-4bit,a4b8f870474b0eb527f466a03fbc187830d271f5,legal_information-invalid-3,legal_information-invalid-3--policy_first,legal_information,policy_first,invalid,INELIGIBLE,prior_rationale,strict,NEED_INFORMATION,118,14,0,0,0,1,0,1,1,0,0,0,0,,,,
Mistral-7B,mlx-community/Mistral-7B-Instruct-v0.3-4bit,a4b8f870474b0eb527f466a03fbc187830d271f5,legal_information-invalid-3,legal_information-invalid-3--policy_first,legal_information,policy_first,invalid,INELIGIBLE,evidence_checklist,strict,ELIGIBLE,159,25,0,0,0,1,0,1,1,0,1,0,0,,,,
Mistral-7B,mlx-community/Mistral-7B-Instruct-v0.3-4bit,a4b8f870474b0eb527f466a03fbc187830d271f5,legal_information-invalid-3,legal_information-invalid-3--policy_first,legal_information,policy_first,invalid,INELIGIBLE,commit_then_review,strict,ELIGIBLE,204,27,0,0,0,1,0,1,1,0,1,0,0,1,0,0,0
Mistral-7B,mlx-community/Mistral-7B-Instruct-v0.3-4bit,a4b8f870474b0eb527f466a03fbc187830d271f5,legal_information-invalid-3,legal_information-invalid-3--record_first,legal_information,record_first,invalid,INELIGIBLE,independent_review,strict,NEED_INFORMATION,110,16,0,0,0,1,0,1,1,0,0,0,0,,,,
Mistral-7B,mlx-community/Mistral-7B-Instruct-v0.3-4bit,a4b8f870474b0eb527f466a03fbc187830d271f5,legal_information-invalid-3,legal_information-invalid-3--record_first,legal_information,record_first,invalid,INELIGIBLE,prior_rationale,strict,ELIGIBLE,228,37,0,0,0,1,0,1,1,0,1,0,0,,,,
Mistral-7B,mlx-community/Mistral-7B-Instruct-v0.3-4bit,a4b8f870474b0eb527f466a03fbc187830d271f5,legal_information-invalid-3,legal_information-invalid-3--record_first,legal_information,record_first,invalid,INELIGIBLE,evidence_checklist,strict,ELIGIBLE,169,25,0,0,0,1,0,1,1,0,1,0,0,,,,
Mistral-7B,mlx-community/Mistral-7B-Instruct-v0.3-4bit,a4b8f870474b0eb527f466a03fbc187830d271f5,legal_information-invalid-3,legal_information-invalid-3--record_first,legal_information,record_first,invalid,INELIGIBLE,commit_then_review,strict,ELIGIBLE,174,26,0,0,0,1,0,1,1,0,1,0,0,1,0,0,0
Mistral-7B,mlx-community/Mistral-7B-Instruct-v0.3-4bit,a4b8f870474b0eb527f466a03fbc187830d271f5,legal_information-incomplete-1,legal_information-incomplete-1--policy_first,legal_information,policy_first,incomplete,NEED_INFORMATION,independent_review,strict,NEED_INFORMATION,80,10,0,1,1,1,1,1,1,0,0,1,0,,,,
Mistral-7B,mlx-community/Mistral-7B-Instruct-v0.3-4bit,a4b8f870474b0eb527f466a03fbc187830d271f5,legal_information-incomplete-1,legal_information-incomplete-1--policy_first,legal_information,policy_first,incomplete,NEED_INFORMATION,prior_rationale,strict,NEED_INFORMATION,112,15,0,1,1,1,1,1,1,0,0,1,0,,,,
Mistral-7B,mlx-community/Mistral-7B-Instruct-v0.3-4bit,a4b8f870474b0eb527f466a03fbc187830d271f5,legal_information-incomplete-1,legal_information-incomplete-1--policy_first,legal_information,policy_first,incomplete,NEED_INFORMATION,evidence_checklist,strict,NEED_INFORMATION,108,13,0,1,1,1,1,1,1,0,0,1,0,,,,
Mistral-7B,mlx-community/Mistral-7B-Instruct-v0.3-4bit,a4b8f870474b0eb527f466a03fbc187830d271f5,legal_information-incomplete-1,legal_information-incomplete-1--policy_first,legal_information,policy_first,incomplete,NEED_INFORMATION,commit_then_review,strict,ELIGIBLE,185,24,0,0,1,1,0,1,1,0,0,0,0,1,0,1,1
Mistral-7B,mlx-community/Mistral-7B-Instruct-v0.3-4bit,a4b8f870474b0eb527f466a03fbc187830d271f5,legal_information-incomplete-1,legal_information-incomplete-1--record_first,legal_information,record_first,incomplete,NEED_INFORMATION,independent_review,strict,NEED_INFORMATION,221,31,0,1,1,1,1,1,1,0,0,1,0,,,,
Mistral-7B,mlx-community/Mistral-7B-Instruct-v0.3-4bit,a4b8f870474b0eb527f466a03fbc187830d271f5,legal_information-incomplete-1,legal_information-incomplete-1--record_first,legal_information,record_first,incomplete,NEED_INFORMATION,prior_rationale,strict,ELIGIBLE,149,23,0,0,0,1,0,1,1,0,0,0,0,,,,
Mistral-7B,mlx-community/Mistral-7B-Instruct-v0.3-4bit,a4b8f870474b0eb527f466a03fbc187830d271f5,legal_information-incomplete-1,legal_information-incomplete-1--record_first,legal_information,record_first,incomplete,NEED_INFORMATION,evidence_checklist,strict,ELIGIBLE,133,19,0,0,0,1,0,1,1,0,0,0,0,,,,
Mistral-7B,mlx-community/Mistral-7B-Instruct-v0.3-4bit,a4b8f870474b0eb527f466a03fbc187830d271f5,legal_information-incomplete-1,legal_information-incomplete-1--record_first,legal_information,record_first,incomplete,NEED_INFORMATION,commit_then_review,strict,ELIGIBLE,345,48,0,0,0,1,0,1,1,0,0,0,0,1,0,1,1
Mistral-7B,mlx-community/Mistral-7B-Instruct-v0.3-4bit,a4b8f870474b0eb527f466a03fbc187830d271f5,legal_information-incomplete-2,legal_information-incomplete-2--policy_first,legal_information,policy_first,incomplete,NEED_INFORMATION,independent_review,strict,NEED_INFORMATION,80,10,0,1,1,1,1,1,1,0,0,1,0,,,,
Mistral-7B,mlx-community/Mistral-7B-Instruct-v0.3-4bit,a4b8f870474b0eb527f466a03fbc187830d271f5,legal_information-incomplete-2,legal_information-incomplete-2--policy_first,legal_information,policy_first,incomplete,NEED_INFORMATION,prior_rationale,strict,NEED_INFORMATION,134,18,0,1,1,1,1,1,1,0,0,1,0,,,,
Mistral-7B,mlx-community/Mistral-7B-Instruct-v0.3-4bit,a4b8f870474b0eb527f466a03fbc187830d271f5,legal_information-incomplete-2,legal_information-incomplete-2--policy_first,legal_information,policy_first,incomplete,NEED_INFORMATION,evidence_checklist,strict,NEED_INFORMATION,98,13,0,1,1,1,1,1,1,0,0,1,0,,,,
Mistral-7B,mlx-community/Mistral-7B-Instruct-v0.3-4bit,a4b8f870474b0eb527f466a03fbc187830d271f5,legal_information-incomplete-2,legal_information-incomplete-2--policy_first,legal_information,policy_first,incomplete,NEED_INFORMATION,commit_then_review,strict,ELIGIBLE,185,24,0,0,1,1,0,1,1,0,0,0,0,1,0,1,1
Mistral-7B,mlx-community/Mistral-7B-Instruct-v0.3-4bit,a4b8f870474b0eb527f466a03fbc187830d271f5,legal_information-incomplete-2,legal_information-incomplete-2--record_first,legal_information,record_first,incomplete,NEED_INFORMATION,independent_review,strict,NEED_INFORMATION,221,31,0,1,1,1,1,1,1,0,0,1,0,,,,
Mistral-7B,mlx-community/Mistral-7B-Instruct-v0.3-4bit,a4b8f870474b0eb527f466a03fbc187830d271f5,legal_information-incomplete-2,legal_information-incomplete-2--record_first,legal_information,record_first,incomplete,NEED_INFORMATION,prior_rationale,strict,ELIGIBLE,147,23,0,0,0,1,0,1,1,0,0,0,0,,,,
Mistral-7B,mlx-community/Mistral-7B-Instruct-v0.3-4bit,a4b8f870474b0eb527f466a03fbc187830d271f5,legal_information-incomplete-2,legal_information-incomplete-2--record_first,legal_information,record_first,incomplete,NEED_INFORMATION,evidence_checklist,strict,ELIGIBLE,207,31,0,0,0,1,0,1,1,0,0,0,0,,,,
Mistral-7B,mlx-community/Mistral-7B-Instruct-v0.3-4bit,a4b8f870474b0eb527f466a03fbc187830d271f5,legal_information-incomplete-2,legal_information-incomplete-2--record_first,legal_information,record_first,incomplete,NEED_INFORMATION,commit_then_review,strict,ELIGIBLE,292,41,0,0,0,1,0,1,1,0,0,0,0,1,0,1,1
Mistral-7B,mlx-community/Mistral-7B-Instruct-v0.3-4bit,a4b8f870474b0eb527f466a03fbc187830d271f5,legal_information-incomplete-3,legal_information-incomplete-3--policy_first,legal_information,policy_first,incomplete,NEED_INFORMATION,independent_review,strict,NEED_INFORMATION,80,10,0,1,1,1,1,1,1,0,0,1,0,,,,
Mistral-7B,mlx-community/Mistral-7B-Instruct-v0.3-4bit,a4b8f870474b0eb527f466a03fbc187830d271f5,legal_information-incomplete-3,legal_information-incomplete-3--policy_first,legal_information,policy_first,incomplete,NEED_INFORMATION,prior_rationale,strict,NEED_INFORMATION,134,18,0,1,1,1,1,1,1,0,0,1,0,,,,
Mistral-7B,mlx-community/Mistral-7B-Instruct-v0.3-4bit,a4b8f870474b0eb527f466a03fbc187830d271f5,legal_information-incomplete-3,legal_information-incomplete-3--policy_first,legal_information,policy_first,incomplete,NEED_INFORMATION,evidence_checklist,strict,NEED_INFORMATION,98,13,0,1,1,1,1,1,1,0,0,1,0,,,,
Mistral-7B,mlx-community/Mistral-7B-Instruct-v0.3-4bit,a4b8f870474b0eb527f466a03fbc187830d271f5,legal_information-incomplete-3,legal_information-incomplete-3--policy_first,legal_information,policy_first,incomplete,NEED_INFORMATION,commit_then_review,strict,ELIGIBLE,185,24,0,0,1,1,0,1,1,0,0,0,0,1,0,1,1
Mistral-7B,mlx-community/Mistral-7B-Instruct-v0.3-4bit,a4b8f870474b0eb527f466a03fbc187830d271f5,legal_information-incomplete-3,legal_information-incomplete-3--record_first,legal_information,record_first,incomplete,NEED_INFORMATION,independent_review,strict,NEED_INFORMATION,80,10,0,1,1,1,1,1,1,0,0,1,0,,,,
Mistral-7B,mlx-community/Mistral-7B-Instruct-v0.3-4bit,a4b8f870474b0eb527f466a03fbc187830d271f5,legal_information-incomplete-3,legal_information-incomplete-3--record_first,legal_information,record_first,incomplete,NEED_INFORMATION,prior_rationale,strict,ELIGIBLE,149,23,0,0,0,1,0,1,1,0,0,0,0,,,,
Mistral-7B,mlx-community/Mistral-7B-Instruct-v0.3-4bit,a4b8f870474b0eb527f466a03fbc187830d271f5,legal_information-incomplete-3,legal_information-incomplete-3--record_first,legal_information,record_first,incomplete,NEED_INFORMATION,evidence_checklist,strict,ELIGIBLE,133,19,0,0,0,1,0,1,1,0,0,0,0,,,,
Mistral-7B,mlx-community/Mistral-7B-Instruct-v0.3-4bit,a4b8f870474b0eb527f466a03fbc187830d271f5,legal_information-incomplete-3,legal_information-incomplete-3--record_first,legal_information,record_first,incomplete,NEED_INFORMATION,commit_then_review,strict,ELIGIBLE,292,41,0,0,0,1,0,1,1,0,0,0,0,1,0,1,1
Mistral-7B,mlx-community/Mistral-7B-Instruct-v0.3-4bit,a4b8f870474b0eb527f466a03fbc187830d271f5,legal_information-conflict-1,legal_information-conflict-1--policy_first,legal_information,policy_first,conflict,HUMAN_REVIEW,independent_review,strict,NEED_INFORMATION,83,10,0,0,0,1,0,1,1,0,0,0,0,,,,
Mistral-7B,mlx-community/Mistral-7B-Instruct-v0.3-4bit,a4b8f870474b0eb527f466a03fbc187830d271f5,legal_information-conflict-1,legal_information-conflict-1--policy_first,legal_information,policy_first,conflict,HUMAN_REVIEW,prior_rationale,strict,NEED_INFORMATION,130,15,0,0,0,1,0,1,1,0,0,0,0,,,,
Mistral-7B,mlx-community/Mistral-7B-Instruct-v0.3-4bit,a4b8f870474b0eb527f466a03fbc187830d271f5,legal_information-conflict-1,legal_information-conflict-1--policy_first,legal_information,policy_first,conflict,HUMAN_REVIEW,evidence_checklist,strict,ELIGIBLE,138,20,0,0,0,0,0,1,1,0,0,0,0,,,,
Mistral-7B,mlx-community/Mistral-7B-Instruct-v0.3-4bit,a4b8f870474b0eb527f466a03fbc187830d271f5,legal_information-conflict-1,legal_information-conflict-1--policy_first,legal_information,policy_first,conflict,HUMAN_REVIEW,commit_then_review,strict,ELIGIBLE,118,15,0,0,0,0,0,1,1,0,0,0,0,1,0,0,0
Mistral-7B,mlx-community/Mistral-7B-Instruct-v0.3-4bit,a4b8f870474b0eb527f466a03fbc187830d271f5,legal_information-conflict-1,legal_information-conflict-1--record_first,legal_information,record_first,conflict,HUMAN_REVIEW,independent_review,strict,NEED_INFORMATION,114,15,1,0,0,0,0,0,0,0,0,0,0,,,,
Mistral-7B,mlx-community/Mistral-7B-Instruct-v0.3-4bit,a4b8f870474b0eb527f466a03fbc187830d271f5,legal_information-conflict-1,legal_information-conflict-1--record_first,legal_information,record_first,conflict,HUMAN_REVIEW,prior_rationale,strict,ELIGIBLE,173,26,0,0,0,0,0,1,1,0,0,0,0,,,,
Mistral-7B,mlx-community/Mistral-7B-Instruct-v0.3-4bit,a4b8f870474b0eb527f466a03fbc187830d271f5,legal_information-conflict-1,legal_information-conflict-1--record_first,legal_information,record_first,conflict,HUMAN_REVIEW,evidence_checklist,strict,ELIGIBLE,173,26,0,0,0,0,0,1,1,0,0,0,0,,,,
Mistral-7B,mlx-community/Mistral-7B-Instruct-v0.3-4bit,a4b8f870474b0eb527f466a03fbc187830d271f5,legal_information-conflict-1,legal_information-conflict-1--record_first,legal_information,record_first,conflict,HUMAN_REVIEW,commit_then_review,strict,ELIGIBLE,152,22,0,0,0,0,0,1,1,0,0,0,0,1,0,0,0
Mistral-7B,mlx-community/Mistral-7B-Instruct-v0.3-4bit,a4b8f870474b0eb527f466a03fbc187830d271f5,legal_information-conflict-2,legal_information-conflict-2--policy_first,legal_information,policy_first,conflict,HUMAN_REVIEW,independent_review,strict,NEED_INFORMATION,83,10,0,0,0,1,0,1,1,0,0,0,0,,,,
Mistral-7B,mlx-community/Mistral-7B-Instruct-v0.3-4bit,a4b8f870474b0eb527f466a03fbc187830d271f5,legal_information-conflict-2,legal_information-conflict-2--policy_first,legal_information,policy_first,conflict,HUMAN_REVIEW,prior_rationale,strict,NEED_INFORMATION,130,15,0,0,0,1,0,1,1,0,0,0,0,,,,
Mistral-7B,mlx-community/Mistral-7B-Instruct-v0.3-4bit,a4b8f870474b0eb527f466a03fbc187830d271f5,legal_information-conflict-2,legal_information-conflict-2--policy_first,legal_information,policy_first,conflict,HUMAN_REVIEW,evidence_checklist,strict,ELIGIBLE,146,19,0,0,0,0,0,1,1,0,0,0,0,,,,
Mistral-7B,mlx-community/Mistral-7B-Instruct-v0.3-4bit,a4b8f870474b0eb527f466a03fbc187830d271f5,legal_information-conflict-2,legal_information-conflict-2--policy_first,legal_information,policy_first,conflict,HUMAN_REVIEW,commit_then_review,strict,ELIGIBLE,118,15,0,0,0,0,0,1,1,0,0,0,0,1,0,0,0
Mistral-7B,mlx-community/Mistral-7B-Instruct-v0.3-4bit,a4b8f870474b0eb527f466a03fbc187830d271f5,legal_information-conflict-2,legal_information-conflict-2--record_first,legal_information,record_first,conflict,HUMAN_REVIEW,independent_review,strict,NEED_INFORMATION,114,15,1,0,0,0,0,0,0,0,0,0,0,,,,
Mistral-7B,mlx-community/Mistral-7B-Instruct-v0.3-4bit,a4b8f870474b0eb527f466a03fbc187830d271f5,legal_information-conflict-2,legal_information-conflict-2--record_first,legal_information,record_first,conflict,HUMAN_REVIEW,prior_rationale,strict,ELIGIBLE,173,26,0,0,0,0,0,1,1,0,0,0,0,,,,
Mistral-7B,mlx-community/Mistral-7B-Instruct-v0.3-4bit,a4b8f870474b0eb527f466a03fbc187830d271f5,legal_information-conflict-2,legal_information-conflict-2--record_first,legal_information,record_first,conflict,HUMAN_REVIEW,evidence_checklist,strict,ELIGIBLE,173,26,0,0,0,0,0,1,1,0,0,0,0,,,,
Mistral-7B,mlx-community/Mistral-7B-Instruct-v0.3-4bit,a4b8f870474b0eb527f466a03fbc187830d271f5,legal_information-conflict-2,legal_information-conflict-2--record_first,legal_information,record_first,conflict,HUMAN_REVIEW,commit_then_review,strict,ELIGIBLE,152,22,0,0,0,0,0,1,1,0,0,0,0,1,0,0,0
Mistral-7B,mlx-community/Mistral-7B-Instruct-v0.3-4bit,a4b8f870474b0eb527f466a03fbc187830d271f5,legal_information-conflict-3,legal_information-conflict-3--policy_first,legal_information,policy_first,conflict,HUMAN_REVIEW,independent_review,strict,NEED_INFORMATION,83,10,0,0,0,1,0,1,1,0,0,0,0,,,,
Mistral-7B,mlx-community/Mistral-7B-Instruct-v0.3-4bit,a4b8f870474b0eb527f466a03fbc187830d271f5,legal_information-conflict-3,legal_information-conflict-3--policy_first,legal_information,policy_first,conflict,HUMAN_REVIEW,prior_rationale,strict,NEED_INFORMATION,130,15,0,0,0,1,0,1,1,0,0,0,0,,,,
Mistral-7B,mlx-community/Mistral-7B-Instruct-v0.3-4bit,a4b8f870474b0eb527f466a03fbc187830d271f5,legal_information-conflict-3,legal_information-conflict-3--policy_first,legal_information,policy_first,conflict,HUMAN_REVIEW,evidence_checklist,strict,ELIGIBLE,146,19,0,0,0,0,0,1,1,0,0,0,0,,,,
Mistral-7B,mlx-community/Mistral-7B-Instruct-v0.3-4bit,a4b8f870474b0eb527f466a03fbc187830d271f5,legal_information-conflict-3,legal_information-conflict-3--policy_first,legal_information,policy_first,conflict,HUMAN_REVIEW,commit_then_review,strict,ELIGIBLE,146,18,0,0,0,0,0,1,1,0,0,0,0,1,0,0,0
Mistral-7B,mlx-community/Mistral-7B-Instruct-v0.3-4bit,a4b8f870474b0eb527f466a03fbc187830d271f5,legal_information-conflict-3,legal_information-conflict-3--record_first,legal_information,record_first,conflict,HUMAN_REVIEW,independent_review,strict,NEED_INFORMATION,114,15,1,0,0,0,0,0,0,0,0,0,0,,,,
Mistral-7B,mlx-community/Mistral-7B-Instruct-v0.3-4bit,a4b8f870474b0eb527f466a03fbc187830d271f5,legal_information-conflict-3,legal_information-conflict-3--record_first,legal_information,record_first,conflict,HUMAN_REVIEW,prior_rationale,strict,ELIGIBLE,173,26,0,0,0,0,0,1,1,0,0,0,0,,,,
Mistral-7B,mlx-community/Mistral-7B-Instruct-v0.3-4bit,a4b8f870474b0eb527f466a03fbc187830d271f5,legal_information-conflict-3,legal_information-conflict-3--record_first,legal_information,record_first,conflict,HUMAN_REVIEW,evidence_checklist,strict,ELIGIBLE,173,26,0,0,0,0,0,1,1,0,0,0,0,,,,
Mistral-7B,mlx-community/Mistral-7B-Instruct-v0.3-4bit,a4b8f870474b0eb527f466a03fbc187830d271f5,legal_information-conflict-3,legal_information-conflict-3--record_first,legal_information,record_first,conflict,HUMAN_REVIEW,commit_then_review,strict,ELIGIBLE,152,22,0,0,0,0,0,1,1,0,0,0,0,1,0,0,0
Mistral-7B,mlx-community/Mistral-7B-Instruct-v0.3-4bit,a4b8f870474b0eb527f466a03fbc187830d271f5,shelter_maintenance-valid-1,shelter_maintenance-valid-1--policy_first,shelter_maintenance,policy_first,valid,ELIGIBLE,independent_review,strict,ELIGIBLE,135,21,0,1,1,1,1,1,1,0,0,0,0,,,,
Mistral-7B,mlx-community/Mistral-7B-Instruct-v0.3-4bit,a4b8f870474b0eb527f466a03fbc187830d271f5,shelter_maintenance-valid-1,shelter_maintenance-valid-1--policy_first,shelter_maintenance,policy_first,valid,ELIGIBLE,prior_rationale,strict,ELIGIBLE,214,31,0,1,1,1,1,1,1,0,0,0,0,,,,
Mistral-7B,mlx-community/Mistral-7B-Instruct-v0.3-4bit,a4b8f870474b0eb527f466a03fbc187830d271f5,shelter_maintenance-valid-1,shelter_maintenance-valid-1--policy_first,shelter_maintenance,policy_first,valid,ELIGIBLE,evidence_checklist,strict,ELIGIBLE,140,20,0,1,1,1,1,1,1,0,0,0,0,,,,
Mistral-7B,mlx-community/Mistral-7B-Instruct-v0.3-4bit,a4b8f870474b0eb527f466a03fbc187830d271f5,shelter_maintenance-valid-1,shelter_maintenance-valid-1--policy_first,shelter_maintenance,policy_first,valid,ELIGIBLE,commit_then_review,strict,ELIGIBLE,221,30,0,1,1,1,1,1,1,0,0,0,0,1,1,0,0
Mistral-7B,mlx-community/Mistral-7B-Instruct-v0.3-4bit,a4b8f870474b0eb527f466a03fbc187830d271f5,shelter_maintenance-valid-1,shelter_maintenance-valid-1--record_first,shelter_maintenance,record_first,valid,ELIGIBLE,independent_review,strict,ELIGIBLE,135,21,0,1,1,1,1,1,1,0,0,0,0,,,,
Mistral-7B,mlx-community/Mistral-7B-Instruct-v0.3-4bit,a4b8f870474b0eb527f466a03fbc187830d271f5,shelter_maintenance-valid-1,shelter_maintenance-valid-1--record_first,shelter_maintenance,record_first,valid,ELIGIBLE,prior_rationale,strict,ELIGIBLE,214,31,0,1,1,1,1,1,1,0,0,0,0,,,,
Mistral-7B,mlx-community/Mistral-7B-Instruct-v0.3-4bit,a4b8f870474b0eb527f466a03fbc187830d271f5,shelter_maintenance-valid-1,shelter_maintenance-valid-1--record_first,shelter_maintenance,record_first,valid,ELIGIBLE,evidence_checklist,strict,ELIGIBLE,136,20,0,1,1,1,1,1,1,0,0,0,0,,,,
Mistral-7B,mlx-community/Mistral-7B-Instruct-v0.3-4bit,a4b8f870474b0eb527f466a03fbc187830d271f5,shelter_maintenance-valid-1,shelter_maintenance-valid-1--record_first,shelter_maintenance,record_first,valid,ELIGIBLE,commit_then_review,strict,ELIGIBLE,248,36,0,1,1,1,1,1,1,0,0,0,0,1,1,0,0
Mistral-7B,mlx-community/Mistral-7B-Instruct-v0.3-4bit,a4b8f870474b0eb527f466a03fbc187830d271f5,shelter_maintenance-valid-2,shelter_maintenance-valid-2--policy_first,shelter_maintenance,policy_first,valid,ELIGIBLE,independent_review,strict,ELIGIBLE,135,21,0,1,1,1,1,1,1,0,0,0,0,,,,
Mistral-7B,mlx-community/Mistral-7B-Instruct-v0.3-4bit,a4b8f870474b0eb527f466a03fbc187830d271f5,shelter_maintenance-valid-2,shelter_maintenance-valid-2--policy_first,shelter_maintenance,policy_first,valid,ELIGIBLE,prior_rationale,strict,ELIGIBLE,214,31,0,1,1,1,1,1,1,0,0,0,0,,,,
Mistral-7B,mlx-community/Mistral-7B-Instruct-v0.3-4bit,a4b8f870474b0eb527f466a03fbc187830d271f5,shelter_maintenance-valid-2,shelter_maintenance-valid-2--policy_first,shelter_maintenance,policy_first,valid,ELIGIBLE,evidence_checklist,strict,ELIGIBLE,136,20,0,1,1,1,1,1,1,0,0,0,0,,,,
Mistral-7B,mlx-community/Mistral-7B-Instruct-v0.3-4bit,a4b8f870474b0eb527f466a03fbc187830d271f5,shelter_maintenance-valid-2,shelter_maintenance-valid-2--policy_first,shelter_maintenance,policy_first,valid,ELIGIBLE,commit_then_review,strict,ELIGIBLE,221,30,0,1,1,1,1,1,1,0,0,0,0,1,1,0,0
Mistral-7B,mlx-community/Mistral-7B-Instruct-v0.3-4bit,a4b8f870474b0eb527f466a03fbc187830d271f5,shelter_maintenance-valid-2,shelter_maintenance-valid-2--record_first,shelter_maintenance,record_first,valid,ELIGIBLE,independent_review,strict,ELIGIBLE,135,21,0,1,1,1,1,1,1,0,0,0,0,,,,
Mistral-7B,mlx-community/Mistral-7B-Instruct-v0.3-4bit,a4b8f870474b0eb527f466a03fbc187830d271f5,shelter_maintenance-valid-2,shelter_maintenance-valid-2--record_first,shelter_maintenance,record_first,valid,ELIGIBLE,prior_rationale,strict,ELIGIBLE,214,31,0,1,1,1,1,1,1,0,0,0,0,,,,
Mistral-7B,mlx-community/Mistral-7B-Instruct-v0.3-4bit,a4b8f870474b0eb527f466a03fbc187830d271f5,shelter_maintenance-valid-2,shelter_maintenance-valid-2--record_first,shelter_maintenance,record_first,valid,ELIGIBLE,evidence_checklist,strict,ELIGIBLE,136,20,0,1,1,1,1,1,1,0,0,0,0,,,,
Mistral-7B,mlx-community/Mistral-7B-Instruct-v0.3-4bit,a4b8f870474b0eb527f466a03fbc187830d271f5,shelter_maintenance-valid-2,shelter_maintenance-valid-2--record_first,shelter_maintenance,record_first,valid,ELIGIBLE,commit_then_review,strict,ELIGIBLE,250,36,0,1,1,1,1,1,1,0,0,0,0,1,1,0,0
Mistral-7B,mlx-community/Mistral-7B-Instruct-v0.3-4bit,a4b8f870474b0eb527f466a03fbc187830d271f5,shelter_maintenance-valid-3,shelter_maintenance-valid-3--policy_first,shelter_maintenance,policy_first,valid,ELIGIBLE,independent_review,strict,ELIGIBLE,135,21,0,1,1,1,1,1,1,0,0,0,0,,,,
Mistral-7B,mlx-community/Mistral-7B-Instruct-v0.3-4bit,a4b8f870474b0eb527f466a03fbc187830d271f5,shelter_maintenance-valid-3,shelter_maintenance-valid-3--policy_first,shelter_maintenance,policy_first,valid,ELIGIBLE,prior_rationale,strict,ELIGIBLE,216,31,0,1,1,1,1,1,1,0,0,0,0,,,,
Mistral-7B,mlx-community/Mistral-7B-Instruct-v0.3-4bit,a4b8f870474b0eb527f466a03fbc187830d271f5,shelter_maintenance-valid-3,shelter_maintenance-valid-3--policy_first,shelter_maintenance,policy_first,valid,ELIGIBLE,evidence_checklist,strict,ELIGIBLE,136,20,0,1,1,1,1,1,1,0,0,0,0,,,,
Mistral-7B,mlx-community/Mistral-7B-Instruct-v0.3-4bit,a4b8f870474b0eb527f466a03fbc187830d271f5,shelter_maintenance-valid-3,shelter_maintenance-valid-3--policy_first,shelter_maintenance,policy_first,valid,ELIGIBLE,commit_then_review,strict,ELIGIBLE,221,30,0,1,1,1,1,1,1,0,0,0,0,1,1,0,0
Mistral-7B,mlx-community/Mistral-7B-Instruct-v0.3-4bit,a4b8f870474b0eb527f466a03fbc187830d271f5,shelter_maintenance-valid-3,shelter_maintenance-valid-3--record_first,shelter_maintenance,record_first,valid,ELIGIBLE,independent_review,strict,ELIGIBLE,135,21,0,1,1,1,1,1,1,0,0,0,0,,,,
Mistral-7B,mlx-community/Mistral-7B-Instruct-v0.3-4bit,a4b8f870474b0eb527f466a03fbc187830d271f5,shelter_maintenance-valid-3,shelter_maintenance-valid-3--record_first,shelter_maintenance,record_first,valid,ELIGIBLE,prior_rationale,strict,ELIGIBLE,214,31,0,1,1,1,1,1,1,0,0,0,0,,,,
Mistral-7B,mlx-community/Mistral-7B-Instruct-v0.3-4bit,a4b8f870474b0eb527f466a03fbc187830d271f5,shelter_maintenance-valid-3,shelter_maintenance-valid-3--record_first,shelter_maintenance,record_first,valid,ELIGIBLE,evidence_checklist,strict,ELIGIBLE,214,31,0,1,1,1,1,1,1,0,0,0,0,,,,
Mistral-7B,mlx-community/Mistral-7B-Instruct-v0.3-4bit,a4b8f870474b0eb527f466a03fbc187830d271f5,shelter_maintenance-valid-3,shelter_maintenance-valid-3--record_first,shelter_maintenance,record_first,valid,ELIGIBLE,commit_then_review,strict,ELIGIBLE,248,36,0,1,1,1,1,1,1,0,0,0,0,1,1,0,0
Mistral-7B,mlx-community/Mistral-7B-Instruct-v0.3-4bit,a4b8f870474b0eb527f466a03fbc187830d271f5,shelter_maintenance-invalid-1,shelter_maintenance-invalid-1--policy_first,shelter_maintenance,policy_first,invalid,INELIGIBLE,independent_review,strict,NEED_INFORMATION,115,18,0,0,0,1,0,1,1,0,0,0,0,,,,
Mistral-7B,mlx-community/Mistral-7B-Instruct-v0.3-4bit,a4b8f870474b0eb527f466a03fbc187830d271f5,shelter_maintenance-invalid-1,shelter_maintenance-invalid-1--policy_first,shelter_maintenance,policy_first,invalid,INELIGIBLE,prior_rationale,strict,NEED_INFORMATION,73,9,0,0,0,1,0,1,1,0,0,0,0,,,,
Mistral-7B,mlx-community/Mistral-7B-Instruct-v0.3-4bit,a4b8f870474b0eb527f466a03fbc187830d271f5,shelter_maintenance-invalid-1,shelter_maintenance-invalid-1--policy_first,shelter_maintenance,policy_first,invalid,INELIGIBLE,evidence_checklist,strict,NEED_INFORMATION,197,27,0,0,0,1,0,1,1,0,0,0,0,,,,
Mistral-7B,mlx-community/Mistral-7B-Instruct-v0.3-4bit,a4b8f870474b0eb527f466a03fbc187830d271f5,shelter_maintenance-invalid-1,shelter_maintenance-invalid-1--policy_first,shelter_maintenance,policy_first,invalid,INELIGIBLE,commit_then_review,strict,ELIGIBLE,226,31,0,0,0,1,0,1,1,0,1,0,0,1,0,0,0
Mistral-7B,mlx-community/Mistral-7B-Instruct-v0.3-4bit,a4b8f870474b0eb527f466a03fbc187830d271f5,shelter_maintenance-invalid-1,shelter_maintenance-invalid-1--record_first,shelter_maintenance,record_first,invalid,INELIGIBLE,independent_review,strict,NEED_INFORMATION,247,35,0,0,0,0,0,1,1,0,0,0,0,,,,
Mistral-7B,mlx-community/Mistral-7B-Instruct-v0.3-4bit,a4b8f870474b0eb527f466a03fbc187830d271f5,shelter_maintenance-invalid-1,shelter_maintenance-invalid-1--record_first,shelter_maintenance,record_first,invalid,INELIGIBLE,prior_rationale,strict,ELIGIBLE,244,38,0,0,0,1,0,1,1,0,1,0,0,,,,
Mistral-7B,mlx-community/Mistral-7B-Instruct-v0.3-4bit,a4b8f870474b0eb527f466a03fbc187830d271f5,shelter_maintenance-invalid-1,shelter_maintenance-invalid-1--record_first,shelter_maintenance,record_first,invalid,INELIGIBLE,evidence_checklist,strict,ELIGIBLE,166,24,0,0,0,1,0,1,1,0,1,0,0,,,,
Mistral-7B,mlx-community/Mistral-7B-Instruct-v0.3-4bit,a4b8f870474b0eb527f466a03fbc187830d271f5,shelter_maintenance-invalid-1,shelter_maintenance-invalid-1--record_first,shelter_maintenance,record_first,invalid,INELIGIBLE,commit_then_review,strict,ELIGIBLE,220,30,0,0,0,1,0,1,1,0,1,0,0,1,0,0,0
Mistral-7B,mlx-community/Mistral-7B-Instruct-v0.3-4bit,a4b8f870474b0eb527f466a03fbc187830d271f5,shelter_maintenance-invalid-2,shelter_maintenance-invalid-2--policy_first,shelter_maintenance,policy_first,invalid,INELIGIBLE,independent_review,strict,INELIGIBLE,193,32,0,1,1,1,1,1,1,0,0,0,0,,,,
Mistral-7B,mlx-community/Mistral-7B-Instruct-v0.3-4bit,a4b8f870474b0eb527f466a03fbc187830d271f5,shelter_maintenance-invalid-2,shelter_maintenance-invalid-2--policy_first,shelter_maintenance,policy_first,invalid,INELIGIBLE,prior_rationale,strict,NEED_INFORMATION,73,9,0,0,0,1,0,1,1,0,0,0,0,,,,
Mistral-7B,mlx-community/Mistral-7B-Instruct-v0.3-4bit,a4b8f870474b0eb527f466a03fbc187830d271f5,shelter_maintenance-invalid-2,shelter_maintenance-invalid-2--policy_first,shelter_maintenance,policy_first,invalid,INELIGIBLE,evidence_checklist,strict,NEED_INFORMATION,197,27,0,0,0,1,0,1,1,0,0,0,0,,,,
Mistral-7B,mlx-community/Mistral-7B-Instruct-v0.3-4bit,a4b8f870474b0eb527f466a03fbc187830d271f5,shelter_maintenance-invalid-2,shelter_maintenance-invalid-2--policy_first,shelter_maintenance,policy_first,invalid,INELIGIBLE,commit_then_review,strict,ELIGIBLE,115,16,0,0,0,1,0,1,1,0,1,0,0,1,0,0,0
Mistral-7B,mlx-community/Mistral-7B-Instruct-v0.3-4bit,a4b8f870474b0eb527f466a03fbc187830d271f5,shelter_maintenance-invalid-2,shelter_maintenance-invalid-2--record_first,shelter_maintenance,record_first,invalid,INELIGIBLE,independent_review,strict,NEED_INFORMATION,181,24,0,0,0,1,0,1,1,0,0,0,0,,,,
Mistral-7B,mlx-community/Mistral-7B-Instruct-v0.3-4bit,a4b8f870474b0eb527f466a03fbc187830d271f5,shelter_maintenance-invalid-2,shelter_maintenance-invalid-2--record_first,shelter_maintenance,record_first,invalid,INELIGIBLE,prior_rationale,strict,ELIGIBLE,250,39,0,0,0,1,0,1,1,0,1,0,0,,,,
Mistral-7B,mlx-community/Mistral-7B-Instruct-v0.3-4bit,a4b8f870474b0eb527f466a03fbc187830d271f5,shelter_maintenance-invalid-2,shelter_maintenance-invalid-2--record_first,shelter_maintenance,record_first,invalid,INELIGIBLE,evidence_checklist,strict,ELIGIBLE,171,25,0,0,0,1,0,1,1,0,1,0,0,,,,
Mistral-7B,mlx-community/Mistral-7B-Instruct-v0.3-4bit,a4b8f870474b0eb527f466a03fbc187830d271f5,shelter_maintenance-invalid-2,shelter_maintenance-invalid-2--record_first,shelter_maintenance,record_first,invalid,INELIGIBLE,commit_then_review,strict,ELIGIBLE,155,21,0,0,0,1,0,1,1,0,1,0,0,1,0,0,0
Mistral-7B,mlx-community/Mistral-7B-Instruct-v0.3-4bit,a4b8f870474b0eb527f466a03fbc187830d271f5,shelter_maintenance-invalid-3,shelter_maintenance-invalid-3--policy_first,shelter_maintenance,policy_first,invalid,INELIGIBLE,independent_review,strict,NEED_INFORMATION,73,9,0,0,0,1,0,1,1,0,0,0,0,,,,
Mistral-7B,mlx-community/Mistral-7B-Instruct-v0.3-4bit,a4b8f870474b0eb527f466a03fbc187830d271f5,shelter_maintenance-invalid-3,shelter_maintenance-invalid-3--policy_first,shelter_maintenance,policy_first,invalid,INELIGIBLE,prior_rationale,strict,NEED_INFORMATION,73,9,0,0,0,1,0,1,1,0,0,0,0,,,,
Mistral-7B,mlx-community/Mistral-7B-Instruct-v0.3-4bit,a4b8f870474b0eb527f466a03fbc187830d271f5,shelter_maintenance-invalid-3,shelter_maintenance-invalid-3--policy_first,shelter_maintenance,policy_first,invalid,INELIGIBLE,evidence_checklist,strict,NEED_INFORMATION,181,24,0,0,0,1,0,1,1,0,0,0,0,,,,
Mistral-7B,mlx-community/Mistral-7B-Instruct-v0.3-4bit,a4b8f870474b0eb527f466a03fbc187830d271f5,shelter_maintenance-invalid-3,shelter_maintenance-invalid-3--policy_first,shelter_maintenance,policy_first,invalid,INELIGIBLE,commit_then_review,strict,ELIGIBLE,209,27,0,0,0,1,0,1,1,0,1,0,0,1,0,0,0
Mistral-7B,mlx-community/Mistral-7B-Instruct-v0.3-4bit,a4b8f870474b0eb527f466a03fbc187830d271f5,shelter_maintenance-invalid-3,shelter_maintenance-invalid-3--record_first,shelter_maintenance,record_first,invalid,INELIGIBLE,independent_review,strict,NEED_INFORMATION,73,9,0,0,0,0,0,1,1,0,0,0,0,,,,
Mistral-7B,mlx-community/Mistral-7B-Instruct-v0.3-4bit,a4b8f870474b0eb527f466a03fbc187830d271f5,shelter_maintenance-invalid-3,shelter_maintenance-invalid-3--record_first,shelter_maintenance,record_first,invalid,INELIGIBLE,prior_rationale,strict,ELIGIBLE,271,41,0,0,0,1,0,1,1,0,1,0,0,,,,
Mistral-7B,mlx-community/Mistral-7B-Instruct-v0.3-4bit,a4b8f870474b0eb527f466a03fbc187830d271f5,shelter_maintenance-invalid-3,shelter_maintenance-invalid-3--record_first,shelter_maintenance,record_first,invalid,INELIGIBLE,evidence_checklist,strict,ELIGIBLE,120,17,0,0,0,1,0,1,1,0,1,0,0,,,,
Mistral-7B,mlx-community/Mistral-7B-Instruct-v0.3-4bit,a4b8f870474b0eb527f466a03fbc187830d271f5,shelter_maintenance-invalid-3,shelter_maintenance-invalid-3--record_first,shelter_maintenance,record_first,invalid,INELIGIBLE,commit_then_review,strict,ELIGIBLE,184,26,0,0,0,1,0,1,1,0,1,0,0,1,0,0,0
Mistral-7B,mlx-community/Mistral-7B-Instruct-v0.3-4bit,a4b8f870474b0eb527f466a03fbc187830d271f5,shelter_maintenance-incomplete-1,shelter_maintenance-incomplete-1--policy_first,shelter_maintenance,policy_first,incomplete,NEED_INFORMATION,independent_review,strict,NEED_INFORMATION,73,9,0,1,1,1,1,1,1,0,0,1,0,,,,
Mistral-7B,mlx-community/Mistral-7B-Instruct-v0.3-4bit,a4b8f870474b0eb527f466a03fbc187830d271f5,shelter_maintenance-incomplete-1,shelter_maintenance-incomplete-1--policy_first,shelter_maintenance,policy_first,incomplete,NEED_INFORMATION,prior_rationale,strict,NEED_INFORMATION,109,13,0,1,1,1,1,1,1,0,0,1,0,,,,
Mistral-7B,mlx-community/Mistral-7B-Instruct-v0.3-4bit,a4b8f870474b0eb527f466a03fbc187830d271f5,shelter_maintenance-incomplete-1,shelter_maintenance-incomplete-1--policy_first,shelter_maintenance,policy_first,incomplete,NEED_INFORMATION,evidence_checklist,strict,NEED_INFORMATION,84,10,0,1,1,1,1,1,1,0,0,1,0,,,,
Mistral-7B,mlx-community/Mistral-7B-Instruct-v0.3-4bit,a4b8f870474b0eb527f466a03fbc187830d271f5,shelter_maintenance-incomplete-1,shelter_maintenance-incomplete-1--policy_first,shelter_maintenance,policy_first,incomplete,NEED_INFORMATION,commit_then_review,strict,ELIGIBLE,146,20,0,0,0,1,0,1,1,0,0,0,0,1,0,1,1
Mistral-7B,mlx-community/Mistral-7B-Instruct-v0.3-4bit,a4b8f870474b0eb527f466a03fbc187830d271f5,shelter_maintenance-incomplete-1,shelter_maintenance-incomplete-1--record_first,shelter_maintenance,record_first,incomplete,NEED_INFORMATION,independent_review,strict,NEED_INFORMATION,197,26,0,1,1,1,1,1,1,0,0,1,0,,,,
Mistral-7B,mlx-community/Mistral-7B-Instruct-v0.3-4bit,a4b8f870474b0eb527f466a03fbc187830d271f5,shelter_maintenance-incomplete-1,shelter_maintenance-incomplete-1--record_first,shelter_maintenance,record_first,incomplete,NEED_INFORMATION,prior_rationale,strict,ELIGIBLE,136,20,0,0,0,1,0,1,1,0,0,0,0,,,,
Mistral-7B,mlx-community/Mistral-7B-Instruct-v0.3-4bit,a4b8f870474b0eb527f466a03fbc187830d271f5,shelter_maintenance-incomplete-1,shelter_maintenance-incomplete-1--record_first,shelter_maintenance,record_first,incomplete,NEED_INFORMATION,evidence_checklist,strict,ELIGIBLE,136,20,0,0,0,1,0,1,1,0,0,0,0,,,,
Mistral-7B,mlx-community/Mistral-7B-Instruct-v0.3-4bit,a4b8f870474b0eb527f466a03fbc187830d271f5,shelter_maintenance-incomplete-1,shelter_maintenance-incomplete-1--record_first,shelter_maintenance,record_first,incomplete,NEED_INFORMATION,commit_then_review,strict,ELIGIBLE,199,27,0,0,0,1,0,1,1,0,0,0,0,1,0,1,1
Mistral-7B,mlx-community/Mistral-7B-Instruct-v0.3-4bit,a4b8f870474b0eb527f466a03fbc187830d271f5,shelter_maintenance-incomplete-2,shelter_maintenance-incomplete-2--policy_first,shelter_maintenance,policy_first,incomplete,NEED_INFORMATION,independent_review,strict,NEED_INFORMATION,152,18,0,1,1,1,1,1,1,0,0,1,0,,,,
Mistral-7B,mlx-community/Mistral-7B-Instruct-v0.3-4bit,a4b8f870474b0eb527f466a03fbc187830d271f5,shelter_maintenance-incomplete-2,shelter_maintenance-incomplete-2--policy_first,shelter_maintenance,policy_first,incomplete,NEED_INFORMATION,prior_rationale,strict,NEED_INFORMATION,109,13,0,1,1,1,1,1,1,0,0,1,0,,,,
Mistral-7B,mlx-community/Mistral-7B-Instruct-v0.3-4bit,a4b8f870474b0eb527f466a03fbc187830d271f5,shelter_maintenance-incomplete-2,shelter_maintenance-incomplete-2--policy_first,shelter_maintenance,policy_first,incomplete,NEED_INFORMATION,evidence_checklist,strict,NEED_INFORMATION,109,13,0,1,1,1,1,1,1,0,0,1,0,,,,
Mistral-7B,mlx-community/Mistral-7B-Instruct-v0.3-4bit,a4b8f870474b0eb527f466a03fbc187830d271f5,shelter_maintenance-incomplete-2,shelter_maintenance-incomplete-2--policy_first,shelter_maintenance,policy_first,incomplete,NEED_INFORMATION,commit_then_review,strict,ELIGIBLE,299,41,0,0,0,1,0,1,1,0,0,0,0,1,0,1,1
Mistral-7B,mlx-community/Mistral-7B-Instruct-v0.3-4bit,a4b8f870474b0eb527f466a03fbc187830d271f5,shelter_maintenance-incomplete-2,shelter_maintenance-incomplete-2--record_first,shelter_maintenance,record_first,incomplete,NEED_INFORMATION,independent_review,strict,NEED_INFORMATION,197,26,0,1,1,1,1,1,1,0,0,1,0,,,,
Mistral-7B,mlx-community/Mistral-7B-Instruct-v0.3-4bit,a4b8f870474b0eb527f466a03fbc187830d271f5,shelter_maintenance-incomplete-2,shelter_maintenance-incomplete-2--record_first,shelter_maintenance,record_first,incomplete,NEED_INFORMATION,prior_rationale,strict,ELIGIBLE,138,20,0,0,0,1,0,1,1,0,0,0,0,,,,
Mistral-7B,mlx-community/Mistral-7B-Instruct-v0.3-4bit,a4b8f870474b0eb527f466a03fbc187830d271f5,shelter_maintenance-incomplete-2,shelter_maintenance-incomplete-2--record_first,shelter_maintenance,record_first,incomplete,NEED_INFORMATION,evidence_checklist,strict,ELIGIBLE,138,20,0,0,0,1,0,1,1,0,0,0,0,,,,
Mistral-7B,mlx-community/Mistral-7B-Instruct-v0.3-4bit,a4b8f870474b0eb527f466a03fbc187830d271f5,shelter_maintenance-incomplete-2,shelter_maintenance-incomplete-2--record_first,shelter_maintenance,record_first,incomplete,NEED_INFORMATION,commit_then_review,strict,ELIGIBLE,143,20,0,0,0,1,0,1,1,0,0,0,0,1,0,1,1
Mistral-7B,mlx-community/Mistral-7B-Instruct-v0.3-4bit,a4b8f870474b0eb527f466a03fbc187830d271f5,shelter_maintenance-incomplete-3,shelter_maintenance-incomplete-3--policy_first,shelter_maintenance,policy_first,incomplete,NEED_INFORMATION,independent_review,strict,NEED_INFORMATION,152,18,0,1,1,1,1,1,1,0,0,1,0,,,,
Mistral-7B,mlx-community/Mistral-7B-Instruct-v0.3-4bit,a4b8f870474b0eb527f466a03fbc187830d271f5,shelter_maintenance-incomplete-3,shelter_maintenance-incomplete-3--policy_first,shelter_maintenance,policy_first,incomplete,NEED_INFORMATION,prior_rationale,strict,NEED_INFORMATION,109,13,0,1,1,1,1,1,1,0,0,1,0,,,,
Mistral-7B,mlx-community/Mistral-7B-Instruct-v0.3-4bit,a4b8f870474b0eb527f466a03fbc187830d271f5,shelter_maintenance-incomplete-3,shelter_maintenance-incomplete-3--policy_first,shelter_maintenance,policy_first,incomplete,NEED_INFORMATION,evidence_checklist,strict,NEED_INFORMATION,109,13,0,1,1,1,1,1,1,0,0,1,0,,,,
Mistral-7B,mlx-community/Mistral-7B-Instruct-v0.3-4bit,a4b8f870474b0eb527f466a03fbc187830d271f5,shelter_maintenance-incomplete-3,shelter_maintenance-incomplete-3--policy_first,shelter_maintenance,policy_first,incomplete,NEED_INFORMATION,commit_then_review,strict,ELIGIBLE,270,36,0,0,0,1,0,1,1,0,0,0,0,1,0,1,1
Mistral-7B,mlx-community/Mistral-7B-Instruct-v0.3-4bit,a4b8f870474b0eb527f466a03fbc187830d271f5,shelter_maintenance-incomplete-3,shelter_maintenance-incomplete-3--record_first,shelter_maintenance,record_first,incomplete,NEED_INFORMATION,independent_review,strict,NEED_INFORMATION,197,26,0,1,1,1,1,1,1,0,0,1,0,,,,
Mistral-7B,mlx-community/Mistral-7B-Instruct-v0.3-4bit,a4b8f870474b0eb527f466a03fbc187830d271f5,shelter_maintenance-incomplete-3,shelter_maintenance-incomplete-3--record_first,shelter_maintenance,record_first,incomplete,NEED_INFORMATION,prior_rationale,strict,ELIGIBLE,136,20,0,0,0,1,0,1,1,0,0,0,0,,,,
Mistral-7B,mlx-community/Mistral-7B-Instruct-v0.3-4bit,a4b8f870474b0eb527f466a03fbc187830d271f5,shelter_maintenance-incomplete-3,shelter_maintenance-incomplete-3--record_first,shelter_maintenance,record_first,incomplete,NEED_INFORMATION,evidence_checklist,strict,ELIGIBLE,136,20,0,0,0,1,0,1,1,0,0,0,0,,,,
Mistral-7B,mlx-community/Mistral-7B-Instruct-v0.3-4bit,a4b8f870474b0eb527f466a03fbc187830d271f5,shelter_maintenance-incomplete-3,shelter_maintenance-incomplete-3--record_first,shelter_maintenance,record_first,incomplete,NEED_INFORMATION,commit_then_review,strict,ELIGIBLE,199,27,0,0,0,1,0,1,1,0,0,0,0,1,0,1,1
Mistral-7B,mlx-community/Mistral-7B-Instruct-v0.3-4bit,a4b8f870474b0eb527f466a03fbc187830d271f5,shelter_maintenance-conflict-1,shelter_maintenance-conflict-1--policy_first,shelter_maintenance,policy_first,conflict,HUMAN_REVIEW,independent_review,strict,ELIGIBLE,135,21,0,0,0,0,0,1,1,0,0,0,0,,,,
Mistral-7B,mlx-community/Mistral-7B-Instruct-v0.3-4bit,a4b8f870474b0eb527f466a03fbc187830d271f5,shelter_maintenance-conflict-1,shelter_maintenance-conflict-1--policy_first,shelter_maintenance,policy_first,conflict,HUMAN_REVIEW,prior_rationale,strict,ELIGIBLE,136,20,0,0,0,0,0,1,1,0,0,0,0,,,,
Mistral-7B,mlx-community/Mistral-7B-Instruct-v0.3-4bit,a4b8f870474b0eb527f466a03fbc187830d271f5,shelter_maintenance-conflict-1,shelter_maintenance-conflict-1--policy_first,shelter_maintenance,policy_first,conflict,HUMAN_REVIEW,evidence_checklist,strict,ELIGIBLE,136,20,0,0,0,0,0,1,1,0,0,0,0,,,,
Mistral-7B,mlx-community/Mistral-7B-Instruct-v0.3-4bit,a4b8f870474b0eb527f466a03fbc187830d271f5,shelter_maintenance-conflict-1,shelter_maintenance-conflict-1--policy_first,shelter_maintenance,policy_first,conflict,HUMAN_REVIEW,commit_then_review,strict,ELIGIBLE,141,19,0,0,0,0,0,1,1,0,0,0,0,1,0,0,0
Mistral-7B,mlx-community/Mistral-7B-Instruct-v0.3-4bit,a4b8f870474b0eb527f466a03fbc187830d271f5,shelter_maintenance-conflict-1,shelter_maintenance-conflict-1--record_first,shelter_maintenance,record_first,conflict,HUMAN_REVIEW,independent_review,strict,NEED_INFORMATION,149,19,1,0,0,0,0,0,0,0,0,0,0,,,,
Mistral-7B,mlx-community/Mistral-7B-Instruct-v0.3-4bit,a4b8f870474b0eb527f466a03fbc187830d271f5,shelter_maintenance-conflict-1,shelter_maintenance-conflict-1--record_first,shelter_maintenance,record_first,conflict,HUMAN_REVIEW,prior_rationale,strict,ELIGIBLE,193,28,0,0,0,0,0,1,1,0,0,0,0,,,,
Mistral-7B,mlx-community/Mistral-7B-Instruct-v0.3-4bit,a4b8f870474b0eb527f466a03fbc187830d271f5,shelter_maintenance-conflict-1,shelter_maintenance-conflict-1--record_first,shelter_maintenance,record_first,conflict,HUMAN_REVIEW,evidence_checklist,strict,ELIGIBLE,209,30,0,0,0,0,0,1,1,0,0,0,0,,,,
Mistral-7B,mlx-community/Mistral-7B-Instruct-v0.3-4bit,a4b8f870474b0eb527f466a03fbc187830d271f5,shelter_maintenance-conflict-1,shelter_maintenance-conflict-1--record_first,shelter_maintenance,record_first,conflict,HUMAN_REVIEW,commit_then_review,strict,ELIGIBLE,193,28,0,0,0,0,0,1,1,0,0,0,0,1,0,0,0
Mistral-7B,mlx-community/Mistral-7B-Instruct-v0.3-4bit,a4b8f870474b0eb527f466a03fbc187830d271f5,shelter_maintenance-conflict-2,shelter_maintenance-conflict-2--policy_first,shelter_maintenance,policy_first,conflict,HUMAN_REVIEW,independent_review,strict,ELIGIBLE,135,21,0,0,0,0,0,1,1,0,0,0,0,,,,
Mistral-7B,mlx-community/Mistral-7B-Instruct-v0.3-4bit,a4b8f870474b0eb527f466a03fbc187830d271f5,shelter_maintenance-conflict-2,shelter_maintenance-conflict-2--policy_first,shelter_maintenance,policy_first,conflict,HUMAN_REVIEW,prior_rationale,strict,ELIGIBLE,136,20,0,0,0,0,0,1,1,0,0,0,0,,,,
Mistral-7B,mlx-community/Mistral-7B-Instruct-v0.3-4bit,a4b8f870474b0eb527f466a03fbc187830d271f5,shelter_maintenance-conflict-2,shelter_maintenance-conflict-2--policy_first,shelter_maintenance,policy_first,conflict,HUMAN_REVIEW,evidence_checklist,strict,ELIGIBLE,136,20,0,0,0,0,0,1,1,0,0,0,0,,,,
Mistral-7B,mlx-community/Mistral-7B-Instruct-v0.3-4bit,a4b8f870474b0eb527f466a03fbc187830d271f5,shelter_maintenance-conflict-2,shelter_maintenance-conflict-2--policy_first,shelter_maintenance,policy_first,conflict,HUMAN_REVIEW,commit_then_review,strict,ELIGIBLE,141,19,0,0,0,0,0,1,1,0,0,0,0,1,0,0,0
Mistral-7B,mlx-community/Mistral-7B-Instruct-v0.3-4bit,a4b8f870474b0eb527f466a03fbc187830d271f5,shelter_maintenance-conflict-2,shelter_maintenance-conflict-2--record_first,shelter_maintenance,record_first,conflict,HUMAN_REVIEW,independent_review,strict,NEED_INFORMATION,245,35,1,0,0,0,0,0,0,0,0,0,0,,,,
Mistral-7B,mlx-community/Mistral-7B-Instruct-v0.3-4bit,a4b8f870474b0eb527f466a03fbc187830d271f5,shelter_maintenance-conflict-2,shelter_maintenance-conflict-2--record_first,shelter_maintenance,record_first,conflict,HUMAN_REVIEW,prior_rationale,strict,ELIGIBLE,193,28,0,0,0,0,0,1,1,0,0,0,0,,,,
Mistral-7B,mlx-community/Mistral-7B-Instruct-v0.3-4bit,a4b8f870474b0eb527f466a03fbc187830d271f5,shelter_maintenance-conflict-2,shelter_maintenance-conflict-2--record_first,shelter_maintenance,record_first,conflict,HUMAN_REVIEW,evidence_checklist,strict,ELIGIBLE,209,30,0,0,0,0,0,1,1,0,0,0,0,,,,
Mistral-7B,mlx-community/Mistral-7B-Instruct-v0.3-4bit,a4b8f870474b0eb527f466a03fbc187830d271f5,shelter_maintenance-conflict-2,shelter_maintenance-conflict-2--record_first,shelter_maintenance,record_first,conflict,HUMAN_REVIEW,commit_then_review,strict,ELIGIBLE,193,28,0,0,0,0,0,1,1,0,0,0,0,1,0,0,0
Mistral-7B,mlx-community/Mistral-7B-Instruct-v0.3-4bit,a4b8f870474b0eb527f466a03fbc187830d271f5,shelter_maintenance-conflict-3,shelter_maintenance-conflict-3--policy_first,shelter_maintenance,policy_first,conflict,HUMAN_REVIEW,independent_review,strict,ELIGIBLE,135,21,0,0,0,0,0,1,1,0,0,0,0,,,,
Mistral-7B,mlx-community/Mistral-7B-Instruct-v0.3-4bit,a4b8f870474b0eb527f466a03fbc187830d271f5,shelter_maintenance-conflict-3,shelter_maintenance-conflict-3--policy_first,shelter_maintenance,policy_first,conflict,HUMAN_REVIEW,prior_rationale,strict,ELIGIBLE,136,20,0,0,0,0,0,1,1,0,0,0,0,,,,
Mistral-7B,mlx-community/Mistral-7B-Instruct-v0.3-4bit,a4b8f870474b0eb527f466a03fbc187830d271f5,shelter_maintenance-conflict-3,shelter_maintenance-conflict-3--policy_first,shelter_maintenance,policy_first,conflict,HUMAN_REVIEW,evidence_checklist,strict,ELIGIBLE,136,20,0,0,0,0,0,1,1,0,0,0,0,,,,
Mistral-7B,mlx-community/Mistral-7B-Instruct-v0.3-4bit,a4b8f870474b0eb527f466a03fbc187830d271f5,shelter_maintenance-conflict-3,shelter_maintenance-conflict-3--policy_first,shelter_maintenance,policy_first,conflict,HUMAN_REVIEW,commit_then_review,strict,ELIGIBLE,141,19,0,0,0,0,0,1,1,0,0,0,0,1,0,0,0
Mistral-7B,mlx-community/Mistral-7B-Instruct-v0.3-4bit,a4b8f870474b0eb527f466a03fbc187830d271f5,shelter_maintenance-conflict-3,shelter_maintenance-conflict-3--record_first,shelter_maintenance,record_first,conflict,HUMAN_REVIEW,independent_review,strict,NEED_INFORMATION,245,35,1,0,0,0,0,0,0,0,0,0,0,,,,
Mistral-7B,mlx-community/Mistral-7B-Instruct-v0.3-4bit,a4b8f870474b0eb527f466a03fbc187830d271f5,shelter_maintenance-conflict-3,shelter_maintenance-conflict-3--record_first,shelter_maintenance,record_first,conflict,HUMAN_REVIEW,prior_rationale,strict,ELIGIBLE,193,28,0,0,0,0,0,1,1,0,0,0,0,,,,
Mistral-7B,mlx-community/Mistral-7B-Instruct-v0.3-4bit,a4b8f870474b0eb527f466a03fbc187830d271f5,shelter_maintenance-conflict-3,shelter_maintenance-conflict-3--record_first,shelter_maintenance,record_first,conflict,HUMAN_REVIEW,evidence_checklist,strict,ELIGIBLE,209,30,0,0,0,0,0,1,1,0,0,0,0,,,,
Mistral-7B,mlx-community/Mistral-7B-Instruct-v0.3-4bit,a4b8f870474b0eb527f466a03fbc187830d271f5,shelter_maintenance-conflict-3,shelter_maintenance-conflict-3--record_first,shelter_maintenance,record_first,conflict,HUMAN_REVIEW,commit_then_review,strict,ELIGIBLE,193,28,0,0,0,0,0,1,1,0,0,0,0,1,0,0,0
Mistral-7B,mlx-community/Mistral-7B-Instruct-v0.3-4bit,a4b8f870474b0eb527f466a03fbc187830d271f5,complaint_callback-valid-1,complaint_callback-valid-1--policy_first,complaint_callback,policy_first,valid,ELIGIBLE,independent_review,strict,NEED_INFORMATION,103,13,0,0,0,1,0,1,1,1,0,0,0,,,,
Mistral-7B,mlx-community/Mistral-7B-Instruct-v0.3-4bit,a4b8f870474b0eb527f466a03fbc187830d271f5,complaint_callback-valid-1,complaint_callback-valid-1--policy_first,complaint_callback,policy_first,valid,ELIGIBLE,prior_rationale,strict,ELIGIBLE,182,27,0,1,1,1,1,1,1,0,0,0,0,,,,
Mistral-7B,mlx-community/Mistral-7B-Instruct-v0.3-4bit,a4b8f870474b0eb527f466a03fbc187830d271f5,complaint_callback-valid-1,complaint_callback-valid-1--policy_first,complaint_callback,policy_first,valid,ELIGIBLE,evidence_checklist,strict,ELIGIBLE,177,26,0,1,1,1,1,1,1,0,0,0,0,,,,
Mistral-7B,mlx-community/Mistral-7B-Instruct-v0.3-4bit,a4b8f870474b0eb527f466a03fbc187830d271f5,complaint_callback-valid-1,complaint_callback-valid-1--policy_first,complaint_callback,policy_first,valid,ELIGIBLE,commit_then_review,strict,ELIGIBLE,114,19,0,1,1,1,1,1,1,0,0,0,0,1,1,0,0
Mistral-7B,mlx-community/Mistral-7B-Instruct-v0.3-4bit,a4b8f870474b0eb527f466a03fbc187830d271f5,complaint_callback-valid-1,complaint_callback-valid-1--record_first,complaint_callback,record_first,valid,ELIGIBLE,independent_review,strict,ELIGIBLE,134,19,0,1,1,1,1,1,1,0,0,0,0,,,,
Mistral-7B,mlx-community/Mistral-7B-Instruct-v0.3-4bit,a4b8f870474b0eb527f466a03fbc187830d271f5,complaint_callback-valid-1,complaint_callback-valid-1--record_first,complaint_callback,record_first,valid,ELIGIBLE,prior_rationale,strict,ELIGIBLE,187,26,0,1,1,1,1,1,1,0,0,0,0,,,,
Mistral-7B,mlx-community/Mistral-7B-Instruct-v0.3-4bit,a4b8f870474b0eb527f466a03fbc187830d271f5,complaint_callback-valid-1,complaint_callback-valid-1--record_first,complaint_callback,record_first,valid,ELIGIBLE,evidence_checklist,strict,ELIGIBLE,187,26,0,1,1,1,1,1,1,0,0,0,0,,,,
Mistral-7B,mlx-community/Mistral-7B-Instruct-v0.3-4bit,a4b8f870474b0eb527f466a03fbc187830d271f5,complaint_callback-valid-1,complaint_callback-valid-1--record_first,complaint_callback,record_first,valid,ELIGIBLE,commit_then_review,strict,ELIGIBLE,70,8,0,1,1,1,1,1,1,0,0,0,0,1,1,0,0
Mistral-7B,mlx-community/Mistral-7B-Instruct-v0.3-4bit,a4b8f870474b0eb527f466a03fbc187830d271f5,complaint_callback-valid-2,complaint_callback-valid-2--policy_first,complaint_callback,policy_first,valid,ELIGIBLE,independent_review,strict,NEED_INFORMATION,103,13,0,0,0,1,0,1,1,1,0,0,0,,,,
Mistral-7B,mlx-community/Mistral-7B-Instruct-v0.3-4bit,a4b8f870474b0eb527f466a03fbc187830d271f5,complaint_callback-valid-2,complaint_callback-valid-2--policy_first,complaint_callback,policy_first,valid,ELIGIBLE,prior_rationale,strict,ELIGIBLE,190,27,0,1,1,1,1,1,1,0,0,0,0,,,,
Mistral-7B,mlx-community/Mistral-7B-Instruct-v0.3-4bit,a4b8f870474b0eb527f466a03fbc187830d271f5,complaint_callback-valid-2,complaint_callback-valid-2--policy_first,complaint_callback,policy_first,valid,ELIGIBLE,evidence_checklist,strict,ELIGIBLE,177,26,0,1,1,1,1,1,1,0,0,0,0,,,,
Mistral-7B,mlx-community/Mistral-7B-Instruct-v0.3-4bit,a4b8f870474b0eb527f466a03fbc187830d271f5,complaint_callback-valid-2,complaint_callback-valid-2--policy_first,complaint_callback,policy_first,valid,ELIGIBLE,commit_then_review,strict,ELIGIBLE,150,23,0,1,1,1,1,1,1,0,0,0,0,1,1,0,0
Mistral-7B,mlx-community/Mistral-7B-Instruct-v0.3-4bit,a4b8f870474b0eb527f466a03fbc187830d271f5,complaint_callback-valid-2,complaint_callback-valid-2--record_first,complaint_callback,record_first,valid,ELIGIBLE,independent_review,strict,ELIGIBLE,134,19,0,1,1,1,1,1,1,0,0,0,0,,,,
Mistral-7B,mlx-community/Mistral-7B-Instruct-v0.3-4bit,a4b8f870474b0eb527f466a03fbc187830d271f5,complaint_callback-valid-2,complaint_callback-valid-2--record_first,complaint_callback,record_first,valid,ELIGIBLE,prior_rationale,strict,ELIGIBLE,134,19,0,1,1,1,1,1,1,0,0,0,0,,,,
Mistral-7B,mlx-community/Mistral-7B-Instruct-v0.3-4bit,a4b8f870474b0eb527f466a03fbc187830d271f5,complaint_callback-valid-2,complaint_callback-valid-2--record_first,complaint_callback,record_first,valid,ELIGIBLE,evidence_checklist,strict,ELIGIBLE,134,19,0,1,1,1,1,1,1,0,0,0,0,,,,
Mistral-7B,mlx-community/Mistral-7B-Instruct-v0.3-4bit,a4b8f870474b0eb527f466a03fbc187830d271f5,complaint_callback-valid-2,complaint_callback-valid-2--record_first,complaint_callback,record_first,valid,ELIGIBLE,commit_then_review,strict,ELIGIBLE,70,8,0,1,1,1,1,1,1,0,0,0,0,1,1,0,0
Mistral-7B,mlx-community/Mistral-7B-Instruct-v0.3-4bit,a4b8f870474b0eb527f466a03fbc187830d271f5,complaint_callback-valid-3,complaint_callback-valid-3--policy_first,complaint_callback,policy_first,valid,ELIGIBLE,independent_review,strict,NEED_INFORMATION,103,13,0,0,0,1,0,1,1,1,0,0,0,,,,
Mistral-7B,mlx-community/Mistral-7B-Instruct-v0.3-4bit,a4b8f870474b0eb527f466a03fbc187830d271f5,complaint_callback-valid-3,complaint_callback-valid-3--policy_first,complaint_callback,policy_first,valid,ELIGIBLE,prior_rationale,strict,ELIGIBLE,182,27,0,1,1,1,1,1,1,0,0,0,0,,,,
Mistral-7B,mlx-community/Mistral-7B-Instruct-v0.3-4bit,a4b8f870474b0eb527f466a03fbc187830d271f5,complaint_callback-valid-3,complaint_callback-valid-3--policy_first,complaint_callback,policy_first,valid,ELIGIBLE,evidence_checklist,strict,ELIGIBLE,177,26,0,1,1,1,1,1,1,0,0,0,0,,,,
Mistral-7B,mlx-community/Mistral-7B-Instruct-v0.3-4bit,a4b8f870474b0eb527f466a03fbc187830d271f5,complaint_callback-valid-3,complaint_callback-valid-3--policy_first,complaint_callback,policy_first,valid,ELIGIBLE,commit_then_review,strict,ELIGIBLE,150,23,0,1,1,1,1,1,1,0,0,0,0,1,1,0,0
Mistral-7B,mlx-community/Mistral-7B-Instruct-v0.3-4bit,a4b8f870474b0eb527f466a03fbc187830d271f5,complaint_callback-valid-3,complaint_callback-valid-3--record_first,complaint_callback,record_first,valid,ELIGIBLE,independent_review,strict,ELIGIBLE,134,19,0,1,1,1,1,1,1,0,0,0,0,,,,
Mistral-7B,mlx-community/Mistral-7B-Instruct-v0.3-4bit,a4b8f870474b0eb527f466a03fbc187830d271f5,complaint_callback-valid-3,complaint_callback-valid-3--record_first,complaint_callback,record_first,valid,ELIGIBLE,prior_rationale,strict,ELIGIBLE,134,19,0,1,1,1,1,1,1,0,0,0,0,,,,
Mistral-7B,mlx-community/Mistral-7B-Instruct-v0.3-4bit,a4b8f870474b0eb527f466a03fbc187830d271f5,complaint_callback-valid-3,complaint_callback-valid-3--record_first,complaint_callback,record_first,valid,ELIGIBLE,evidence_checklist,strict,ELIGIBLE,187,26,0,1,1,1,1,1,1,0,0,0,0,,,,
Mistral-7B,mlx-community/Mistral-7B-Instruct-v0.3-4bit,a4b8f870474b0eb527f466a03fbc187830d271f5,complaint_callback-valid-3,complaint_callback-valid-3--record_first,complaint_callback,record_first,valid,ELIGIBLE,commit_then_review,strict,ELIGIBLE,70,8,0,1,1,1,1,1,1,0,0,0,0,1,1,0,0
Mistral-7B,mlx-community/Mistral-7B-Instruct-v0.3-4bit,a4b8f870474b0eb527f466a03fbc187830d271f5,complaint_callback-invalid-1,complaint_callback-invalid-1--policy_first,complaint_callback,policy_first,invalid,INELIGIBLE,independent_review,strict,NEED_INFORMATION,103,13,0,0,0,1,0,1,1,0,0,0,0,,,,
Mistral-7B,mlx-community/Mistral-7B-Instruct-v0.3-4bit,a4b8f870474b0eb527f466a03fbc187830d271f5,complaint_callback-invalid-1,complaint_callback-invalid-1--policy_first,complaint_callback,policy_first,invalid,INELIGIBLE,prior_rationale,strict,NEED_INFORMATION,103,13,0,0,0,1,0,1,1,0,0,0,0,,,,
Mistral-7B,mlx-community/Mistral-7B-Instruct-v0.3-4bit,a4b8f870474b0eb527f466a03fbc187830d271f5,complaint_callback-invalid-1,complaint_callback-invalid-1--policy_first,complaint_callback,policy_first,invalid,INELIGIBLE,evidence_checklist,strict,ELIGIBLE,148,21,0,0,0,1,0,1,1,0,1,0,0,,,,
Mistral-7B,mlx-community/Mistral-7B-Instruct-v0.3-4bit,a4b8f870474b0eb527f466a03fbc187830d271f5,complaint_callback-invalid-1,complaint_callback-invalid-1--policy_first,complaint_callback,policy_first,invalid,INELIGIBLE,commit_then_review,strict,ELIGIBLE,114,17,0,0,0,1,0,1,1,0,1,0,0,1,0,0,0
Mistral-7B,mlx-community/Mistral-7B-Instruct-v0.3-4bit,a4b8f870474b0eb527f466a03fbc187830d271f5,complaint_callback-invalid-1,complaint_callback-invalid-1--record_first,complaint_callback,record_first,invalid,INELIGIBLE,independent_review,strict,NEED_INFORMATION,65,8,0,0,0,1,0,1,1,0,0,0,0,,,,
Mistral-7B,mlx-community/Mistral-7B-Instruct-v0.3-4bit,a4b8f870474b0eb527f466a03fbc187830d271f5,complaint_callback-invalid-1,complaint_callback-invalid-1--record_first,complaint_callback,record_first,invalid,INELIGIBLE,prior_rationale,strict,ELIGIBLE,154,21,0,0,0,1,0,1,1,0,1,0,0,,,,
Mistral-7B,mlx-community/Mistral-7B-Instruct-v0.3-4bit,a4b8f870474b0eb527f466a03fbc187830d271f5,complaint_callback-invalid-1,complaint_callback-invalid-1--record_first,complaint_callback,record_first,invalid,INELIGIBLE,evidence_checklist,strict,ELIGIBLE,154,21,0,0,0,1,0,1,1,0,1,0,0,,,,
Mistral-7B,mlx-community/Mistral-7B-Instruct-v0.3-4bit,a4b8f870474b0eb527f466a03fbc187830d271f5,complaint_callback-invalid-1,complaint_callback-invalid-1--record_first,complaint_callback,record_first,invalid,INELIGIBLE,commit_then_review,strict,ELIGIBLE,148,21,0,0,0,1,0,1,1,0,1,0,0,1,0,0,0
Mistral-7B,mlx-community/Mistral-7B-Instruct-v0.3-4bit,a4b8f870474b0eb527f466a03fbc187830d271f5,complaint_callback-invalid-2,complaint_callback-invalid-2--policy_first,complaint_callback,policy_first,invalid,INELIGIBLE,independent_review,strict,NEED_INFORMATION,174,23,0,0,0,1,0,1,1,0,0,0,0,,,,
Mistral-7B,mlx-community/Mistral-7B-Instruct-v0.3-4bit,a4b8f870474b0eb527f466a03fbc187830d271f5,complaint_callback-invalid-2,complaint_callback-invalid-2--policy_first,complaint_callback,policy_first,invalid,INELIGIBLE,prior_rationale,strict,NEED_INFORMATION,200,27,0,0,0,1,0,1,1,0,0,0,0,,,,
Mistral-7B,mlx-community/Mistral-7B-Instruct-v0.3-4bit,a4b8f870474b0eb527f466a03fbc187830d271f5,complaint_callback-invalid-2,complaint_callback-invalid-2--policy_first,complaint_callback,policy_first,invalid,INELIGIBLE,evidence_checklist,strict,INELIGIBLE,94,14,0,1,1,1,1,1,1,0,0,0,0,,,,
Mistral-7B,mlx-community/Mistral-7B-Instruct-v0.3-4bit,a4b8f870474b0eb527f466a03fbc187830d271f5,complaint_callback-invalid-2,complaint_callback-invalid-2--policy_first,complaint_callback,policy_first,invalid,INELIGIBLE,commit_then_review,strict,ELIGIBLE,177,24,0,0,0,1,0,1,1,0,1,0,0,1,0,0,0
Mistral-7B,mlx-community/Mistral-7B-Instruct-v0.3-4bit,a4b8f870474b0eb527f466a03fbc187830d271f5,complaint_callback-invalid-2,complaint_callback-invalid-2--record_first,complaint_callback,record_first,invalid,INELIGIBLE,independent_review,strict,NEED_INFORMATION,90,11,0,0,0,1,0,1,1,0,0,0,0,,,,
Mistral-7B,mlx-community/Mistral-7B-Instruct-v0.3-4bit,a4b8f870474b0eb527f466a03fbc187830d271f5,complaint_callback-invalid-2,complaint_callback-invalid-2--record_first,complaint_callback,record_first,invalid,INELIGIBLE,prior_rationale,strict,ELIGIBLE,132,19,0,0,0,1,0,1,1,0,1,0,0,,,,
Mistral-7B,mlx-community/Mistral-7B-Instruct-v0.3-4bit,a4b8f870474b0eb527f466a03fbc187830d271f5,complaint_callback-invalid-2,complaint_callback-invalid-2--record_first,complaint_callback,record_first,invalid,INELIGIBLE,evidence_checklist,strict,ELIGIBLE,157,21,0,0,0,1,0,1,1,0,1,0,0,,,,
Mistral-7B,mlx-community/Mistral-7B-Instruct-v0.3-4bit,a4b8f870474b0eb527f466a03fbc187830d271f5,complaint_callback-invalid-2,complaint_callback-invalid-2--record_first,complaint_callback,record_first,invalid,INELIGIBLE,commit_then_review,strict,ELIGIBLE,129,16,0,0,0,1,0,1,1,0,1,0,0,1,0,0,0
Mistral-7B,mlx-community/Mistral-7B-Instruct-v0.3-4bit,a4b8f870474b0eb527f466a03fbc187830d271f5,complaint_callback-invalid-3,complaint_callback-invalid-3--policy_first,complaint_callback,policy_first,invalid,INELIGIBLE,independent_review,strict,NEED_INFORMATION,103,13,0,0,0,1,0,1,1,0,0,0,0,,,,
Mistral-7B,mlx-community/Mistral-7B-Instruct-v0.3-4bit,a4b8f870474b0eb527f466a03fbc187830d271f5,complaint_callback-invalid-3,complaint_callback-invalid-3--policy_first,complaint_callback,policy_first,invalid,INELIGIBLE,prior_rationale,strict,NEED_INFORMATION,103,13,0,0,0,1,0,1,1,0,0,0,0,,,,
Mistral-7B,mlx-community/Mistral-7B-Instruct-v0.3-4bit,a4b8f870474b0eb527f466a03fbc187830d271f5,complaint_callback-invalid-3,complaint_callback-invalid-3--policy_first,complaint_callback,policy_first,invalid,INELIGIBLE,evidence_checklist,strict,ELIGIBLE,99,13,0,0,0,1,0,1,1,0,1,0,0,,,,
Mistral-7B,mlx-community/Mistral-7B-Instruct-v0.3-4bit,a4b8f870474b0eb527f466a03fbc187830d271f5,complaint_callback-invalid-3,complaint_callback-invalid-3--policy_first,complaint_callback,policy_first,invalid,INELIGIBLE,commit_then_review,strict,ELIGIBLE,122,17,0,0,0,1,0,1,1,0,1,0,0,1,0,0,0
Mistral-7B,mlx-community/Mistral-7B-Instruct-v0.3-4bit,a4b8f870474b0eb527f466a03fbc187830d271f5,complaint_callback-invalid-3,complaint_callback-invalid-3--record_first,complaint_callback,record_first,invalid,INELIGIBLE,independent_review,strict,NEED_INFORMATION,65,8,0,0,0,1,0,1,1,0,0,0,0,,,,
Mistral-7B,mlx-community/Mistral-7B-Instruct-v0.3-4bit,a4b8f870474b0eb527f466a03fbc187830d271f5,complaint_callback-invalid-3,complaint_callback-invalid-3--record_first,complaint_callback,record_first,invalid,INELIGIBLE,prior_rationale,strict,ELIGIBLE,101,14,0,0,0,1,0,1,1,0,1,0,0,,,,
Mistral-7B,mlx-community/Mistral-7B-Instruct-v0.3-4bit,a4b8f870474b0eb527f466a03fbc187830d271f5,complaint_callback-invalid-3,complaint_callback-invalid-3--record_first,complaint_callback,record_first,invalid,INELIGIBLE,evidence_checklist,strict,ELIGIBLE,101,14,0,0,0,1,0,1,1,0,1,0,0,,,,
Mistral-7B,mlx-community/Mistral-7B-Instruct-v0.3-4bit,a4b8f870474b0eb527f466a03fbc187830d271f5,complaint_callback-invalid-3,complaint_callback-invalid-3--record_first,complaint_callback,record_first,invalid,INELIGIBLE,commit_then_review,strict,ELIGIBLE,173,23,0,0,0,1,0,1,1,0,1,0,0,1,0,0,0
Mistral-7B,mlx-community/Mistral-7B-Instruct-v0.3-4bit,a4b8f870474b0eb527f466a03fbc187830d271f5,complaint_callback-incomplete-1,complaint_callback-incomplete-1--policy_first,complaint_callback,policy_first,incomplete,NEED_INFORMATION,independent_review,strict,NEED_INFORMATION,83,10,0,1,1,1,1,1,1,0,0,1,0,,,,
Mistral-7B,mlx-community/Mistral-7B-Instruct-v0.3-4bit,a4b8f870474b0eb527f466a03fbc187830d271f5,complaint_callback-incomplete-1,complaint_callback-incomplete-1--policy_first,complaint_callback,policy_first,incomplete,NEED_INFORMATION,prior_rationale,strict,NEED_INFORMATION,83,10,0,1,1,1,1,1,1,0,0,1,0,,,,
Mistral-7B,mlx-community/Mistral-7B-Instruct-v0.3-4bit,a4b8f870474b0eb527f466a03fbc187830d271f5,complaint_callback-incomplete-1,complaint_callback-incomplete-1--policy_first,complaint_callback,policy_first,incomplete,NEED_INFORMATION,evidence_checklist,strict,ELIGIBLE,81,10,0,0,1,1,0,1,1,0,0,0,0,,,,
Mistral-7B,mlx-community/Mistral-7B-Instruct-v0.3-4bit,a4b8f870474b0eb527f466a03fbc187830d271f5,complaint_callback-incomplete-1,complaint_callback-incomplete-1--policy_first,complaint_callback,policy_first,incomplete,NEED_INFORMATION,commit_then_review,strict,ELIGIBLE,137,22,0,0,0,1,0,1,1,0,0,0,0,1,0,1,1
Mistral-7B,mlx-community/Mistral-7B-Instruct-v0.3-4bit,a4b8f870474b0eb527f466a03fbc187830d271f5,complaint_callback-incomplete-1,complaint_callback-incomplete-1--record_first,complaint_callback,record_first,incomplete,NEED_INFORMATION,independent_review,strict,NEED_INFORMATION,83,10,0,1,1,1,1,1,1,0,0,1,0,,,,
Mistral-7B,mlx-community/Mistral-7B-Instruct-v0.3-4bit,a4b8f870474b0eb527f466a03fbc187830d271f5,complaint_callback-incomplete-1,complaint_callback-incomplete-1--record_first,complaint_callback,record_first,incomplete,NEED_INFORMATION,prior_rationale,strict,ELIGIBLE,137,20,0,0,0,1,0,1,1,0,0,0,0,,,,
Mistral-7B,mlx-community/Mistral-7B-Instruct-v0.3-4bit,a4b8f870474b0eb527f466a03fbc187830d271f5,complaint_callback-incomplete-1,complaint_callback-incomplete-1--record_first,complaint_callback,record_first,incomplete,NEED_INFORMATION,evidence_checklist,strict,ELIGIBLE,137,20,0,0,0,1,0,1,1,0,0,0,0,,,,
Mistral-7B,mlx-community/Mistral-7B-Instruct-v0.3-4bit,a4b8f870474b0eb527f466a03fbc187830d271f5,complaint_callback-incomplete-1,complaint_callback-incomplete-1--record_first,complaint_callback,record_first,incomplete,NEED_INFORMATION,commit_then_review,strict,ELIGIBLE,93,15,0,0,0,1,0,1,1,0,0,0,0,1,0,1,1
Mistral-7B,mlx-community/Mistral-7B-Instruct-v0.3-4bit,a4b8f870474b0eb527f466a03fbc187830d271f5,complaint_callback-incomplete-2,complaint_callback-incomplete-2--policy_first,complaint_callback,policy_first,incomplete,NEED_INFORMATION,independent_review,strict,NEED_INFORMATION,83,10,0,1,1,1,1,1,1,0,0,1,0,,,,
Mistral-7B,mlx-community/Mistral-7B-Instruct-v0.3-4bit,a4b8f870474b0eb527f466a03fbc187830d271f5,complaint_callback-incomplete-2,complaint_callback-incomplete-2--policy_first,complaint_callback,policy_first,incomplete,NEED_INFORMATION,prior_rationale,strict,NEED_INFORMATION,83,10,0,1,1,1,1,1,1,0,0,1,0,,,,
Mistral-7B,mlx-community/Mistral-7B-Instruct-v0.3-4bit,a4b8f870474b0eb527f466a03fbc187830d271f5,complaint_callback-incomplete-2,complaint_callback-incomplete-2--policy_first,complaint_callback,policy_first,incomplete,NEED_INFORMATION,evidence_checklist,strict,ELIGIBLE,81,10,0,0,1,1,0,1,1,0,0,0,0,,,,
Mistral-7B,mlx-community/Mistral-7B-Instruct-v0.3-4bit,a4b8f870474b0eb527f466a03fbc187830d271f5,complaint_callback-incomplete-2,complaint_callback-incomplete-2--policy_first,complaint_callback,policy_first,incomplete,NEED_INFORMATION,commit_then_review,strict,ELIGIBLE,285,44,0,0,0,1,0,1,1,0,0,0,0,1,0,1,1
Mistral-7B,mlx-community/Mistral-7B-Instruct-v0.3-4bit,a4b8f870474b0eb527f466a03fbc187830d271f5,complaint_callback-incomplete-2,complaint_callback-incomplete-2--record_first,complaint_callback,record_first,incomplete,NEED_INFORMATION,independent_review,strict,NEED_INFORMATION,83,10,0,1,1,1,1,1,1,0,0,1,0,,,,
Mistral-7B,mlx-community/Mistral-7B-Instruct-v0.3-4bit,a4b8f870474b0eb527f466a03fbc187830d271f5,complaint_callback-incomplete-2,complaint_callback-incomplete-2--record_first,complaint_callback,record_first,incomplete,NEED_INFORMATION,prior_rationale,strict,ELIGIBLE,137,20,0,0,0,1,0,1,1,0,0,0,0,,,,
Mistral-7B,mlx-community/Mistral-7B-Instruct-v0.3-4bit,a4b8f870474b0eb527f466a03fbc187830d271f5,complaint_callback-incomplete-2,complaint_callback-incomplete-2--record_first,complaint_callback,record_first,incomplete,NEED_INFORMATION,evidence_checklist,strict,ELIGIBLE,137,20,0,0,0,1,0,1,1,0,0,0,0,,,,
Mistral-7B,mlx-community/Mistral-7B-Instruct-v0.3-4bit,a4b8f870474b0eb527f466a03fbc187830d271f5,complaint_callback-incomplete-2,complaint_callback-incomplete-2--record_first,complaint_callback,record_first,incomplete,NEED_INFORMATION,commit_then_review,strict,ELIGIBLE,91,15,0,0,0,1,0,1,1,0,0,0,0,1,0,1,1
Mistral-7B,mlx-community/Mistral-7B-Instruct-v0.3-4bit,a4b8f870474b0eb527f466a03fbc187830d271f5,complaint_callback-incomplete-3,complaint_callback-incomplete-3--policy_first,complaint_callback,policy_first,incomplete,NEED_INFORMATION,independent_review,strict,NEED_INFORMATION,83,10,0,1,1,1,1,1,1,0,0,1,0,,,,
Mistral-7B,mlx-community/Mistral-7B-Instruct-v0.3-4bit,a4b8f870474b0eb527f466a03fbc187830d271f5,complaint_callback-incomplete-3,complaint_callback-incomplete-3--policy_first,complaint_callback,policy_first,incomplete,NEED_INFORMATION,prior_rationale,strict,NEED_INFORMATION,109,13,0,1,1,1,1,1,1,0,0,1,0,,,,
Mistral-7B,mlx-community/Mistral-7B-Instruct-v0.3-4bit,a4b8f870474b0eb527f466a03fbc187830d271f5,complaint_callback-incomplete-3,complaint_callback-incomplete-3--policy_first,complaint_callback,policy_first,incomplete,NEED_INFORMATION,evidence_checklist,strict,ELIGIBLE,81,10,0,0,1,1,0,1,1,0,0,0,0,,,,
Mistral-7B,mlx-community/Mistral-7B-Instruct-v0.3-4bit,a4b8f870474b0eb527f466a03fbc187830d271f5,complaint_callback-incomplete-3,complaint_callback-incomplete-3--policy_first,complaint_callback,policy_first,incomplete,NEED_INFORMATION,commit_then_review,strict,ELIGIBLE,298,46,0,0,0,1,0,1,1,0,0,0,0,1,0,1,1
Mistral-7B,mlx-community/Mistral-7B-Instruct-v0.3-4bit,a4b8f870474b0eb527f466a03fbc187830d271f5,complaint_callback-incomplete-3,complaint_callback-incomplete-3--record_first,complaint_callback,record_first,incomplete,NEED_INFORMATION,independent_review,strict,NEED_INFORMATION,83,10,0,1,1,1,1,1,1,0,0,1,0,,,,
Mistral-7B,mlx-community/Mistral-7B-Instruct-v0.3-4bit,a4b8f870474b0eb527f466a03fbc187830d271f5,complaint_callback-incomplete-3,complaint_callback-incomplete-3--record_first,complaint_callback,record_first,incomplete,NEED_INFORMATION,prior_rationale,strict,ELIGIBLE,137,20,0,0,0,1,0,1,1,0,0,0,0,,,,
Mistral-7B,mlx-community/Mistral-7B-Instruct-v0.3-4bit,a4b8f870474b0eb527f466a03fbc187830d271f5,complaint_callback-incomplete-3,complaint_callback-incomplete-3--record_first,complaint_callback,record_first,incomplete,NEED_INFORMATION,evidence_checklist,strict,ELIGIBLE,137,20,0,0,0,1,0,1,1,0,0,0,0,,,,
Mistral-7B,mlx-community/Mistral-7B-Instruct-v0.3-4bit,a4b8f870474b0eb527f466a03fbc187830d271f5,complaint_callback-incomplete-3,complaint_callback-incomplete-3--record_first,complaint_callback,record_first,incomplete,NEED_INFORMATION,commit_then_review,strict,ELIGIBLE,91,15,0,0,0,1,0,1,1,0,0,0,0,1,0,1,1
Mistral-7B,mlx-community/Mistral-7B-Instruct-v0.3-4bit,a4b8f870474b0eb527f466a03fbc187830d271f5,complaint_callback-conflict-1,complaint_callback-conflict-1--policy_first,complaint_callback,policy_first,conflict,HUMAN_REVIEW,independent_review,strict,NEED_INFORMATION,261,38,0,0,0,1,0,1,1,0,0,0,0,,,,
Mistral-7B,mlx-community/Mistral-7B-Instruct-v0.3-4bit,a4b8f870474b0eb527f466a03fbc187830d271f5,complaint_callback-conflict-1,complaint_callback-conflict-1--policy_first,complaint_callback,policy_first,conflict,HUMAN_REVIEW,prior_rationale,strict,NEED_INFORMATION,98,12,0,0,0,1,0,1,1,0,0,0,0,,,,
Mistral-7B,mlx-community/Mistral-7B-Instruct-v0.3-4bit,a4b8f870474b0eb527f466a03fbc187830d271f5,complaint_callback-conflict-1,complaint_callback-conflict-1--policy_first,complaint_callback,policy_first,conflict,HUMAN_REVIEW,evidence_checklist,strict,ELIGIBLE,156,25,0,0,0,0,0,1,1,0,0,0,0,,,,
Mistral-7B,mlx-community/Mistral-7B-Instruct-v0.3-4bit,a4b8f870474b0eb527f466a03fbc187830d271f5,complaint_callback-conflict-1,complaint_callback-conflict-1--policy_first,complaint_callback,policy_first,conflict,HUMAN_REVIEW,commit_then_review,strict,HUMAN_REVIEW,161,23,0,1,1,1,1,1,1,0,0,0,1,1,1,0,0
Mistral-7B,mlx-community/Mistral-7B-Instruct-v0.3-4bit,a4b8f870474b0eb527f466a03fbc187830d271f5,complaint_callback-conflict-1,complaint_callback-conflict-1--record_first,complaint_callback,record_first,conflict,HUMAN_REVIEW,independent_review,strict,NEED_INFORMATION,263,39,0,0,0,1,0,1,1,0,0,0,0,,,,
Mistral-7B,mlx-community/Mistral-7B-Instruct-v0.3-4bit,a4b8f870474b0eb527f466a03fbc187830d271f5,complaint_callback-conflict-1,complaint_callback-conflict-1--record_first,complaint_callback,record_first,conflict,HUMAN_REVIEW,prior_rationale,strict,ELIGIBLE,136,20,0,0,0,0,0,1,1,0,0,0,0,,,,
Mistral-7B,mlx-community/Mistral-7B-Instruct-v0.3-4bit,a4b8f870474b0eb527f466a03fbc187830d271f5,complaint_callback-conflict-1,complaint_callback-conflict-1--record_first,complaint_callback,record_first,conflict,HUMAN_REVIEW,evidence_checklist,strict,ELIGIBLE,187,26,0,0,0,0,0,1,1,0,0,0,0,,,,
Mistral-7B,mlx-community/Mistral-7B-Instruct-v0.3-4bit,a4b8f870474b0eb527f466a03fbc187830d271f5,complaint_callback-conflict-1,complaint_callback-conflict-1--record_first,complaint_callback,record_first,conflict,HUMAN_REVIEW,commit_then_review,strict,ELIGIBLE,142,21,0,0,0,0,0,1,1,0,0,0,0,1,0,0,0
Mistral-7B,mlx-community/Mistral-7B-Instruct-v0.3-4bit,a4b8f870474b0eb527f466a03fbc187830d271f5,complaint_callback-conflict-2,complaint_callback-conflict-2--policy_first,complaint_callback,policy_first,conflict,HUMAN_REVIEW,independent_review,strict,NEED_INFORMATION,261,38,0,0,0,1,0,1,1,0,0,0,0,,,,
Mistral-7B,mlx-community/Mistral-7B-Instruct-v0.3-4bit,a4b8f870474b0eb527f466a03fbc187830d271f5,complaint_callback-conflict-2,complaint_callback-conflict-2--policy_first,complaint_callback,policy_first,conflict,HUMAN_REVIEW,prior_rationale,strict,ELIGIBLE,165,27,0,0,0,0,0,1,1,0,0,0,0,,,,
Mistral-7B,mlx-community/Mistral-7B-Instruct-v0.3-4bit,a4b8f870474b0eb527f466a03fbc187830d271f5,complaint_callback-conflict-2,complaint_callback-conflict-2--policy_first,complaint_callback,policy_first,conflict,HUMAN_REVIEW,evidence_checklist,strict,ELIGIBLE,156,25,0,0,0,0,0,1,1,0,0,0,0,,,,
Mistral-7B,mlx-community/Mistral-7B-Instruct-v0.3-4bit,a4b8f870474b0eb527f466a03fbc187830d271f5,complaint_callback-conflict-2,complaint_callback-conflict-2--policy_first,complaint_callback,policy_first,conflict,HUMAN_REVIEW,commit_then_review,strict,HUMAN_REVIEW,161,23,0,1,1,1,1,1,1,0,0,0,1,1,1,0,0
Mistral-7B,mlx-community/Mistral-7B-Instruct-v0.3-4bit,a4b8f870474b0eb527f466a03fbc187830d271f5,complaint_callback-conflict-2,complaint_callback-conflict-2--record_first,complaint_callback,record_first,conflict,HUMAN_REVIEW,independent_review,strict,NEED_INFORMATION,263,39,0,0,0,1,0,1,1,0,0,0,0,,,,
Mistral-7B,mlx-community/Mistral-7B-Instruct-v0.3-4bit,a4b8f870474b0eb527f466a03fbc187830d271f5,complaint_callback-conflict-2,complaint_callback-conflict-2--record_first,complaint_callback,record_first,conflict,HUMAN_REVIEW,prior_rationale,strict,ELIGIBLE,136,20,0,0,0,0,0,1,1,0,0,0,0,,,,
Mistral-7B,mlx-community/Mistral-7B-Instruct-v0.3-4bit,a4b8f870474b0eb527f466a03fbc187830d271f5,complaint_callback-conflict-2,complaint_callback-conflict-2--record_first,complaint_callback,record_first,conflict,HUMAN_REVIEW,evidence_checklist,strict,ELIGIBLE,187,26,0,0,0,0,0,1,1,0,0,0,0,,,,
Mistral-7B,mlx-community/Mistral-7B-Instruct-v0.3-4bit,a4b8f870474b0eb527f466a03fbc187830d271f5,complaint_callback-conflict-2,complaint_callback-conflict-2--record_first,complaint_callback,record_first,conflict,HUMAN_REVIEW,commit_then_review,strict,ELIGIBLE,142,21,0,0,0,0,0,1,1,0,0,0,0,1,0,0,0
Mistral-7B,mlx-community/Mistral-7B-Instruct-v0.3-4bit,a4b8f870474b0eb527f466a03fbc187830d271f5,complaint_callback-conflict-3,complaint_callback-conflict-3--policy_first,complaint_callback,policy_first,conflict,HUMAN_REVIEW,independent_review,strict,NEED_INFORMATION,261,38,0,0,0,1,0,1,1,0,0,0,0,,,,
Mistral-7B,mlx-community/Mistral-7B-Instruct-v0.3-4bit,a4b8f870474b0eb527f466a03fbc187830d271f5,complaint_callback-conflict-3,complaint_callback-conflict-3--policy_first,complaint_callback,policy_first,conflict,HUMAN_REVIEW,prior_rationale,strict,ELIGIBLE,165,27,0,0,0,0,0,1,1,0,0,0,0,,,,
Mistral-7B,mlx-community/Mistral-7B-Instruct-v0.3-4bit,a4b8f870474b0eb527f466a03fbc187830d271f5,complaint_callback-conflict-3,complaint_callback-conflict-3--policy_first,complaint_callback,policy_first,conflict,HUMAN_REVIEW,evidence_checklist,strict,ELIGIBLE,156,25,0,0,0,0,0,1,1,0,0,0,0,,,,
Mistral-7B,mlx-community/Mistral-7B-Instruct-v0.3-4bit,a4b8f870474b0eb527f466a03fbc187830d271f5,complaint_callback-conflict-3,complaint_callback-conflict-3--policy_first,complaint_callback,policy_first,conflict,HUMAN_REVIEW,commit_then_review,strict,HUMAN_REVIEW,227,36,0,1,1,1,1,1,1,0,0,0,1,1,1,0,0
Mistral-7B,mlx-community/Mistral-7B-Instruct-v0.3-4bit,a4b8f870474b0eb527f466a03fbc187830d271f5,complaint_callback-conflict-3,complaint_callback-conflict-3--record_first,complaint_callback,record_first,conflict,HUMAN_REVIEW,independent_review,strict,NEED_INFORMATION,263,39,0,0,0,1,0,1,1,0,0,0,0,,,,
Mistral-7B,mlx-community/Mistral-7B-Instruct-v0.3-4bit,a4b8f870474b0eb527f466a03fbc187830d271f5,complaint_callback-conflict-3,complaint_callback-conflict-3--record_first,complaint_callback,record_first,conflict,HUMAN_REVIEW,prior_rationale,strict,ELIGIBLE,136,20,0,0,0,0,0,1,1,0,0,0,0,,,,
Mistral-7B,mlx-community/Mistral-7B-Instruct-v0.3-4bit,a4b8f870474b0eb527f466a03fbc187830d271f5,complaint_callback-conflict-3,complaint_callback-conflict-3--record_first,complaint_callback,record_first,conflict,HUMAN_REVIEW,evidence_checklist,strict,ELIGIBLE,187,26,0,0,0,0,0,1,1,0,0,0,0,,,,
Mistral-7B,mlx-community/Mistral-7B-Instruct-v0.3-4bit,a4b8f870474b0eb527f466a03fbc187830d271f5,complaint_callback-conflict-3,complaint_callback-conflict-3--record_first,complaint_callback,record_first,conflict,HUMAN_REVIEW,commit_then_review,strict,ELIGIBLE,142,21,0,0,0,0,0,1,1,0,0,0,0,1,0,0,0
